species,species_slug,model_id,base_model_id,form_slug,angle,appearance_source,appearance_label,original_filename,renamed_filename,relative_path
Bailite,bailite,1043300,1043300,,threequarter,normal,Normal,bailite__1043300__threequarter__normal.webp,Bailite__1043300__ThreeQuarter__Normal.webp,Images/Bailite__1043300__ThreeQuarter__Normal.webp
Bailite,bailite,1043300,1043300,,threequarter,sparkling-1,Sparkling-01,bailite__1043300__threequarter__sparkling-1.webp,Bailite__1043300__ThreeQuarter__Sparkling-01.webp,Images/Bailite__1043300__ThreeQuarter__Sparkling-01.webp
Bailite,bailite,1043300,1043300,,threequarter,sparkling-2,Sparkling-02,bailite__1043300__threequarter__sparkling-2.webp,Bailite__1043300__ThreeQuarter__Sparkling-02.webp,Images/Bailite__1043300__ThreeQuarter__Sparkling-02.webp
Bailite,bailite,1043300,1043300,,threequarter,sparkling-3,Sparkling-03,bailite__1043300__threequarter__sparkling-3.webp,Bailite__1043300__ThreeQuarter__Sparkling-03.webp,Images/Bailite__1043300__ThreeQuarter__Sparkling-03.webp
Bailite,bailite,1043300,1043300,,threequarter,sparkling-4,Sparkling-04,bailite__1043300__threequarter__sparkling-4.webp,Bailite__1043300__ThreeQuarter__Sparkling-04.webp,Images/Bailite__1043300__ThreeQuarter__Sparkling-04.webp
Bailite,bailite,1043300,1043300,,threequarter,sparkling-5,Sparkling-05,bailite__1043300__threequarter__sparkling-5.webp,Bailite__1043300__ThreeQuarter__Sparkling-05.webp,Images/Bailite__1043300__ThreeQuarter__Sparkling-05.webp
Bailite,bailite,1043300,1043300,,threequarter,sparkling-6,Sparkling-06,bailite__1043300__threequarter__sparkling-6.webp,Bailite__1043300__ThreeQuarter__Sparkling-06.webp,Images/Bailite__1043300__ThreeQuarter__Sparkling-06.webp
Bailite,bailite,1043300,1043300,,threequarter,sparkling-7,Sparkling-07,bailite__1043300__threequarter__sparkling-7.webp,Bailite__1043300__ThreeQuarter__Sparkling-07.webp,Images/Bailite__1043300__ThreeQuarter__Sparkling-07.webp
Bailite,bailite,1043300,1043300,,threequarter,sparkling-8,Sparkling-08,bailite__1043300__threequarter__sparkling-8.webp,Bailite__1043300__ThreeQuarter__Sparkling-08.webp,Images/Bailite__1043300__ThreeQuarter__Sparkling-08.webp
Bailite,bailite,1043300,1043300,,threequarter,sparkling-9,Sparkling-09,bailite__1043300__threequarter__sparkling-9.webp,Bailite__1043300__ThreeQuarter__Sparkling-09.webp,Images/Bailite__1043300__ThreeQuarter__Sparkling-09.webp
Bailite,bailite,1043300,1043300,,threequarter,sparkling-10,Sparkling-10,bailite__1043300__threequarter__sparkling-10.webp,Bailite__1043300__ThreeQuarter__Sparkling-10.webp,Images/Bailite__1043300__ThreeQuarter__Sparkling-10.webp
Bailite,bailite,1043300,1043300,,threequarter,sparkling-11,Sparkling-11,bailite__1043300__threequarter__sparkling-11.webp,Bailite__1043300__ThreeQuarter__Sparkling-11.webp,Images/Bailite__1043300__ThreeQuarter__Sparkling-11.webp
Bailite,bailite,1043300,1043300,,threequarter,sparkling-12,Sparkling-12,bailite__1043300__threequarter__sparkling-12.webp,Bailite__1043300__ThreeQuarter__Sparkling-12.webp,Images/Bailite__1043300__ThreeQuarter__Sparkling-12.webp
Bailite,bailite,1043300,1043300,,threequarter,umbral,Umbral,bailite__1043300__threequarter__umbral.webp,Bailite__1043300__ThreeQuarter__Umbral.webp,Images/Bailite__1043300__ThreeQuarter__Umbral.webp
Baleetle,baleetle,1045100,1045100,,threequarter,normal,Normal,baleetle__1045100__threequarter__normal.webp,Baleetle__1045100__ThreeQuarter__Normal.webp,Images/Baleetle__1045100__ThreeQuarter__Normal.webp
Baleetle,baleetle,1045100,1045100,,threequarter,sparkling-1,Sparkling-01,baleetle__1045100__threequarter__sparkling-1.webp,Baleetle__1045100__ThreeQuarter__Sparkling-01.webp,Images/Baleetle__1045100__ThreeQuarter__Sparkling-01.webp
Baleetle,baleetle,1045100,1045100,,threequarter,sparkling-2,Sparkling-02,baleetle__1045100__threequarter__sparkling-2.webp,Baleetle__1045100__ThreeQuarter__Sparkling-02.webp,Images/Baleetle__1045100__ThreeQuarter__Sparkling-02.webp
Baleetle,baleetle,1045100,1045100,,threequarter,sparkling-3,Sparkling-03,baleetle__1045100__threequarter__sparkling-3.webp,Baleetle__1045100__ThreeQuarter__Sparkling-03.webp,Images/Baleetle__1045100__ThreeQuarter__Sparkling-03.webp
Baleetle,baleetle,1045100,1045100,,threequarter,sparkling-4,Sparkling-04,baleetle__1045100__threequarter__sparkling-4.webp,Baleetle__1045100__ThreeQuarter__Sparkling-04.webp,Images/Baleetle__1045100__ThreeQuarter__Sparkling-04.webp
Baleetle,baleetle,1045100,1045100,,threequarter,sparkling-5,Sparkling-05,baleetle__1045100__threequarter__sparkling-5.webp,Baleetle__1045100__ThreeQuarter__Sparkling-05.webp,Images/Baleetle__1045100__ThreeQuarter__Sparkling-05.webp
Baleetle,baleetle,1045100,1045100,,threequarter,sparkling-6,Sparkling-06,baleetle__1045100__threequarter__sparkling-6.webp,Baleetle__1045100__ThreeQuarter__Sparkling-06.webp,Images/Baleetle__1045100__ThreeQuarter__Sparkling-06.webp
Baleetle,baleetle,1045100,1045100,,threequarter,sparkling-7,Sparkling-07,baleetle__1045100__threequarter__sparkling-7.webp,Baleetle__1045100__ThreeQuarter__Sparkling-07.webp,Images/Baleetle__1045100__ThreeQuarter__Sparkling-07.webp
Baleetle,baleetle,1045100,1045100,,threequarter,sparkling-8,Sparkling-08,baleetle__1045100__threequarter__sparkling-8.webp,Baleetle__1045100__ThreeQuarter__Sparkling-08.webp,Images/Baleetle__1045100__ThreeQuarter__Sparkling-08.webp
Baleetle,baleetle,1045100,1045100,,threequarter,sparkling-9,Sparkling-09,baleetle__1045100__threequarter__sparkling-9.webp,Baleetle__1045100__ThreeQuarter__Sparkling-09.webp,Images/Baleetle__1045100__ThreeQuarter__Sparkling-09.webp
Baleetle,baleetle,1045100,1045100,,threequarter,sparkling-10,Sparkling-10,baleetle__1045100__threequarter__sparkling-10.webp,Baleetle__1045100__ThreeQuarter__Sparkling-10.webp,Images/Baleetle__1045100__ThreeQuarter__Sparkling-10.webp
Baleetle,baleetle,1045100,1045100,,threequarter,sparkling-11,Sparkling-11,baleetle__1045100__threequarter__sparkling-11.webp,Baleetle__1045100__ThreeQuarter__Sparkling-11.webp,Images/Baleetle__1045100__ThreeQuarter__Sparkling-11.webp
Baleetle,baleetle,1045100,1045100,,threequarter,sparkling-12,Sparkling-12,baleetle__1045100__threequarter__sparkling-12.webp,Baleetle__1045100__ThreeQuarter__Sparkling-12.webp,Images/Baleetle__1045100__ThreeQuarter__Sparkling-12.webp
Baleetle,baleetle,1045100,1045100,,threequarter,umbral,Umbral,baleetle__1045100__threequarter__umbral.webp,Baleetle__1045100__ThreeQuarter__Umbral.webp,Images/Baleetle__1045100__ThreeQuarter__Umbral.webp
Baleetle,baleetle,1045101,1045101,,threequarter,normal,Normal,baleetle__1045101__threequarter__normal.webp,Baleetle__1045101__ThreeQuarter__Normal.webp,Images/Baleetle__1045101__ThreeQuarter__Normal.webp
Baleetle,baleetle,1045101,1045101,,threequarter,sparkling-1,Sparkling-01,baleetle__1045101__threequarter__sparkling-1.webp,Baleetle__1045101__ThreeQuarter__Sparkling-01.webp,Images/Baleetle__1045101__ThreeQuarter__Sparkling-01.webp
Baleetle,baleetle,1045101,1045101,,threequarter,sparkling-2,Sparkling-02,baleetle__1045101__threequarter__sparkling-2.webp,Baleetle__1045101__ThreeQuarter__Sparkling-02.webp,Images/Baleetle__1045101__ThreeQuarter__Sparkling-02.webp
Baleetle,baleetle,1045101,1045101,,threequarter,sparkling-3,Sparkling-03,baleetle__1045101__threequarter__sparkling-3.webp,Baleetle__1045101__ThreeQuarter__Sparkling-03.webp,Images/Baleetle__1045101__ThreeQuarter__Sparkling-03.webp
Baleetle,baleetle,1045101,1045101,,threequarter,sparkling-4,Sparkling-04,baleetle__1045101__threequarter__sparkling-4.webp,Baleetle__1045101__ThreeQuarter__Sparkling-04.webp,Images/Baleetle__1045101__ThreeQuarter__Sparkling-04.webp
Baleetle,baleetle,1045101,1045101,,threequarter,sparkling-5,Sparkling-05,baleetle__1045101__threequarter__sparkling-5.webp,Baleetle__1045101__ThreeQuarter__Sparkling-05.webp,Images/Baleetle__1045101__ThreeQuarter__Sparkling-05.webp
Baleetle,baleetle,1045101,1045101,,threequarter,sparkling-6,Sparkling-06,baleetle__1045101__threequarter__sparkling-6.webp,Baleetle__1045101__ThreeQuarter__Sparkling-06.webp,Images/Baleetle__1045101__ThreeQuarter__Sparkling-06.webp
Baleetle,baleetle,1045101,1045101,,threequarter,sparkling-7,Sparkling-07,baleetle__1045101__threequarter__sparkling-7.webp,Baleetle__1045101__ThreeQuarter__Sparkling-07.webp,Images/Baleetle__1045101__ThreeQuarter__Sparkling-07.webp
Baleetle,baleetle,1045101,1045101,,threequarter,sparkling-8,Sparkling-08,baleetle__1045101__threequarter__sparkling-8.webp,Baleetle__1045101__ThreeQuarter__Sparkling-08.webp,Images/Baleetle__1045101__ThreeQuarter__Sparkling-08.webp
Baleetle,baleetle,1045101,1045101,,threequarter,sparkling-9,Sparkling-09,baleetle__1045101__threequarter__sparkling-9.webp,Baleetle__1045101__ThreeQuarter__Sparkling-09.webp,Images/Baleetle__1045101__ThreeQuarter__Sparkling-09.webp
Baleetle,baleetle,1045101,1045101,,threequarter,sparkling-10,Sparkling-10,baleetle__1045101__threequarter__sparkling-10.webp,Baleetle__1045101__ThreeQuarter__Sparkling-10.webp,Images/Baleetle__1045101__ThreeQuarter__Sparkling-10.webp
Baleetle,baleetle,1045101,1045101,,threequarter,sparkling-11,Sparkling-11,baleetle__1045101__threequarter__sparkling-11.webp,Baleetle__1045101__ThreeQuarter__Sparkling-11.webp,Images/Baleetle__1045101__ThreeQuarter__Sparkling-11.webp
Baleetle,baleetle,1045101,1045101,,threequarter,sparkling-12,Sparkling-12,baleetle__1045101__threequarter__sparkling-12.webp,Baleetle__1045101__ThreeQuarter__Sparkling-12.webp,Images/Baleetle__1045101__ThreeQuarter__Sparkling-12.webp
Baleetle,baleetle,1045101,1045101,,threequarter,umbral,Umbral,baleetle__1045101__threequarter__umbral.webp,Baleetle__1045101__ThreeQuarter__Umbral.webp,Images/Baleetle__1045101__ThreeQuarter__Umbral.webp
Besauce,besauce,1012200,1012200,,threequarter,normal,Normal,besauce__1012200__threequarter__normal.webp,Besauce__1012200__ThreeQuarter__Normal.webp,Images/Besauce__1012200__ThreeQuarter__Normal.webp
Besauce,besauce,1012200,1012200,,threequarter,sparkling-1,Sparkling-01,besauce__1012200__threequarter__sparkling-1.webp,Besauce__1012200__ThreeQuarter__Sparkling-01.webp,Images/Besauce__1012200__ThreeQuarter__Sparkling-01.webp
Besauce,besauce,1012200,1012200,,threequarter,sparkling-2,Sparkling-02,besauce__1012200__threequarter__sparkling-2.webp,Besauce__1012200__ThreeQuarter__Sparkling-02.webp,Images/Besauce__1012200__ThreeQuarter__Sparkling-02.webp
Besauce,besauce,1012200,1012200,,threequarter,sparkling-3,Sparkling-03,besauce__1012200__threequarter__sparkling-3.webp,Besauce__1012200__ThreeQuarter__Sparkling-03.webp,Images/Besauce__1012200__ThreeQuarter__Sparkling-03.webp
Besauce,besauce,1012200,1012200,,threequarter,sparkling-4,Sparkling-04,besauce__1012200__threequarter__sparkling-4.webp,Besauce__1012200__ThreeQuarter__Sparkling-04.webp,Images/Besauce__1012200__ThreeQuarter__Sparkling-04.webp
Besauce,besauce,1012200,1012200,,threequarter,sparkling-5,Sparkling-05,besauce__1012200__threequarter__sparkling-5.webp,Besauce__1012200__ThreeQuarter__Sparkling-05.webp,Images/Besauce__1012200__ThreeQuarter__Sparkling-05.webp
Besauce,besauce,1012200,1012200,,threequarter,sparkling-6,Sparkling-06,besauce__1012200__threequarter__sparkling-6.webp,Besauce__1012200__ThreeQuarter__Sparkling-06.webp,Images/Besauce__1012200__ThreeQuarter__Sparkling-06.webp
Besauce,besauce,1012200,1012200,,threequarter,sparkling-7,Sparkling-07,besauce__1012200__threequarter__sparkling-7.webp,Besauce__1012200__ThreeQuarter__Sparkling-07.webp,Images/Besauce__1012200__ThreeQuarter__Sparkling-07.webp
Besauce,besauce,1012200,1012200,,threequarter,sparkling-8,Sparkling-08,besauce__1012200__threequarter__sparkling-8.webp,Besauce__1012200__ThreeQuarter__Sparkling-08.webp,Images/Besauce__1012200__ThreeQuarter__Sparkling-08.webp
Besauce,besauce,1012200,1012200,,threequarter,sparkling-9,Sparkling-09,besauce__1012200__threequarter__sparkling-9.webp,Besauce__1012200__ThreeQuarter__Sparkling-09.webp,Images/Besauce__1012200__ThreeQuarter__Sparkling-09.webp
Besauce,besauce,1012200,1012200,,threequarter,sparkling-10,Sparkling-10,besauce__1012200__threequarter__sparkling-10.webp,Besauce__1012200__ThreeQuarter__Sparkling-10.webp,Images/Besauce__1012200__ThreeQuarter__Sparkling-10.webp
Besauce,besauce,1012200,1012200,,threequarter,sparkling-11,Sparkling-11,besauce__1012200__threequarter__sparkling-11.webp,Besauce__1012200__ThreeQuarter__Sparkling-11.webp,Images/Besauce__1012200__ThreeQuarter__Sparkling-11.webp
Besauce,besauce,1012200,1012200,,threequarter,sparkling-12,Sparkling-12,besauce__1012200__threequarter__sparkling-12.webp,Besauce__1012200__ThreeQuarter__Sparkling-12.webp,Images/Besauce__1012200__ThreeQuarter__Sparkling-12.webp
Blazen,blazen,1022200,1022200,,threequarter,normal,Normal,blazen__1022200__threequarter__normal.webp,Blazen__1022200__ThreeQuarter__Normal.webp,Images/Blazen__1022200__ThreeQuarter__Normal.webp
Blazen,blazen,1022200,1022200,,threequarter,sparkling-1,Sparkling-01,blazen__1022200__threequarter__sparkling-1.webp,Blazen__1022200__ThreeQuarter__Sparkling-01.webp,Images/Blazen__1022200__ThreeQuarter__Sparkling-01.webp
Blazen,blazen,1022200,1022200,,threequarter,sparkling-2,Sparkling-02,blazen__1022200__threequarter__sparkling-2.webp,Blazen__1022200__ThreeQuarter__Sparkling-02.webp,Images/Blazen__1022200__ThreeQuarter__Sparkling-02.webp
Blazen,blazen,1022200,1022200,,threequarter,sparkling-3,Sparkling-03,blazen__1022200__threequarter__sparkling-3.webp,Blazen__1022200__ThreeQuarter__Sparkling-03.webp,Images/Blazen__1022200__ThreeQuarter__Sparkling-03.webp
Blazen,blazen,1022200,1022200,,threequarter,sparkling-4,Sparkling-04,blazen__1022200__threequarter__sparkling-4.webp,Blazen__1022200__ThreeQuarter__Sparkling-04.webp,Images/Blazen__1022200__ThreeQuarter__Sparkling-04.webp
Blazen,blazen,1022200,1022200,,threequarter,sparkling-5,Sparkling-05,blazen__1022200__threequarter__sparkling-5.webp,Blazen__1022200__ThreeQuarter__Sparkling-05.webp,Images/Blazen__1022200__ThreeQuarter__Sparkling-05.webp
Blazen,blazen,1022200,1022200,,threequarter,sparkling-6,Sparkling-06,blazen__1022200__threequarter__sparkling-6.webp,Blazen__1022200__ThreeQuarter__Sparkling-06.webp,Images/Blazen__1022200__ThreeQuarter__Sparkling-06.webp
Blazen,blazen,1022200,1022200,,threequarter,sparkling-7,Sparkling-07,blazen__1022200__threequarter__sparkling-7.webp,Blazen__1022200__ThreeQuarter__Sparkling-07.webp,Images/Blazen__1022200__ThreeQuarter__Sparkling-07.webp
Blazen,blazen,1022200,1022200,,threequarter,sparkling-8,Sparkling-08,blazen__1022200__threequarter__sparkling-8.webp,Blazen__1022200__ThreeQuarter__Sparkling-08.webp,Images/Blazen__1022200__ThreeQuarter__Sparkling-08.webp
Blazen,blazen,1022200,1022200,,threequarter,sparkling-9,Sparkling-09,blazen__1022200__threequarter__sparkling-9.webp,Blazen__1022200__ThreeQuarter__Sparkling-09.webp,Images/Blazen__1022200__ThreeQuarter__Sparkling-09.webp
Blazen,blazen,1022200,1022200,,threequarter,sparkling-10,Sparkling-10,blazen__1022200__threequarter__sparkling-10.webp,Blazen__1022200__ThreeQuarter__Sparkling-10.webp,Images/Blazen__1022200__ThreeQuarter__Sparkling-10.webp
Blazen,blazen,1022200,1022200,,threequarter,sparkling-11,Sparkling-11,blazen__1022200__threequarter__sparkling-11.webp,Blazen__1022200__ThreeQuarter__Sparkling-11.webp,Images/Blazen__1022200__ThreeQuarter__Sparkling-11.webp
Blazen,blazen,1022200,1022200,,threequarter,sparkling-12,Sparkling-12,blazen__1022200__threequarter__sparkling-12.webp,Blazen__1022200__ThreeQuarter__Sparkling-12.webp,Images/Blazen__1022200__ThreeQuarter__Sparkling-12.webp
Blazen,blazen,1022200,1022200,,threequarter,umbral,Umbral,blazen__1022200__threequarter__umbral.webp,Blazen__1022200__ThreeQuarter__Umbral.webp,Images/Blazen__1022200__ThreeQuarter__Umbral.webp
Blazen,blazen,1022201,1022201,,threequarter,normal,Normal,blazen__1022201__threequarter__normal.webp,Blazen__1022201__ThreeQuarter__Normal.webp,Images/Blazen__1022201__ThreeQuarter__Normal.webp
Blazen,blazen,1022201,1022201,,threequarter,sparkling-1,Sparkling-01,blazen__1022201__threequarter__sparkling-1.webp,Blazen__1022201__ThreeQuarter__Sparkling-01.webp,Images/Blazen__1022201__ThreeQuarter__Sparkling-01.webp
Blazen,blazen,1022201,1022201,,threequarter,sparkling-2,Sparkling-02,blazen__1022201__threequarter__sparkling-2.webp,Blazen__1022201__ThreeQuarter__Sparkling-02.webp,Images/Blazen__1022201__ThreeQuarter__Sparkling-02.webp
Blazen,blazen,1022201,1022201,,threequarter,sparkling-3,Sparkling-03,blazen__1022201__threequarter__sparkling-3.webp,Blazen__1022201__ThreeQuarter__Sparkling-03.webp,Images/Blazen__1022201__ThreeQuarter__Sparkling-03.webp
Blazen,blazen,1022201,1022201,,threequarter,sparkling-4,Sparkling-04,blazen__1022201__threequarter__sparkling-4.webp,Blazen__1022201__ThreeQuarter__Sparkling-04.webp,Images/Blazen__1022201__ThreeQuarter__Sparkling-04.webp
Blazen,blazen,1022201,1022201,,threequarter,sparkling-5,Sparkling-05,blazen__1022201__threequarter__sparkling-5.webp,Blazen__1022201__ThreeQuarter__Sparkling-05.webp,Images/Blazen__1022201__ThreeQuarter__Sparkling-05.webp
Blazen,blazen,1022201,1022201,,threequarter,sparkling-6,Sparkling-06,blazen__1022201__threequarter__sparkling-6.webp,Blazen__1022201__ThreeQuarter__Sparkling-06.webp,Images/Blazen__1022201__ThreeQuarter__Sparkling-06.webp
Blazen,blazen,1022201,1022201,,threequarter,sparkling-7,Sparkling-07,blazen__1022201__threequarter__sparkling-7.webp,Blazen__1022201__ThreeQuarter__Sparkling-07.webp,Images/Blazen__1022201__ThreeQuarter__Sparkling-07.webp
Blazen,blazen,1022201,1022201,,threequarter,sparkling-8,Sparkling-08,blazen__1022201__threequarter__sparkling-8.webp,Blazen__1022201__ThreeQuarter__Sparkling-08.webp,Images/Blazen__1022201__ThreeQuarter__Sparkling-08.webp
Blazen,blazen,1022201,1022201,,threequarter,sparkling-9,Sparkling-09,blazen__1022201__threequarter__sparkling-9.webp,Blazen__1022201__ThreeQuarter__Sparkling-09.webp,Images/Blazen__1022201__ThreeQuarter__Sparkling-09.webp
Blazen,blazen,1022201,1022201,,threequarter,sparkling-10,Sparkling-10,blazen__1022201__threequarter__sparkling-10.webp,Blazen__1022201__ThreeQuarter__Sparkling-10.webp,Images/Blazen__1022201__ThreeQuarter__Sparkling-10.webp
Blazen,blazen,1022201,1022201,,threequarter,sparkling-11,Sparkling-11,blazen__1022201__threequarter__sparkling-11.webp,Blazen__1022201__ThreeQuarter__Sparkling-11.webp,Images/Blazen__1022201__ThreeQuarter__Sparkling-11.webp
Blazen,blazen,1022201,1022201,,threequarter,sparkling-12,Sparkling-12,blazen__1022201__threequarter__sparkling-12.webp,Blazen__1022201__ThreeQuarter__Sparkling-12.webp,Images/Blazen__1022201__ThreeQuarter__Sparkling-12.webp
Blazen,blazen,1022202,1022202,,threequarter,normal,Normal,blazen__1022202__threequarter__normal.webp,Blazen__1022202__ThreeQuarter__Normal.webp,Images/Blazen__1022202__ThreeQuarter__Normal.webp
Blazen,blazen,1022202,1022202,,threequarter,sparkling-1,Sparkling-01,blazen__1022202__threequarter__sparkling-1.webp,Blazen__1022202__ThreeQuarter__Sparkling-01.webp,Images/Blazen__1022202__ThreeQuarter__Sparkling-01.webp
Blazen,blazen,1022202,1022202,,threequarter,sparkling-2,Sparkling-02,blazen__1022202__threequarter__sparkling-2.webp,Blazen__1022202__ThreeQuarter__Sparkling-02.webp,Images/Blazen__1022202__ThreeQuarter__Sparkling-02.webp
Blazen,blazen,1022202,1022202,,threequarter,sparkling-3,Sparkling-03,blazen__1022202__threequarter__sparkling-3.webp,Blazen__1022202__ThreeQuarter__Sparkling-03.webp,Images/Blazen__1022202__ThreeQuarter__Sparkling-03.webp
Blazen,blazen,1022202,1022202,,threequarter,sparkling-4,Sparkling-04,blazen__1022202__threequarter__sparkling-4.webp,Blazen__1022202__ThreeQuarter__Sparkling-04.webp,Images/Blazen__1022202__ThreeQuarter__Sparkling-04.webp
Blazen,blazen,1022202,1022202,,threequarter,sparkling-5,Sparkling-05,blazen__1022202__threequarter__sparkling-5.webp,Blazen__1022202__ThreeQuarter__Sparkling-05.webp,Images/Blazen__1022202__ThreeQuarter__Sparkling-05.webp
Blazen,blazen,1022202,1022202,,threequarter,sparkling-6,Sparkling-06,blazen__1022202__threequarter__sparkling-6.webp,Blazen__1022202__ThreeQuarter__Sparkling-06.webp,Images/Blazen__1022202__ThreeQuarter__Sparkling-06.webp
Blazen,blazen,1022202,1022202,,threequarter,sparkling-7,Sparkling-07,blazen__1022202__threequarter__sparkling-7.webp,Blazen__1022202__ThreeQuarter__Sparkling-07.webp,Images/Blazen__1022202__ThreeQuarter__Sparkling-07.webp
Blazen,blazen,1022202,1022202,,threequarter,sparkling-8,Sparkling-08,blazen__1022202__threequarter__sparkling-8.webp,Blazen__1022202__ThreeQuarter__Sparkling-08.webp,Images/Blazen__1022202__ThreeQuarter__Sparkling-08.webp
Blazen,blazen,1022202,1022202,,threequarter,sparkling-9,Sparkling-09,blazen__1022202__threequarter__sparkling-9.webp,Blazen__1022202__ThreeQuarter__Sparkling-09.webp,Images/Blazen__1022202__ThreeQuarter__Sparkling-09.webp
Blazen,blazen,1022202,1022202,,threequarter,sparkling-10,Sparkling-10,blazen__1022202__threequarter__sparkling-10.webp,Blazen__1022202__ThreeQuarter__Sparkling-10.webp,Images/Blazen__1022202__ThreeQuarter__Sparkling-10.webp
Blazen,blazen,1022202,1022202,,threequarter,sparkling-11,Sparkling-11,blazen__1022202__threequarter__sparkling-11.webp,Blazen__1022202__ThreeQuarter__Sparkling-11.webp,Images/Blazen__1022202__ThreeQuarter__Sparkling-11.webp
Blazen,blazen,1022202,1022202,,threequarter,sparkling-12,Sparkling-12,blazen__1022202__threequarter__sparkling-12.webp,Blazen__1022202__ThreeQuarter__Sparkling-12.webp,Images/Blazen__1022202__ThreeQuarter__Sparkling-12.webp
Blazen,blazen,1022202,1022202,,threequarter,umbral,Umbral,blazen__1022202__threequarter__umbral.webp,Blazen__1022202__ThreeQuarter__Umbral.webp,Images/Blazen__1022202__ThreeQuarter__Umbral.webp
Bolty,bolty,1022100,1022100,,threequarter,normal,Normal,bolty__1022100__threequarter__normal.webp,Bolty__1022100__ThreeQuarter__Normal.webp,Images/Bolty__1022100__ThreeQuarter__Normal.webp
Bolty,bolty,1022100,1022100,,threequarter,sparkling-1,Sparkling-01,bolty__1022100__threequarter__sparkling-1.webp,Bolty__1022100__ThreeQuarter__Sparkling-01.webp,Images/Bolty__1022100__ThreeQuarter__Sparkling-01.webp
Bolty,bolty,1022100,1022100,,threequarter,sparkling-2,Sparkling-02,bolty__1022100__threequarter__sparkling-2.webp,Bolty__1022100__ThreeQuarter__Sparkling-02.webp,Images/Bolty__1022100__ThreeQuarter__Sparkling-02.webp
Bolty,bolty,1022100,1022100,,threequarter,sparkling-3,Sparkling-03,bolty__1022100__threequarter__sparkling-3.webp,Bolty__1022100__ThreeQuarter__Sparkling-03.webp,Images/Bolty__1022100__ThreeQuarter__Sparkling-03.webp
Bolty,bolty,1022100,1022100,,threequarter,sparkling-4,Sparkling-04,bolty__1022100__threequarter__sparkling-4.webp,Bolty__1022100__ThreeQuarter__Sparkling-04.webp,Images/Bolty__1022100__ThreeQuarter__Sparkling-04.webp
Bolty,bolty,1022100,1022100,,threequarter,sparkling-5,Sparkling-05,bolty__1022100__threequarter__sparkling-5.webp,Bolty__1022100__ThreeQuarter__Sparkling-05.webp,Images/Bolty__1022100__ThreeQuarter__Sparkling-05.webp
Bolty,bolty,1022100,1022100,,threequarter,sparkling-6,Sparkling-06,bolty__1022100__threequarter__sparkling-6.webp,Bolty__1022100__ThreeQuarter__Sparkling-06.webp,Images/Bolty__1022100__ThreeQuarter__Sparkling-06.webp
Bolty,bolty,1022100,1022100,,threequarter,sparkling-7,Sparkling-07,bolty__1022100__threequarter__sparkling-7.webp,Bolty__1022100__ThreeQuarter__Sparkling-07.webp,Images/Bolty__1022100__ThreeQuarter__Sparkling-07.webp
Bolty,bolty,1022100,1022100,,threequarter,sparkling-8,Sparkling-08,bolty__1022100__threequarter__sparkling-8.webp,Bolty__1022100__ThreeQuarter__Sparkling-08.webp,Images/Bolty__1022100__ThreeQuarter__Sparkling-08.webp
Bolty,bolty,1022100,1022100,,threequarter,sparkling-9,Sparkling-09,bolty__1022100__threequarter__sparkling-9.webp,Bolty__1022100__ThreeQuarter__Sparkling-09.webp,Images/Bolty__1022100__ThreeQuarter__Sparkling-09.webp
Bolty,bolty,1022100,1022100,,threequarter,sparkling-10,Sparkling-10,bolty__1022100__threequarter__sparkling-10.webp,Bolty__1022100__ThreeQuarter__Sparkling-10.webp,Images/Bolty__1022100__ThreeQuarter__Sparkling-10.webp
Bolty,bolty,1022100,1022100,,threequarter,sparkling-11,Sparkling-11,bolty__1022100__threequarter__sparkling-11.webp,Bolty__1022100__ThreeQuarter__Sparkling-11.webp,Images/Bolty__1022100__ThreeQuarter__Sparkling-11.webp
Bolty,bolty,1022100,1022100,,threequarter,sparkling-12,Sparkling-12,bolty__1022100__threequarter__sparkling-12.webp,Bolty__1022100__ThreeQuarter__Sparkling-12.webp,Images/Bolty__1022100__ThreeQuarter__Sparkling-12.webp
Bolty,bolty,1022100,1022100,,threequarter,umbral,Umbral,bolty__1022100__threequarter__umbral.webp,Bolty__1022100__ThreeQuarter__Umbral.webp,Images/Bolty__1022100__ThreeQuarter__Umbral.webp
Bolty,bolty,1022102,1022102,,threequarter,normal,Normal,bolty__1022102__threequarter__normal.webp,Bolty__1022102__ThreeQuarter__Normal.webp,Images/Bolty__1022102__ThreeQuarter__Normal.webp
Bolty,bolty,1022102,1022102,,threequarter,sparkling-1,Sparkling-01,bolty__1022102__threequarter__sparkling-1.webp,Bolty__1022102__ThreeQuarter__Sparkling-01.webp,Images/Bolty__1022102__ThreeQuarter__Sparkling-01.webp
Bolty,bolty,1022102,1022102,,threequarter,sparkling-2,Sparkling-02,bolty__1022102__threequarter__sparkling-2.webp,Bolty__1022102__ThreeQuarter__Sparkling-02.webp,Images/Bolty__1022102__ThreeQuarter__Sparkling-02.webp
Bolty,bolty,1022102,1022102,,threequarter,sparkling-3,Sparkling-03,bolty__1022102__threequarter__sparkling-3.webp,Bolty__1022102__ThreeQuarter__Sparkling-03.webp,Images/Bolty__1022102__ThreeQuarter__Sparkling-03.webp
Bolty,bolty,1022102,1022102,,threequarter,sparkling-4,Sparkling-04,bolty__1022102__threequarter__sparkling-4.webp,Bolty__1022102__ThreeQuarter__Sparkling-04.webp,Images/Bolty__1022102__ThreeQuarter__Sparkling-04.webp
Bolty,bolty,1022102,1022102,,threequarter,sparkling-5,Sparkling-05,bolty__1022102__threequarter__sparkling-5.webp,Bolty__1022102__ThreeQuarter__Sparkling-05.webp,Images/Bolty__1022102__ThreeQuarter__Sparkling-05.webp
Bolty,bolty,1022102,1022102,,threequarter,sparkling-6,Sparkling-06,bolty__1022102__threequarter__sparkling-6.webp,Bolty__1022102__ThreeQuarter__Sparkling-06.webp,Images/Bolty__1022102__ThreeQuarter__Sparkling-06.webp
Bolty,bolty,1022102,1022102,,threequarter,sparkling-7,Sparkling-07,bolty__1022102__threequarter__sparkling-7.webp,Bolty__1022102__ThreeQuarter__Sparkling-07.webp,Images/Bolty__1022102__ThreeQuarter__Sparkling-07.webp
Bolty,bolty,1022102,1022102,,threequarter,sparkling-8,Sparkling-08,bolty__1022102__threequarter__sparkling-8.webp,Bolty__1022102__ThreeQuarter__Sparkling-08.webp,Images/Bolty__1022102__ThreeQuarter__Sparkling-08.webp
Bolty,bolty,1022102,1022102,,threequarter,sparkling-9,Sparkling-09,bolty__1022102__threequarter__sparkling-9.webp,Bolty__1022102__ThreeQuarter__Sparkling-09.webp,Images/Bolty__1022102__ThreeQuarter__Sparkling-09.webp
Bolty,bolty,1022102,1022102,,threequarter,sparkling-10,Sparkling-10,bolty__1022102__threequarter__sparkling-10.webp,Bolty__1022102__ThreeQuarter__Sparkling-10.webp,Images/Bolty__1022102__ThreeQuarter__Sparkling-10.webp
Bolty,bolty,1022102,1022102,,threequarter,sparkling-11,Sparkling-11,bolty__1022102__threequarter__sparkling-11.webp,Bolty__1022102__ThreeQuarter__Sparkling-11.webp,Images/Bolty__1022102__ThreeQuarter__Sparkling-11.webp
Bolty,bolty,1022102,1022102,,threequarter,sparkling-12,Sparkling-12,bolty__1022102__threequarter__sparkling-12.webp,Bolty__1022102__ThreeQuarter__Sparkling-12.webp,Images/Bolty__1022102__ThreeQuarter__Sparkling-12.webp
Bolty,bolty,1022102,1022102,,threequarter,umbral,Umbral,bolty__1022102__threequarter__umbral.webp,Bolty__1022102__ThreeQuarter__Umbral.webp,Images/Bolty__1022102__ThreeQuarter__Umbral.webp
Bonesky,bonesky,1013100,1013100,,threequarter,normal,Normal,bonesky__1013100__threequarter__normal.webp,Bonesky__1013100__ThreeQuarter__Normal.webp,Images/Bonesky__1013100__ThreeQuarter__Normal.webp
Bonesky,bonesky,1013100,1013100,,threequarter,sparkling-1,Sparkling-01,bonesky__1013100__threequarter__sparkling-1.webp,Bonesky__1013100__ThreeQuarter__Sparkling-01.webp,Images/Bonesky__1013100__ThreeQuarter__Sparkling-01.webp
Bonesky,bonesky,1013100,1013100,,threequarter,sparkling-2,Sparkling-02,bonesky__1013100__threequarter__sparkling-2.webp,Bonesky__1013100__ThreeQuarter__Sparkling-02.webp,Images/Bonesky__1013100__ThreeQuarter__Sparkling-02.webp
Bonesky,bonesky,1013100,1013100,,threequarter,sparkling-3,Sparkling-03,bonesky__1013100__threequarter__sparkling-3.webp,Bonesky__1013100__ThreeQuarter__Sparkling-03.webp,Images/Bonesky__1013100__ThreeQuarter__Sparkling-03.webp
Bonesky,bonesky,1013100,1013100,,threequarter,sparkling-4,Sparkling-04,bonesky__1013100__threequarter__sparkling-4.webp,Bonesky__1013100__ThreeQuarter__Sparkling-04.webp,Images/Bonesky__1013100__ThreeQuarter__Sparkling-04.webp
Bonesky,bonesky,1013100,1013100,,threequarter,sparkling-5,Sparkling-05,bonesky__1013100__threequarter__sparkling-5.webp,Bonesky__1013100__ThreeQuarter__Sparkling-05.webp,Images/Bonesky__1013100__ThreeQuarter__Sparkling-05.webp
Bonesky,bonesky,1013100,1013100,,threequarter,sparkling-6,Sparkling-06,bonesky__1013100__threequarter__sparkling-6.webp,Bonesky__1013100__ThreeQuarter__Sparkling-06.webp,Images/Bonesky__1013100__ThreeQuarter__Sparkling-06.webp
Bonesky,bonesky,1013100,1013100,,threequarter,sparkling-7,Sparkling-07,bonesky__1013100__threequarter__sparkling-7.webp,Bonesky__1013100__ThreeQuarter__Sparkling-07.webp,Images/Bonesky__1013100__ThreeQuarter__Sparkling-07.webp
Bonesky,bonesky,1013100,1013100,,threequarter,sparkling-8,Sparkling-08,bonesky__1013100__threequarter__sparkling-8.webp,Bonesky__1013100__ThreeQuarter__Sparkling-08.webp,Images/Bonesky__1013100__ThreeQuarter__Sparkling-08.webp
Bonesky,bonesky,1013100,1013100,,threequarter,sparkling-9,Sparkling-09,bonesky__1013100__threequarter__sparkling-9.webp,Bonesky__1013100__ThreeQuarter__Sparkling-09.webp,Images/Bonesky__1013100__ThreeQuarter__Sparkling-09.webp
Bonesky,bonesky,1013100,1013100,,threequarter,sparkling-10,Sparkling-10,bonesky__1013100__threequarter__sparkling-10.webp,Bonesky__1013100__ThreeQuarter__Sparkling-10.webp,Images/Bonesky__1013100__ThreeQuarter__Sparkling-10.webp
Bonesky,bonesky,1013100,1013100,,threequarter,sparkling-11,Sparkling-11,bonesky__1013100__threequarter__sparkling-11.webp,Bonesky__1013100__ThreeQuarter__Sparkling-11.webp,Images/Bonesky__1013100__ThreeQuarter__Sparkling-11.webp
Bonesky,bonesky,1013100,1013100,,threequarter,sparkling-12,Sparkling-12,bonesky__1013100__threequarter__sparkling-12.webp,Bonesky__1013100__ThreeQuarter__Sparkling-12.webp,Images/Bonesky__1013100__ThreeQuarter__Sparkling-12.webp
Bonesky,bonesky,1013100,1013100,,threequarter,umbral,Umbral,bonesky__1013100__threequarter__umbral.webp,Bonesky__1013100__ThreeQuarter__Umbral.webp,Images/Bonesky__1013100__ThreeQuarter__Umbral.webp
Bonesky,bonesky,1013102,1013102,,threequarter,normal,Normal,bonesky__1013102__threequarter__normal.webp,Bonesky__1013102__ThreeQuarter__Normal.webp,Images/Bonesky__1013102__ThreeQuarter__Normal.webp
Bonesky,bonesky,1013102,1013102,,threequarter,sparkling-1,Sparkling-01,bonesky__1013102__threequarter__sparkling-1.webp,Bonesky__1013102__ThreeQuarter__Sparkling-01.webp,Images/Bonesky__1013102__ThreeQuarter__Sparkling-01.webp
Bonesky,bonesky,1013102,1013102,,threequarter,sparkling-2,Sparkling-02,bonesky__1013102__threequarter__sparkling-2.webp,Bonesky__1013102__ThreeQuarter__Sparkling-02.webp,Images/Bonesky__1013102__ThreeQuarter__Sparkling-02.webp
Bonesky,bonesky,1013102,1013102,,threequarter,sparkling-3,Sparkling-03,bonesky__1013102__threequarter__sparkling-3.webp,Bonesky__1013102__ThreeQuarter__Sparkling-03.webp,Images/Bonesky__1013102__ThreeQuarter__Sparkling-03.webp
Bonesky,bonesky,1013102,1013102,,threequarter,sparkling-4,Sparkling-04,bonesky__1013102__threequarter__sparkling-4.webp,Bonesky__1013102__ThreeQuarter__Sparkling-04.webp,Images/Bonesky__1013102__ThreeQuarter__Sparkling-04.webp
Bonesky,bonesky,1013102,1013102,,threequarter,sparkling-5,Sparkling-05,bonesky__1013102__threequarter__sparkling-5.webp,Bonesky__1013102__ThreeQuarter__Sparkling-05.webp,Images/Bonesky__1013102__ThreeQuarter__Sparkling-05.webp
Bonesky,bonesky,1013102,1013102,,threequarter,sparkling-6,Sparkling-06,bonesky__1013102__threequarter__sparkling-6.webp,Bonesky__1013102__ThreeQuarter__Sparkling-06.webp,Images/Bonesky__1013102__ThreeQuarter__Sparkling-06.webp
Bonesky,bonesky,1013102,1013102,,threequarter,sparkling-7,Sparkling-07,bonesky__1013102__threequarter__sparkling-7.webp,Bonesky__1013102__ThreeQuarter__Sparkling-07.webp,Images/Bonesky__1013102__ThreeQuarter__Sparkling-07.webp
Bonesky,bonesky,1013102,1013102,,threequarter,sparkling-8,Sparkling-08,bonesky__1013102__threequarter__sparkling-8.webp,Bonesky__1013102__ThreeQuarter__Sparkling-08.webp,Images/Bonesky__1013102__ThreeQuarter__Sparkling-08.webp
Bonesky,bonesky,1013102,1013102,,threequarter,sparkling-9,Sparkling-09,bonesky__1013102__threequarter__sparkling-9.webp,Bonesky__1013102__ThreeQuarter__Sparkling-09.webp,Images/Bonesky__1013102__ThreeQuarter__Sparkling-09.webp
Bonesky,bonesky,1013102,1013102,,threequarter,sparkling-10,Sparkling-10,bonesky__1013102__threequarter__sparkling-10.webp,Bonesky__1013102__ThreeQuarter__Sparkling-10.webp,Images/Bonesky__1013102__ThreeQuarter__Sparkling-10.webp
Bonesky,bonesky,1013102,1013102,,threequarter,sparkling-11,Sparkling-11,bonesky__1013102__threequarter__sparkling-11.webp,Bonesky__1013102__ThreeQuarter__Sparkling-11.webp,Images/Bonesky__1013102__ThreeQuarter__Sparkling-11.webp
Bonesky,bonesky,1013102,1013102,,threequarter,sparkling-12,Sparkling-12,bonesky__1013102__threequarter__sparkling-12.webp,Bonesky__1013102__ThreeQuarter__Sparkling-12.webp,Images/Bonesky__1013102__ThreeQuarter__Sparkling-12.webp
Bonesky,bonesky,1013102,1013102,,threequarter,umbral,Umbral,bonesky__1013102__threequarter__umbral.webp,Bonesky__1013102__ThreeQuarter__Umbral.webp,Images/Bonesky__1013102__ThreeQuarter__Umbral.webp
Bouldus,bouldus,1045400,1045400,,threequarter,normal,Normal,bouldus__1045400__threequarter__normal.webp,Bouldus__1045400__ThreeQuarter__Normal.webp,Images/Bouldus__1045400__ThreeQuarter__Normal.webp
Bouldus,bouldus,1045400,1045400,,threequarter,sparkling-1,Sparkling-01,bouldus__1045400__threequarter__sparkling-1.webp,Bouldus__1045400__ThreeQuarter__Sparkling-01.webp,Images/Bouldus__1045400__ThreeQuarter__Sparkling-01.webp
Bouldus,bouldus,1045400,1045400,,threequarter,sparkling-2,Sparkling-02,bouldus__1045400__threequarter__sparkling-2.webp,Bouldus__1045400__ThreeQuarter__Sparkling-02.webp,Images/Bouldus__1045400__ThreeQuarter__Sparkling-02.webp
Bouldus,bouldus,1045400,1045400,,threequarter,sparkling-3,Sparkling-03,bouldus__1045400__threequarter__sparkling-3.webp,Bouldus__1045400__ThreeQuarter__Sparkling-03.webp,Images/Bouldus__1045400__ThreeQuarter__Sparkling-03.webp
Bouldus,bouldus,1045400,1045400,,threequarter,sparkling-4,Sparkling-04,bouldus__1045400__threequarter__sparkling-4.webp,Bouldus__1045400__ThreeQuarter__Sparkling-04.webp,Images/Bouldus__1045400__ThreeQuarter__Sparkling-04.webp
Bouldus,bouldus,1045400,1045400,,threequarter,sparkling-5,Sparkling-05,bouldus__1045400__threequarter__sparkling-5.webp,Bouldus__1045400__ThreeQuarter__Sparkling-05.webp,Images/Bouldus__1045400__ThreeQuarter__Sparkling-05.webp
Bouldus,bouldus,1045400,1045400,,threequarter,sparkling-6,Sparkling-06,bouldus__1045400__threequarter__sparkling-6.webp,Bouldus__1045400__ThreeQuarter__Sparkling-06.webp,Images/Bouldus__1045400__ThreeQuarter__Sparkling-06.webp
Bouldus,bouldus,1045400,1045400,,threequarter,sparkling-7,Sparkling-07,bouldus__1045400__threequarter__sparkling-7.webp,Bouldus__1045400__ThreeQuarter__Sparkling-07.webp,Images/Bouldus__1045400__ThreeQuarter__Sparkling-07.webp
Bouldus,bouldus,1045400,1045400,,threequarter,sparkling-8,Sparkling-08,bouldus__1045400__threequarter__sparkling-8.webp,Bouldus__1045400__ThreeQuarter__Sparkling-08.webp,Images/Bouldus__1045400__ThreeQuarter__Sparkling-08.webp
Bouldus,bouldus,1045400,1045400,,threequarter,sparkling-9,Sparkling-09,bouldus__1045400__threequarter__sparkling-9.webp,Bouldus__1045400__ThreeQuarter__Sparkling-09.webp,Images/Bouldus__1045400__ThreeQuarter__Sparkling-09.webp
Bouldus,bouldus,1045400,1045400,,threequarter,sparkling-10,Sparkling-10,bouldus__1045400__threequarter__sparkling-10.webp,Bouldus__1045400__ThreeQuarter__Sparkling-10.webp,Images/Bouldus__1045400__ThreeQuarter__Sparkling-10.webp
Bouldus,bouldus,1045400,1045400,,threequarter,sparkling-11,Sparkling-11,bouldus__1045400__threequarter__sparkling-11.webp,Bouldus__1045400__ThreeQuarter__Sparkling-11.webp,Images/Bouldus__1045400__ThreeQuarter__Sparkling-11.webp
Bouldus,bouldus,1045400,1045400,,threequarter,sparkling-12,Sparkling-12,bouldus__1045400__threequarter__sparkling-12.webp,Bouldus__1045400__ThreeQuarter__Sparkling-12.webp,Images/Bouldus__1045400__ThreeQuarter__Sparkling-12.webp
Bouldus,bouldus,1045400,1045400,,threequarter,umbral,Umbral,bouldus__1045400__threequarter__umbral.webp,Bouldus__1045400__ThreeQuarter__Umbral.webp,Images/Bouldus__1045400__ThreeQuarter__Umbral.webp
Bouldus,bouldus,1045401,1045401,,threequarter,normal,Normal,bouldus__1045401__threequarter__normal.webp,Bouldus__1045401__ThreeQuarter__Normal.webp,Images/Bouldus__1045401__ThreeQuarter__Normal.webp
Bouldus,bouldus,1045401,1045401,,threequarter,sparkling-1,Sparkling-01,bouldus__1045401__threequarter__sparkling-1.webp,Bouldus__1045401__ThreeQuarter__Sparkling-01.webp,Images/Bouldus__1045401__ThreeQuarter__Sparkling-01.webp
Bouldus,bouldus,1045401,1045401,,threequarter,sparkling-2,Sparkling-02,bouldus__1045401__threequarter__sparkling-2.webp,Bouldus__1045401__ThreeQuarter__Sparkling-02.webp,Images/Bouldus__1045401__ThreeQuarter__Sparkling-02.webp
Bouldus,bouldus,1045401,1045401,,threequarter,sparkling-3,Sparkling-03,bouldus__1045401__threequarter__sparkling-3.webp,Bouldus__1045401__ThreeQuarter__Sparkling-03.webp,Images/Bouldus__1045401__ThreeQuarter__Sparkling-03.webp
Bouldus,bouldus,1045401,1045401,,threequarter,sparkling-4,Sparkling-04,bouldus__1045401__threequarter__sparkling-4.webp,Bouldus__1045401__ThreeQuarter__Sparkling-04.webp,Images/Bouldus__1045401__ThreeQuarter__Sparkling-04.webp
Bouldus,bouldus,1045401,1045401,,threequarter,sparkling-5,Sparkling-05,bouldus__1045401__threequarter__sparkling-5.webp,Bouldus__1045401__ThreeQuarter__Sparkling-05.webp,Images/Bouldus__1045401__ThreeQuarter__Sparkling-05.webp
Bouldus,bouldus,1045401,1045401,,threequarter,sparkling-6,Sparkling-06,bouldus__1045401__threequarter__sparkling-6.webp,Bouldus__1045401__ThreeQuarter__Sparkling-06.webp,Images/Bouldus__1045401__ThreeQuarter__Sparkling-06.webp
Bouldus,bouldus,1045401,1045401,,threequarter,sparkling-7,Sparkling-07,bouldus__1045401__threequarter__sparkling-7.webp,Bouldus__1045401__ThreeQuarter__Sparkling-07.webp,Images/Bouldus__1045401__ThreeQuarter__Sparkling-07.webp
Bouldus,bouldus,1045401,1045401,,threequarter,sparkling-8,Sparkling-08,bouldus__1045401__threequarter__sparkling-8.webp,Bouldus__1045401__ThreeQuarter__Sparkling-08.webp,Images/Bouldus__1045401__ThreeQuarter__Sparkling-08.webp
Bouldus,bouldus,1045401,1045401,,threequarter,sparkling-9,Sparkling-09,bouldus__1045401__threequarter__sparkling-9.webp,Bouldus__1045401__ThreeQuarter__Sparkling-09.webp,Images/Bouldus__1045401__ThreeQuarter__Sparkling-09.webp
Bouldus,bouldus,1045401,1045401,,threequarter,sparkling-10,Sparkling-10,bouldus__1045401__threequarter__sparkling-10.webp,Bouldus__1045401__ThreeQuarter__Sparkling-10.webp,Images/Bouldus__1045401__ThreeQuarter__Sparkling-10.webp
Bouldus,bouldus,1045401,1045401,,threequarter,sparkling-11,Sparkling-11,bouldus__1045401__threequarter__sparkling-11.webp,Bouldus__1045401__ThreeQuarter__Sparkling-11.webp,Images/Bouldus__1045401__ThreeQuarter__Sparkling-11.webp
Bouldus,bouldus,1045401,1045401,,threequarter,sparkling-12,Sparkling-12,bouldus__1045401__threequarter__sparkling-12.webp,Bouldus__1045401__ThreeQuarter__Sparkling-12.webp,Images/Bouldus__1045401__ThreeQuarter__Sparkling-12.webp
Bouldus,bouldus,1045401,1045401,,threequarter,umbral,Umbral,bouldus__1045401__threequarter__umbral.webp,Bouldus__1045401__ThreeQuarter__Umbral.webp,Images/Bouldus__1045401__ThreeQuarter__Umbral.webp
Budclaw,budclaw,1016100,1016100,,threequarter,normal,Normal,budclaw__1016100__threequarter__normal.webp,Budclaw__1016100__ThreeQuarter__Normal.webp,Images/Budclaw__1016100__ThreeQuarter__Normal.webp
Budclaw,budclaw,1016100,1016100,,threequarter,sparkling-1,Sparkling-01,budclaw__1016100__threequarter__sparkling-1.webp,Budclaw__1016100__ThreeQuarter__Sparkling-01.webp,Images/Budclaw__1016100__ThreeQuarter__Sparkling-01.webp
Budclaw,budclaw,1016100,1016100,,threequarter,sparkling-2,Sparkling-02,budclaw__1016100__threequarter__sparkling-2.webp,Budclaw__1016100__ThreeQuarter__Sparkling-02.webp,Images/Budclaw__1016100__ThreeQuarter__Sparkling-02.webp
Budclaw,budclaw,1016100,1016100,,threequarter,sparkling-3,Sparkling-03,budclaw__1016100__threequarter__sparkling-3.webp,Budclaw__1016100__ThreeQuarter__Sparkling-03.webp,Images/Budclaw__1016100__ThreeQuarter__Sparkling-03.webp
Budclaw,budclaw,1016100,1016100,,threequarter,sparkling-4,Sparkling-04,budclaw__1016100__threequarter__sparkling-4.webp,Budclaw__1016100__ThreeQuarter__Sparkling-04.webp,Images/Budclaw__1016100__ThreeQuarter__Sparkling-04.webp
Budclaw,budclaw,1016100,1016100,,threequarter,sparkling-5,Sparkling-05,budclaw__1016100__threequarter__sparkling-5.webp,Budclaw__1016100__ThreeQuarter__Sparkling-05.webp,Images/Budclaw__1016100__ThreeQuarter__Sparkling-05.webp
Budclaw,budclaw,1016100,1016100,,threequarter,sparkling-6,Sparkling-06,budclaw__1016100__threequarter__sparkling-6.webp,Budclaw__1016100__ThreeQuarter__Sparkling-06.webp,Images/Budclaw__1016100__ThreeQuarter__Sparkling-06.webp
Budclaw,budclaw,1016100,1016100,,threequarter,sparkling-7,Sparkling-07,budclaw__1016100__threequarter__sparkling-7.webp,Budclaw__1016100__ThreeQuarter__Sparkling-07.webp,Images/Budclaw__1016100__ThreeQuarter__Sparkling-07.webp
Budclaw,budclaw,1016100,1016100,,threequarter,sparkling-8,Sparkling-08,budclaw__1016100__threequarter__sparkling-8.webp,Budclaw__1016100__ThreeQuarter__Sparkling-08.webp,Images/Budclaw__1016100__ThreeQuarter__Sparkling-08.webp
Budclaw,budclaw,1016100,1016100,,threequarter,sparkling-9,Sparkling-09,budclaw__1016100__threequarter__sparkling-9.webp,Budclaw__1016100__ThreeQuarter__Sparkling-09.webp,Images/Budclaw__1016100__ThreeQuarter__Sparkling-09.webp
Budclaw,budclaw,1016100,1016100,,threequarter,sparkling-10,Sparkling-10,budclaw__1016100__threequarter__sparkling-10.webp,Budclaw__1016100__ThreeQuarter__Sparkling-10.webp,Images/Budclaw__1016100__ThreeQuarter__Sparkling-10.webp
Budclaw,budclaw,1016100,1016100,,threequarter,sparkling-11,Sparkling-11,budclaw__1016100__threequarter__sparkling-11.webp,Budclaw__1016100__ThreeQuarter__Sparkling-11.webp,Images/Budclaw__1016100__ThreeQuarter__Sparkling-11.webp
Budclaw,budclaw,1016100,1016100,,threequarter,sparkling-12,Sparkling-12,budclaw__1016100__threequarter__sparkling-12.webp,Budclaw__1016100__ThreeQuarter__Sparkling-12.webp,Images/Budclaw__1016100__ThreeQuarter__Sparkling-12.webp
Budclaw,budclaw,1016100,1016100,,threequarter,umbral,Umbral,budclaw__1016100__threequarter__umbral.webp,Budclaw__1016100__ThreeQuarter__Umbral.webp,Images/Budclaw__1016100__ThreeQuarter__Umbral.webp
Budclaw,budclaw,1016101,1016101,,threequarter,normal,Normal,budclaw__1016101__threequarter__normal.webp,Budclaw__1016101__ThreeQuarter__Normal.webp,Images/Budclaw__1016101__ThreeQuarter__Normal.webp
Budclaw,budclaw,1016101,1016101,,threequarter,sparkling-1,Sparkling-01,budclaw__1016101__threequarter__sparkling-1.webp,Budclaw__1016101__ThreeQuarter__Sparkling-01.webp,Images/Budclaw__1016101__ThreeQuarter__Sparkling-01.webp
Budclaw,budclaw,1016101,1016101,,threequarter,sparkling-2,Sparkling-02,budclaw__1016101__threequarter__sparkling-2.webp,Budclaw__1016101__ThreeQuarter__Sparkling-02.webp,Images/Budclaw__1016101__ThreeQuarter__Sparkling-02.webp
Budclaw,budclaw,1016101,1016101,,threequarter,sparkling-3,Sparkling-03,budclaw__1016101__threequarter__sparkling-3.webp,Budclaw__1016101__ThreeQuarter__Sparkling-03.webp,Images/Budclaw__1016101__ThreeQuarter__Sparkling-03.webp
Budclaw,budclaw,1016101,1016101,,threequarter,sparkling-4,Sparkling-04,budclaw__1016101__threequarter__sparkling-4.webp,Budclaw__1016101__ThreeQuarter__Sparkling-04.webp,Images/Budclaw__1016101__ThreeQuarter__Sparkling-04.webp
Budclaw,budclaw,1016101,1016101,,threequarter,sparkling-5,Sparkling-05,budclaw__1016101__threequarter__sparkling-5.webp,Budclaw__1016101__ThreeQuarter__Sparkling-05.webp,Images/Budclaw__1016101__ThreeQuarter__Sparkling-05.webp
Budclaw,budclaw,1016101,1016101,,threequarter,sparkling-6,Sparkling-06,budclaw__1016101__threequarter__sparkling-6.webp,Budclaw__1016101__ThreeQuarter__Sparkling-06.webp,Images/Budclaw__1016101__ThreeQuarter__Sparkling-06.webp
Budclaw,budclaw,1016101,1016101,,threequarter,sparkling-7,Sparkling-07,budclaw__1016101__threequarter__sparkling-7.webp,Budclaw__1016101__ThreeQuarter__Sparkling-07.webp,Images/Budclaw__1016101__ThreeQuarter__Sparkling-07.webp
Budclaw,budclaw,1016101,1016101,,threequarter,sparkling-8,Sparkling-08,budclaw__1016101__threequarter__sparkling-8.webp,Budclaw__1016101__ThreeQuarter__Sparkling-08.webp,Images/Budclaw__1016101__ThreeQuarter__Sparkling-08.webp
Budclaw,budclaw,1016101,1016101,,threequarter,sparkling-9,Sparkling-09,budclaw__1016101__threequarter__sparkling-9.webp,Budclaw__1016101__ThreeQuarter__Sparkling-09.webp,Images/Budclaw__1016101__ThreeQuarter__Sparkling-09.webp
Budclaw,budclaw,1016101,1016101,,threequarter,sparkling-10,Sparkling-10,budclaw__1016101__threequarter__sparkling-10.webp,Budclaw__1016101__ThreeQuarter__Sparkling-10.webp,Images/Budclaw__1016101__ThreeQuarter__Sparkling-10.webp
Budclaw,budclaw,1016101,1016101,,threequarter,sparkling-11,Sparkling-11,budclaw__1016101__threequarter__sparkling-11.webp,Budclaw__1016101__ThreeQuarter__Sparkling-11.webp,Images/Budclaw__1016101__ThreeQuarter__Sparkling-11.webp
Budclaw,budclaw,1016101,1016101,,threequarter,sparkling-12,Sparkling-12,budclaw__1016101__threequarter__sparkling-12.webp,Budclaw__1016101__ThreeQuarter__Sparkling-12.webp,Images/Budclaw__1016101__ThreeQuarter__Sparkling-12.webp
Budclaw,budclaw,1016101,1016101,,threequarter,umbral,Umbral,budclaw__1016101__threequarter__umbral.webp,Budclaw__1016101__ThreeQuarter__Umbral.webp,Images/Budclaw__1016101__ThreeQuarter__Umbral.webp
Budclaw,budclaw,1016102,1016102,,threequarter,normal,Normal,budclaw__1016102__threequarter__normal.webp,Budclaw__1016102__ThreeQuarter__Normal.webp,Images/Budclaw__1016102__ThreeQuarter__Normal.webp
Budclaw,budclaw,1016102,1016102,,threequarter,sparkling-1,Sparkling-01,budclaw__1016102__threequarter__sparkling-1.webp,Budclaw__1016102__ThreeQuarter__Sparkling-01.webp,Images/Budclaw__1016102__ThreeQuarter__Sparkling-01.webp
Budclaw,budclaw,1016102,1016102,,threequarter,sparkling-2,Sparkling-02,budclaw__1016102__threequarter__sparkling-2.webp,Budclaw__1016102__ThreeQuarter__Sparkling-02.webp,Images/Budclaw__1016102__ThreeQuarter__Sparkling-02.webp
Budclaw,budclaw,1016102,1016102,,threequarter,sparkling-3,Sparkling-03,budclaw__1016102__threequarter__sparkling-3.webp,Budclaw__1016102__ThreeQuarter__Sparkling-03.webp,Images/Budclaw__1016102__ThreeQuarter__Sparkling-03.webp
Budclaw,budclaw,1016102,1016102,,threequarter,sparkling-4,Sparkling-04,budclaw__1016102__threequarter__sparkling-4.webp,Budclaw__1016102__ThreeQuarter__Sparkling-04.webp,Images/Budclaw__1016102__ThreeQuarter__Sparkling-04.webp
Budclaw,budclaw,1016102,1016102,,threequarter,sparkling-5,Sparkling-05,budclaw__1016102__threequarter__sparkling-5.webp,Budclaw__1016102__ThreeQuarter__Sparkling-05.webp,Images/Budclaw__1016102__ThreeQuarter__Sparkling-05.webp
Budclaw,budclaw,1016102,1016102,,threequarter,sparkling-6,Sparkling-06,budclaw__1016102__threequarter__sparkling-6.webp,Budclaw__1016102__ThreeQuarter__Sparkling-06.webp,Images/Budclaw__1016102__ThreeQuarter__Sparkling-06.webp
Budclaw,budclaw,1016102,1016102,,threequarter,sparkling-7,Sparkling-07,budclaw__1016102__threequarter__sparkling-7.webp,Budclaw__1016102__ThreeQuarter__Sparkling-07.webp,Images/Budclaw__1016102__ThreeQuarter__Sparkling-07.webp
Budclaw,budclaw,1016102,1016102,,threequarter,sparkling-8,Sparkling-08,budclaw__1016102__threequarter__sparkling-8.webp,Budclaw__1016102__ThreeQuarter__Sparkling-08.webp,Images/Budclaw__1016102__ThreeQuarter__Sparkling-08.webp
Budclaw,budclaw,1016102,1016102,,threequarter,sparkling-9,Sparkling-09,budclaw__1016102__threequarter__sparkling-9.webp,Budclaw__1016102__ThreeQuarter__Sparkling-09.webp,Images/Budclaw__1016102__ThreeQuarter__Sparkling-09.webp
Budclaw,budclaw,1016102,1016102,,threequarter,sparkling-10,Sparkling-10,budclaw__1016102__threequarter__sparkling-10.webp,Budclaw__1016102__ThreeQuarter__Sparkling-10.webp,Images/Budclaw__1016102__ThreeQuarter__Sparkling-10.webp
Budclaw,budclaw,1016102,1016102,,threequarter,sparkling-11,Sparkling-11,budclaw__1016102__threequarter__sparkling-11.webp,Budclaw__1016102__ThreeQuarter__Sparkling-11.webp,Images/Budclaw__1016102__ThreeQuarter__Sparkling-11.webp
Budclaw,budclaw,1016102,1016102,,threequarter,sparkling-12,Sparkling-12,budclaw__1016102__threequarter__sparkling-12.webp,Budclaw__1016102__ThreeQuarter__Sparkling-12.webp,Images/Budclaw__1016102__ThreeQuarter__Sparkling-12.webp
Budclaw,budclaw,1016102,1016102,,threequarter,umbral,Umbral,budclaw__1016102__threequarter__umbral.webp,Budclaw__1016102__ThreeQuarter__Umbral.webp,Images/Budclaw__1016102__ThreeQuarter__Umbral.webp
Budclaw,budclaw,1016103,1016103,,threequarter,normal,Normal,budclaw__1016103__threequarter__normal.webp,Budclaw__1016103__ThreeQuarter__Normal.webp,Images/Budclaw__1016103__ThreeQuarter__Normal.webp
Budclaw,budclaw,1016103,1016103,,threequarter,sparkling-1,Sparkling-01,budclaw__1016103__threequarter__sparkling-1.webp,Budclaw__1016103__ThreeQuarter__Sparkling-01.webp,Images/Budclaw__1016103__ThreeQuarter__Sparkling-01.webp
Budclaw,budclaw,1016103,1016103,,threequarter,sparkling-2,Sparkling-02,budclaw__1016103__threequarter__sparkling-2.webp,Budclaw__1016103__ThreeQuarter__Sparkling-02.webp,Images/Budclaw__1016103__ThreeQuarter__Sparkling-02.webp
Budclaw,budclaw,1016103,1016103,,threequarter,sparkling-3,Sparkling-03,budclaw__1016103__threequarter__sparkling-3.webp,Budclaw__1016103__ThreeQuarter__Sparkling-03.webp,Images/Budclaw__1016103__ThreeQuarter__Sparkling-03.webp
Budclaw,budclaw,1016103,1016103,,threequarter,sparkling-4,Sparkling-04,budclaw__1016103__threequarter__sparkling-4.webp,Budclaw__1016103__ThreeQuarter__Sparkling-04.webp,Images/Budclaw__1016103__ThreeQuarter__Sparkling-04.webp
Budclaw,budclaw,1016103,1016103,,threequarter,sparkling-5,Sparkling-05,budclaw__1016103__threequarter__sparkling-5.webp,Budclaw__1016103__ThreeQuarter__Sparkling-05.webp,Images/Budclaw__1016103__ThreeQuarter__Sparkling-05.webp
Budclaw,budclaw,1016103,1016103,,threequarter,sparkling-6,Sparkling-06,budclaw__1016103__threequarter__sparkling-6.webp,Budclaw__1016103__ThreeQuarter__Sparkling-06.webp,Images/Budclaw__1016103__ThreeQuarter__Sparkling-06.webp
Budclaw,budclaw,1016103,1016103,,threequarter,sparkling-7,Sparkling-07,budclaw__1016103__threequarter__sparkling-7.webp,Budclaw__1016103__ThreeQuarter__Sparkling-07.webp,Images/Budclaw__1016103__ThreeQuarter__Sparkling-07.webp
Budclaw,budclaw,1016103,1016103,,threequarter,sparkling-8,Sparkling-08,budclaw__1016103__threequarter__sparkling-8.webp,Budclaw__1016103__ThreeQuarter__Sparkling-08.webp,Images/Budclaw__1016103__ThreeQuarter__Sparkling-08.webp
Budclaw,budclaw,1016103,1016103,,threequarter,sparkling-9,Sparkling-09,budclaw__1016103__threequarter__sparkling-9.webp,Budclaw__1016103__ThreeQuarter__Sparkling-09.webp,Images/Budclaw__1016103__ThreeQuarter__Sparkling-09.webp
Budclaw,budclaw,1016103,1016103,,threequarter,sparkling-10,Sparkling-10,budclaw__1016103__threequarter__sparkling-10.webp,Budclaw__1016103__ThreeQuarter__Sparkling-10.webp,Images/Budclaw__1016103__ThreeQuarter__Sparkling-10.webp
Budclaw,budclaw,1016103,1016103,,threequarter,sparkling-11,Sparkling-11,budclaw__1016103__threequarter__sparkling-11.webp,Budclaw__1016103__ThreeQuarter__Sparkling-11.webp,Images/Budclaw__1016103__ThreeQuarter__Sparkling-11.webp
Budclaw,budclaw,1016103,1016103,,threequarter,sparkling-12,Sparkling-12,budclaw__1016103__threequarter__sparkling-12.webp,Budclaw__1016103__ThreeQuarter__Sparkling-12.webp,Images/Budclaw__1016103__ThreeQuarter__Sparkling-12.webp
Budclaw,budclaw,1016103,1016103,,threequarter,umbral,Umbral,budclaw__1016103__threequarter__umbral.webp,Budclaw__1016103__ThreeQuarter__Umbral.webp,Images/Budclaw__1016103__ThreeQuarter__Umbral.webp
Budsquire,budsquire,1032100,1032100,,threequarter,normal,Normal,budsquire__1032100__threequarter__normal.webp,Budsquire__1032100__ThreeQuarter__Normal.webp,Images/Budsquire__1032100__ThreeQuarter__Normal.webp
Budsquire,budsquire,1032100,1032100,,threequarter,sparkling-1,Sparkling-01,budsquire__1032100__threequarter__sparkling-1.webp,Budsquire__1032100__ThreeQuarter__Sparkling-01.webp,Images/Budsquire__1032100__ThreeQuarter__Sparkling-01.webp
Budsquire,budsquire,1032100,1032100,,threequarter,sparkling-2,Sparkling-02,budsquire__1032100__threequarter__sparkling-2.webp,Budsquire__1032100__ThreeQuarter__Sparkling-02.webp,Images/Budsquire__1032100__ThreeQuarter__Sparkling-02.webp
Budsquire,budsquire,1032100,1032100,,threequarter,sparkling-3,Sparkling-03,budsquire__1032100__threequarter__sparkling-3.webp,Budsquire__1032100__ThreeQuarter__Sparkling-03.webp,Images/Budsquire__1032100__ThreeQuarter__Sparkling-03.webp
Budsquire,budsquire,1032100,1032100,,threequarter,sparkling-4,Sparkling-04,budsquire__1032100__threequarter__sparkling-4.webp,Budsquire__1032100__ThreeQuarter__Sparkling-04.webp,Images/Budsquire__1032100__ThreeQuarter__Sparkling-04.webp
Budsquire,budsquire,1032100,1032100,,threequarter,sparkling-5,Sparkling-05,budsquire__1032100__threequarter__sparkling-5.webp,Budsquire__1032100__ThreeQuarter__Sparkling-05.webp,Images/Budsquire__1032100__ThreeQuarter__Sparkling-05.webp
Budsquire,budsquire,1032100,1032100,,threequarter,sparkling-6,Sparkling-06,budsquire__1032100__threequarter__sparkling-6.webp,Budsquire__1032100__ThreeQuarter__Sparkling-06.webp,Images/Budsquire__1032100__ThreeQuarter__Sparkling-06.webp
Budsquire,budsquire,1032100,1032100,,threequarter,sparkling-7,Sparkling-07,budsquire__1032100__threequarter__sparkling-7.webp,Budsquire__1032100__ThreeQuarter__Sparkling-07.webp,Images/Budsquire__1032100__ThreeQuarter__Sparkling-07.webp
Budsquire,budsquire,1032100,1032100,,threequarter,sparkling-8,Sparkling-08,budsquire__1032100__threequarter__sparkling-8.webp,Budsquire__1032100__ThreeQuarter__Sparkling-08.webp,Images/Budsquire__1032100__ThreeQuarter__Sparkling-08.webp
Budsquire,budsquire,1032100,1032100,,threequarter,sparkling-9,Sparkling-09,budsquire__1032100__threequarter__sparkling-9.webp,Budsquire__1032100__ThreeQuarter__Sparkling-09.webp,Images/Budsquire__1032100__ThreeQuarter__Sparkling-09.webp
Budsquire,budsquire,1032100,1032100,,threequarter,sparkling-10,Sparkling-10,budsquire__1032100__threequarter__sparkling-10.webp,Budsquire__1032100__ThreeQuarter__Sparkling-10.webp,Images/Budsquire__1032100__ThreeQuarter__Sparkling-10.webp
Budsquire,budsquire,1032100,1032100,,threequarter,sparkling-11,Sparkling-11,budsquire__1032100__threequarter__sparkling-11.webp,Budsquire__1032100__ThreeQuarter__Sparkling-11.webp,Images/Budsquire__1032100__ThreeQuarter__Sparkling-11.webp
Budsquire,budsquire,1032100,1032100,,threequarter,sparkling-12,Sparkling-12,budsquire__1032100__threequarter__sparkling-12.webp,Budsquire__1032100__ThreeQuarter__Sparkling-12.webp,Images/Budsquire__1032100__ThreeQuarter__Sparkling-12.webp
Budsquire,budsquire,1032100,1032100,,threequarter,umbral,Umbral,budsquire__1032100__threequarter__umbral.webp,Budsquire__1032100__ThreeQuarter__Umbral.webp,Images/Budsquire__1032100__ThreeQuarter__Umbral.webp
Budsquire,budsquire,1032103,1032103,,threequarter,normal,Normal,budsquire__1032103__threequarter__normal.webp,Budsquire__1032103__ThreeQuarter__Normal.webp,Images/Budsquire__1032103__ThreeQuarter__Normal.webp
Budsquire,budsquire,1032103,1032103,,threequarter,sparkling-1,Sparkling-01,budsquire__1032103__threequarter__sparkling-1.webp,Budsquire__1032103__ThreeQuarter__Sparkling-01.webp,Images/Budsquire__1032103__ThreeQuarter__Sparkling-01.webp
Budsquire,budsquire,1032103,1032103,,threequarter,sparkling-2,Sparkling-02,budsquire__1032103__threequarter__sparkling-2.webp,Budsquire__1032103__ThreeQuarter__Sparkling-02.webp,Images/Budsquire__1032103__ThreeQuarter__Sparkling-02.webp
Budsquire,budsquire,1032103,1032103,,threequarter,sparkling-3,Sparkling-03,budsquire__1032103__threequarter__sparkling-3.webp,Budsquire__1032103__ThreeQuarter__Sparkling-03.webp,Images/Budsquire__1032103__ThreeQuarter__Sparkling-03.webp
Budsquire,budsquire,1032103,1032103,,threequarter,sparkling-4,Sparkling-04,budsquire__1032103__threequarter__sparkling-4.webp,Budsquire__1032103__ThreeQuarter__Sparkling-04.webp,Images/Budsquire__1032103__ThreeQuarter__Sparkling-04.webp
Budsquire,budsquire,1032103,1032103,,threequarter,sparkling-5,Sparkling-05,budsquire__1032103__threequarter__sparkling-5.webp,Budsquire__1032103__ThreeQuarter__Sparkling-05.webp,Images/Budsquire__1032103__ThreeQuarter__Sparkling-05.webp
Budsquire,budsquire,1032103,1032103,,threequarter,sparkling-6,Sparkling-06,budsquire__1032103__threequarter__sparkling-6.webp,Budsquire__1032103__ThreeQuarter__Sparkling-06.webp,Images/Budsquire__1032103__ThreeQuarter__Sparkling-06.webp
Budsquire,budsquire,1032103,1032103,,threequarter,sparkling-7,Sparkling-07,budsquire__1032103__threequarter__sparkling-7.webp,Budsquire__1032103__ThreeQuarter__Sparkling-07.webp,Images/Budsquire__1032103__ThreeQuarter__Sparkling-07.webp
Budsquire,budsquire,1032103,1032103,,threequarter,sparkling-8,Sparkling-08,budsquire__1032103__threequarter__sparkling-8.webp,Budsquire__1032103__ThreeQuarter__Sparkling-08.webp,Images/Budsquire__1032103__ThreeQuarter__Sparkling-08.webp
Budsquire,budsquire,1032103,1032103,,threequarter,sparkling-9,Sparkling-09,budsquire__1032103__threequarter__sparkling-9.webp,Budsquire__1032103__ThreeQuarter__Sparkling-09.webp,Images/Budsquire__1032103__ThreeQuarter__Sparkling-09.webp
Budsquire,budsquire,1032103,1032103,,threequarter,sparkling-10,Sparkling-10,budsquire__1032103__threequarter__sparkling-10.webp,Budsquire__1032103__ThreeQuarter__Sparkling-10.webp,Images/Budsquire__1032103__ThreeQuarter__Sparkling-10.webp
Budsquire,budsquire,1032103,1032103,,threequarter,sparkling-11,Sparkling-11,budsquire__1032103__threequarter__sparkling-11.webp,Budsquire__1032103__ThreeQuarter__Sparkling-11.webp,Images/Budsquire__1032103__ThreeQuarter__Sparkling-11.webp
Budsquire,budsquire,1032103,1032103,,threequarter,sparkling-12,Sparkling-12,budsquire__1032103__threequarter__sparkling-12.webp,Budsquire__1032103__ThreeQuarter__Sparkling-12.webp,Images/Budsquire__1032103__ThreeQuarter__Sparkling-12.webp
Budsquire,budsquire,1032103,1032103,,threequarter,umbral,Umbral,budsquire__1032103__threequarter__umbral.webp,Budsquire__1032103__ThreeQuarter__Umbral.webp,Images/Budsquire__1032103__ThreeQuarter__Umbral.webp
Bulbly,bulbly,1014100,1014100,,threequarter,normal,Normal,bulbly__1014100__threequarter__normal.webp,Bulbly__1014100__ThreeQuarter__Normal.webp,Images/Bulbly__1014100__ThreeQuarter__Normal.webp
Bulbly,bulbly,1014100,1014100,,threequarter,sparkling-1,Sparkling-01,bulbly__1014100__threequarter__sparkling-1.webp,Bulbly__1014100__ThreeQuarter__Sparkling-01.webp,Images/Bulbly__1014100__ThreeQuarter__Sparkling-01.webp
Bulbly,bulbly,1014100,1014100,,threequarter,sparkling-2,Sparkling-02,bulbly__1014100__threequarter__sparkling-2.webp,Bulbly__1014100__ThreeQuarter__Sparkling-02.webp,Images/Bulbly__1014100__ThreeQuarter__Sparkling-02.webp
Bulbly,bulbly,1014100,1014100,,threequarter,sparkling-3,Sparkling-03,bulbly__1014100__threequarter__sparkling-3.webp,Bulbly__1014100__ThreeQuarter__Sparkling-03.webp,Images/Bulbly__1014100__ThreeQuarter__Sparkling-03.webp
Bulbly,bulbly,1014100,1014100,,threequarter,sparkling-4,Sparkling-04,bulbly__1014100__threequarter__sparkling-4.webp,Bulbly__1014100__ThreeQuarter__Sparkling-04.webp,Images/Bulbly__1014100__ThreeQuarter__Sparkling-04.webp
Bulbly,bulbly,1014100,1014100,,threequarter,sparkling-5,Sparkling-05,bulbly__1014100__threequarter__sparkling-5.webp,Bulbly__1014100__ThreeQuarter__Sparkling-05.webp,Images/Bulbly__1014100__ThreeQuarter__Sparkling-05.webp
Bulbly,bulbly,1014100,1014100,,threequarter,sparkling-6,Sparkling-06,bulbly__1014100__threequarter__sparkling-6.webp,Bulbly__1014100__ThreeQuarter__Sparkling-06.webp,Images/Bulbly__1014100__ThreeQuarter__Sparkling-06.webp
Bulbly,bulbly,1014100,1014100,,threequarter,sparkling-7,Sparkling-07,bulbly__1014100__threequarter__sparkling-7.webp,Bulbly__1014100__ThreeQuarter__Sparkling-07.webp,Images/Bulbly__1014100__ThreeQuarter__Sparkling-07.webp
Bulbly,bulbly,1014100,1014100,,threequarter,sparkling-8,Sparkling-08,bulbly__1014100__threequarter__sparkling-8.webp,Bulbly__1014100__ThreeQuarter__Sparkling-08.webp,Images/Bulbly__1014100__ThreeQuarter__Sparkling-08.webp
Bulbly,bulbly,1014100,1014100,,threequarter,sparkling-9,Sparkling-09,bulbly__1014100__threequarter__sparkling-9.webp,Bulbly__1014100__ThreeQuarter__Sparkling-09.webp,Images/Bulbly__1014100__ThreeQuarter__Sparkling-09.webp
Bulbly,bulbly,1014100,1014100,,threequarter,sparkling-10,Sparkling-10,bulbly__1014100__threequarter__sparkling-10.webp,Bulbly__1014100__ThreeQuarter__Sparkling-10.webp,Images/Bulbly__1014100__ThreeQuarter__Sparkling-10.webp
Bulbly,bulbly,1014100,1014100,,threequarter,sparkling-11,Sparkling-11,bulbly__1014100__threequarter__sparkling-11.webp,Bulbly__1014100__ThreeQuarter__Sparkling-11.webp,Images/Bulbly__1014100__ThreeQuarter__Sparkling-11.webp
Bulbly,bulbly,1014100,1014100,,threequarter,sparkling-12,Sparkling-12,bulbly__1014100__threequarter__sparkling-12.webp,Bulbly__1014100__ThreeQuarter__Sparkling-12.webp,Images/Bulbly__1014100__ThreeQuarter__Sparkling-12.webp
Bulbly,bulbly,1014100,1014100,,threequarter,umbral,Umbral,bulbly__1014100__threequarter__umbral.webp,Bulbly__1014100__ThreeQuarter__Umbral.webp,Images/Bulbly__1014100__ThreeQuarter__Umbral.webp
Celestis,celestis,1001100,1001100,,threequarter,normal,Normal,celestis__1001100__threequarter__normal.webp,Celestis__1001100__ThreeQuarter__Normal.webp,Images/Celestis__1001100__ThreeQuarter__Normal.webp
Celestis,celestis,1001100,1001100,,threequarter,sparkling-1,Sparkling-01,celestis__1001100__threequarter__sparkling-1.webp,Celestis__1001100__ThreeQuarter__Sparkling-01.webp,Images/Celestis__1001100__ThreeQuarter__Sparkling-01.webp
Celestis,celestis,1001100,1001100,,threequarter,sparkling-2,Sparkling-02,celestis__1001100__threequarter__sparkling-2.webp,Celestis__1001100__ThreeQuarter__Sparkling-02.webp,Images/Celestis__1001100__ThreeQuarter__Sparkling-02.webp
Celestis,celestis,1001100,1001100,,threequarter,sparkling-3,Sparkling-03,celestis__1001100__threequarter__sparkling-3.webp,Celestis__1001100__ThreeQuarter__Sparkling-03.webp,Images/Celestis__1001100__ThreeQuarter__Sparkling-03.webp
Celestis,celestis,1001100,1001100,,threequarter,sparkling-4,Sparkling-04,celestis__1001100__threequarter__sparkling-4.webp,Celestis__1001100__ThreeQuarter__Sparkling-04.webp,Images/Celestis__1001100__ThreeQuarter__Sparkling-04.webp
Celestis,celestis,1001100,1001100,,threequarter,sparkling-5,Sparkling-05,celestis__1001100__threequarter__sparkling-5.webp,Celestis__1001100__ThreeQuarter__Sparkling-05.webp,Images/Celestis__1001100__ThreeQuarter__Sparkling-05.webp
Celestis,celestis,1001100,1001100,,threequarter,sparkling-6,Sparkling-06,celestis__1001100__threequarter__sparkling-6.webp,Celestis__1001100__ThreeQuarter__Sparkling-06.webp,Images/Celestis__1001100__ThreeQuarter__Sparkling-06.webp
Celestis,celestis,1001100,1001100,,threequarter,sparkling-7,Sparkling-07,celestis__1001100__threequarter__sparkling-7.webp,Celestis__1001100__ThreeQuarter__Sparkling-07.webp,Images/Celestis__1001100__ThreeQuarter__Sparkling-07.webp
Celestis,celestis,1001100,1001100,,threequarter,sparkling-8,Sparkling-08,celestis__1001100__threequarter__sparkling-8.webp,Celestis__1001100__ThreeQuarter__Sparkling-08.webp,Images/Celestis__1001100__ThreeQuarter__Sparkling-08.webp
Celestis,celestis,1001100,1001100,,threequarter,sparkling-9,Sparkling-09,celestis__1001100__threequarter__sparkling-9.webp,Celestis__1001100__ThreeQuarter__Sparkling-09.webp,Images/Celestis__1001100__ThreeQuarter__Sparkling-09.webp
Celestis,celestis,1001100,1001100,,threequarter,sparkling-10,Sparkling-10,celestis__1001100__threequarter__sparkling-10.webp,Celestis__1001100__ThreeQuarter__Sparkling-10.webp,Images/Celestis__1001100__ThreeQuarter__Sparkling-10.webp
Celestis,celestis,1001100,1001100,,threequarter,sparkling-11,Sparkling-11,celestis__1001100__threequarter__sparkling-11.webp,Celestis__1001100__ThreeQuarter__Sparkling-11.webp,Images/Celestis__1001100__ThreeQuarter__Sparkling-11.webp
Celestis,celestis,1001100,1001100,,threequarter,sparkling-12,Sparkling-12,celestis__1001100__threequarter__sparkling-12.webp,Celestis__1001100__ThreeQuarter__Sparkling-12.webp,Images/Celestis__1001100__ThreeQuarter__Sparkling-12.webp
Celestis,celestis,1001100,1001100,,threequarter,umbral,Umbral,celestis__1001100__threequarter__umbral.webp,Celestis__1001100__ThreeQuarter__Umbral.webp,Images/Celestis__1001100__ThreeQuarter__Umbral.webp
Chirpi,chirpi,1018100,1018100,,threequarter,normal,Normal,chirpi__1018100__threequarter__normal.webp,Chirpi__1018100__ThreeQuarter__Normal.webp,Images/Chirpi__1018100__ThreeQuarter__Normal.webp
Chirpi,chirpi,1018100,1018100,,threequarter,sparkling-1,Sparkling-01,chirpi__1018100__threequarter__sparkling-1.webp,Chirpi__1018100__ThreeQuarter__Sparkling-01.webp,Images/Chirpi__1018100__ThreeQuarter__Sparkling-01.webp
Chirpi,chirpi,1018100,1018100,,threequarter,sparkling-2,Sparkling-02,chirpi__1018100__threequarter__sparkling-2.webp,Chirpi__1018100__ThreeQuarter__Sparkling-02.webp,Images/Chirpi__1018100__ThreeQuarter__Sparkling-02.webp
Chirpi,chirpi,1018100,1018100,,threequarter,sparkling-3,Sparkling-03,chirpi__1018100__threequarter__sparkling-3.webp,Chirpi__1018100__ThreeQuarter__Sparkling-03.webp,Images/Chirpi__1018100__ThreeQuarter__Sparkling-03.webp
Chirpi,chirpi,1018100,1018100,,threequarter,sparkling-4,Sparkling-04,chirpi__1018100__threequarter__sparkling-4.webp,Chirpi__1018100__ThreeQuarter__Sparkling-04.webp,Images/Chirpi__1018100__ThreeQuarter__Sparkling-04.webp
Chirpi,chirpi,1018100,1018100,,threequarter,sparkling-5,Sparkling-05,chirpi__1018100__threequarter__sparkling-5.webp,Chirpi__1018100__ThreeQuarter__Sparkling-05.webp,Images/Chirpi__1018100__ThreeQuarter__Sparkling-05.webp
Chirpi,chirpi,1018100,1018100,,threequarter,sparkling-6,Sparkling-06,chirpi__1018100__threequarter__sparkling-6.webp,Chirpi__1018100__ThreeQuarter__Sparkling-06.webp,Images/Chirpi__1018100__ThreeQuarter__Sparkling-06.webp
Chirpi,chirpi,1018100,1018100,,threequarter,sparkling-7,Sparkling-07,chirpi__1018100__threequarter__sparkling-7.webp,Chirpi__1018100__ThreeQuarter__Sparkling-07.webp,Images/Chirpi__1018100__ThreeQuarter__Sparkling-07.webp
Chirpi,chirpi,1018100,1018100,,threequarter,sparkling-8,Sparkling-08,chirpi__1018100__threequarter__sparkling-8.webp,Chirpi__1018100__ThreeQuarter__Sparkling-08.webp,Images/Chirpi__1018100__ThreeQuarter__Sparkling-08.webp
Chirpi,chirpi,1018100,1018100,,threequarter,sparkling-9,Sparkling-09,chirpi__1018100__threequarter__sparkling-9.webp,Chirpi__1018100__ThreeQuarter__Sparkling-09.webp,Images/Chirpi__1018100__ThreeQuarter__Sparkling-09.webp
Chirpi,chirpi,1018100,1018100,,threequarter,sparkling-10,Sparkling-10,chirpi__1018100__threequarter__sparkling-10.webp,Chirpi__1018100__ThreeQuarter__Sparkling-10.webp,Images/Chirpi__1018100__ThreeQuarter__Sparkling-10.webp
Chirpi,chirpi,1018100,1018100,,threequarter,sparkling-11,Sparkling-11,chirpi__1018100__threequarter__sparkling-11.webp,Chirpi__1018100__ThreeQuarter__Sparkling-11.webp,Images/Chirpi__1018100__ThreeQuarter__Sparkling-11.webp
Chirpi,chirpi,1018100,1018100,,threequarter,sparkling-12,Sparkling-12,chirpi__1018100__threequarter__sparkling-12.webp,Chirpi__1018100__ThreeQuarter__Sparkling-12.webp,Images/Chirpi__1018100__ThreeQuarter__Sparkling-12.webp
Chirpi,chirpi,1018100,1018100,,threequarter,umbral,Umbral,chirpi__1018100__threequarter__umbral.webp,Chirpi__1018100__ThreeQuarter__Umbral.webp,Images/Chirpi__1018100__ThreeQuarter__Umbral.webp
Chirpi,chirpi,1018101,1018101,,threequarter,normal,Normal,chirpi__1018101__threequarter__normal.webp,Chirpi__1018101__ThreeQuarter__Normal.webp,Images/Chirpi__1018101__ThreeQuarter__Normal.webp
Chirpi,chirpi,1018101,1018101,,threequarter,sparkling-1,Sparkling-01,chirpi__1018101__threequarter__sparkling-1.webp,Chirpi__1018101__ThreeQuarter__Sparkling-01.webp,Images/Chirpi__1018101__ThreeQuarter__Sparkling-01.webp
Chirpi,chirpi,1018101,1018101,,threequarter,sparkling-2,Sparkling-02,chirpi__1018101__threequarter__sparkling-2.webp,Chirpi__1018101__ThreeQuarter__Sparkling-02.webp,Images/Chirpi__1018101__ThreeQuarter__Sparkling-02.webp
Chirpi,chirpi,1018101,1018101,,threequarter,sparkling-3,Sparkling-03,chirpi__1018101__threequarter__sparkling-3.webp,Chirpi__1018101__ThreeQuarter__Sparkling-03.webp,Images/Chirpi__1018101__ThreeQuarter__Sparkling-03.webp
Chirpi,chirpi,1018101,1018101,,threequarter,sparkling-4,Sparkling-04,chirpi__1018101__threequarter__sparkling-4.webp,Chirpi__1018101__ThreeQuarter__Sparkling-04.webp,Images/Chirpi__1018101__ThreeQuarter__Sparkling-04.webp
Chirpi,chirpi,1018101,1018101,,threequarter,sparkling-5,Sparkling-05,chirpi__1018101__threequarter__sparkling-5.webp,Chirpi__1018101__ThreeQuarter__Sparkling-05.webp,Images/Chirpi__1018101__ThreeQuarter__Sparkling-05.webp
Chirpi,chirpi,1018101,1018101,,threequarter,sparkling-6,Sparkling-06,chirpi__1018101__threequarter__sparkling-6.webp,Chirpi__1018101__ThreeQuarter__Sparkling-06.webp,Images/Chirpi__1018101__ThreeQuarter__Sparkling-06.webp
Chirpi,chirpi,1018101,1018101,,threequarter,sparkling-7,Sparkling-07,chirpi__1018101__threequarter__sparkling-7.webp,Chirpi__1018101__ThreeQuarter__Sparkling-07.webp,Images/Chirpi__1018101__ThreeQuarter__Sparkling-07.webp
Chirpi,chirpi,1018101,1018101,,threequarter,sparkling-8,Sparkling-08,chirpi__1018101__threequarter__sparkling-8.webp,Chirpi__1018101__ThreeQuarter__Sparkling-08.webp,Images/Chirpi__1018101__ThreeQuarter__Sparkling-08.webp
Chirpi,chirpi,1018101,1018101,,threequarter,sparkling-9,Sparkling-09,chirpi__1018101__threequarter__sparkling-9.webp,Chirpi__1018101__ThreeQuarter__Sparkling-09.webp,Images/Chirpi__1018101__ThreeQuarter__Sparkling-09.webp
Chirpi,chirpi,1018101,1018101,,threequarter,sparkling-10,Sparkling-10,chirpi__1018101__threequarter__sparkling-10.webp,Chirpi__1018101__ThreeQuarter__Sparkling-10.webp,Images/Chirpi__1018101__ThreeQuarter__Sparkling-10.webp
Chirpi,chirpi,1018101,1018101,,threequarter,sparkling-11,Sparkling-11,chirpi__1018101__threequarter__sparkling-11.webp,Chirpi__1018101__ThreeQuarter__Sparkling-11.webp,Images/Chirpi__1018101__ThreeQuarter__Sparkling-11.webp
Chirpi,chirpi,1018101,1018101,,threequarter,sparkling-12,Sparkling-12,chirpi__1018101__threequarter__sparkling-12.webp,Chirpi__1018101__ThreeQuarter__Sparkling-12.webp,Images/Chirpi__1018101__ThreeQuarter__Sparkling-12.webp
Chirpi,chirpi,1018101,1018101,,threequarter,umbral,Umbral,chirpi__1018101__threequarter__umbral.webp,Chirpi__1018101__ThreeQuarter__Umbral.webp,Images/Chirpi__1018101__ThreeQuarter__Umbral.webp
Chirpi,chirpi,1018103,1018103,,threequarter,normal,Normal,chirpi__1018103__threequarter__normal.webp,Chirpi__1018103__ThreeQuarter__Normal.webp,Images/Chirpi__1018103__ThreeQuarter__Normal.webp
Chirpi,chirpi,1018103,1018103,,threequarter,sparkling-1,Sparkling-01,chirpi__1018103__threequarter__sparkling-1.webp,Chirpi__1018103__ThreeQuarter__Sparkling-01.webp,Images/Chirpi__1018103__ThreeQuarter__Sparkling-01.webp
Chirpi,chirpi,1018103,1018103,,threequarter,sparkling-2,Sparkling-02,chirpi__1018103__threequarter__sparkling-2.webp,Chirpi__1018103__ThreeQuarter__Sparkling-02.webp,Images/Chirpi__1018103__ThreeQuarter__Sparkling-02.webp
Chirpi,chirpi,1018103,1018103,,threequarter,sparkling-3,Sparkling-03,chirpi__1018103__threequarter__sparkling-3.webp,Chirpi__1018103__ThreeQuarter__Sparkling-03.webp,Images/Chirpi__1018103__ThreeQuarter__Sparkling-03.webp
Chirpi,chirpi,1018103,1018103,,threequarter,sparkling-4,Sparkling-04,chirpi__1018103__threequarter__sparkling-4.webp,Chirpi__1018103__ThreeQuarter__Sparkling-04.webp,Images/Chirpi__1018103__ThreeQuarter__Sparkling-04.webp
Chirpi,chirpi,1018103,1018103,,threequarter,sparkling-5,Sparkling-05,chirpi__1018103__threequarter__sparkling-5.webp,Chirpi__1018103__ThreeQuarter__Sparkling-05.webp,Images/Chirpi__1018103__ThreeQuarter__Sparkling-05.webp
Chirpi,chirpi,1018103,1018103,,threequarter,sparkling-6,Sparkling-06,chirpi__1018103__threequarter__sparkling-6.webp,Chirpi__1018103__ThreeQuarter__Sparkling-06.webp,Images/Chirpi__1018103__ThreeQuarter__Sparkling-06.webp
Chirpi,chirpi,1018103,1018103,,threequarter,sparkling-7,Sparkling-07,chirpi__1018103__threequarter__sparkling-7.webp,Chirpi__1018103__ThreeQuarter__Sparkling-07.webp,Images/Chirpi__1018103__ThreeQuarter__Sparkling-07.webp
Chirpi,chirpi,1018103,1018103,,threequarter,sparkling-8,Sparkling-08,chirpi__1018103__threequarter__sparkling-8.webp,Chirpi__1018103__ThreeQuarter__Sparkling-08.webp,Images/Chirpi__1018103__ThreeQuarter__Sparkling-08.webp
Chirpi,chirpi,1018103,1018103,,threequarter,sparkling-9,Sparkling-09,chirpi__1018103__threequarter__sparkling-9.webp,Chirpi__1018103__ThreeQuarter__Sparkling-09.webp,Images/Chirpi__1018103__ThreeQuarter__Sparkling-09.webp
Chirpi,chirpi,1018103,1018103,,threequarter,sparkling-10,Sparkling-10,chirpi__1018103__threequarter__sparkling-10.webp,Chirpi__1018103__ThreeQuarter__Sparkling-10.webp,Images/Chirpi__1018103__ThreeQuarter__Sparkling-10.webp
Chirpi,chirpi,1018103,1018103,,threequarter,sparkling-11,Sparkling-11,chirpi__1018103__threequarter__sparkling-11.webp,Chirpi__1018103__ThreeQuarter__Sparkling-11.webp,Images/Chirpi__1018103__ThreeQuarter__Sparkling-11.webp
Chirpi,chirpi,1018103,1018103,,threequarter,sparkling-12,Sparkling-12,chirpi__1018103__threequarter__sparkling-12.webp,Chirpi__1018103__ThreeQuarter__Sparkling-12.webp,Images/Chirpi__1018103__ThreeQuarter__Sparkling-12.webp
Chirpi,chirpi,1018103,1018103,,threequarter,umbral,Umbral,chirpi__1018103__threequarter__umbral.webp,Chirpi__1018103__ThreeQuarter__Umbral.webp,Images/Chirpi__1018103__ThreeQuarter__Umbral.webp
Cornet,cornet,1018500,1018500,,threequarter,normal,Normal,cornet__1018500__threequarter__normal.webp,Cornet__1018500__ThreeQuarter__Normal.webp,Images/Cornet__1018500__ThreeQuarter__Normal.webp
Cornet,cornet,1018500,1018500,,threequarter,sparkling-1,Sparkling-01,cornet__1018500__threequarter__sparkling-1.webp,Cornet__1018500__ThreeQuarter__Sparkling-01.webp,Images/Cornet__1018500__ThreeQuarter__Sparkling-01.webp
Cornet,cornet,1018500,1018500,,threequarter,sparkling-2,Sparkling-02,cornet__1018500__threequarter__sparkling-2.webp,Cornet__1018500__ThreeQuarter__Sparkling-02.webp,Images/Cornet__1018500__ThreeQuarter__Sparkling-02.webp
Cornet,cornet,1018500,1018500,,threequarter,sparkling-3,Sparkling-03,cornet__1018500__threequarter__sparkling-3.webp,Cornet__1018500__ThreeQuarter__Sparkling-03.webp,Images/Cornet__1018500__ThreeQuarter__Sparkling-03.webp
Cornet,cornet,1018500,1018500,,threequarter,sparkling-4,Sparkling-04,cornet__1018500__threequarter__sparkling-4.webp,Cornet__1018500__ThreeQuarter__Sparkling-04.webp,Images/Cornet__1018500__ThreeQuarter__Sparkling-04.webp
Cornet,cornet,1018500,1018500,,threequarter,sparkling-5,Sparkling-05,cornet__1018500__threequarter__sparkling-5.webp,Cornet__1018500__ThreeQuarter__Sparkling-05.webp,Images/Cornet__1018500__ThreeQuarter__Sparkling-05.webp
Cornet,cornet,1018500,1018500,,threequarter,sparkling-6,Sparkling-06,cornet__1018500__threequarter__sparkling-6.webp,Cornet__1018500__ThreeQuarter__Sparkling-06.webp,Images/Cornet__1018500__ThreeQuarter__Sparkling-06.webp
Cornet,cornet,1018500,1018500,,threequarter,sparkling-7,Sparkling-07,cornet__1018500__threequarter__sparkling-7.webp,Cornet__1018500__ThreeQuarter__Sparkling-07.webp,Images/Cornet__1018500__ThreeQuarter__Sparkling-07.webp
Cornet,cornet,1018500,1018500,,threequarter,sparkling-8,Sparkling-08,cornet__1018500__threequarter__sparkling-8.webp,Cornet__1018500__ThreeQuarter__Sparkling-08.webp,Images/Cornet__1018500__ThreeQuarter__Sparkling-08.webp
Cornet,cornet,1018500,1018500,,threequarter,sparkling-9,Sparkling-09,cornet__1018500__threequarter__sparkling-9.webp,Cornet__1018500__ThreeQuarter__Sparkling-09.webp,Images/Cornet__1018500__ThreeQuarter__Sparkling-09.webp
Cornet,cornet,1018500,1018500,,threequarter,sparkling-10,Sparkling-10,cornet__1018500__threequarter__sparkling-10.webp,Cornet__1018500__ThreeQuarter__Sparkling-10.webp,Images/Cornet__1018500__ThreeQuarter__Sparkling-10.webp
Cornet,cornet,1018500,1018500,,threequarter,sparkling-11,Sparkling-11,cornet__1018500__threequarter__sparkling-11.webp,Cornet__1018500__ThreeQuarter__Sparkling-11.webp,Images/Cornet__1018500__ThreeQuarter__Sparkling-11.webp
Cornet,cornet,1018500,1018500,,threequarter,sparkling-12,Sparkling-12,cornet__1018500__threequarter__sparkling-12.webp,Cornet__1018500__ThreeQuarter__Sparkling-12.webp,Images/Cornet__1018500__ThreeQuarter__Sparkling-12.webp
Cornet,cornet,1018500,1018500,,threequarter,umbral,Umbral,cornet__1018500__threequarter__umbral.webp,Cornet__1018500__ThreeQuarter__Umbral.webp,Images/Cornet__1018500__ThreeQuarter__Umbral.webp
Cornet,cornet,1018501,1018501,,threequarter,normal,Normal,cornet__1018501__threequarter__normal.webp,Cornet__1018501__ThreeQuarter__Normal.webp,Images/Cornet__1018501__ThreeQuarter__Normal.webp
Cornet,cornet,1018501,1018501,,threequarter,sparkling-1,Sparkling-01,cornet__1018501__threequarter__sparkling-1.webp,Cornet__1018501__ThreeQuarter__Sparkling-01.webp,Images/Cornet__1018501__ThreeQuarter__Sparkling-01.webp
Cornet,cornet,1018501,1018501,,threequarter,sparkling-2,Sparkling-02,cornet__1018501__threequarter__sparkling-2.webp,Cornet__1018501__ThreeQuarter__Sparkling-02.webp,Images/Cornet__1018501__ThreeQuarter__Sparkling-02.webp
Cornet,cornet,1018501,1018501,,threequarter,sparkling-3,Sparkling-03,cornet__1018501__threequarter__sparkling-3.webp,Cornet__1018501__ThreeQuarter__Sparkling-03.webp,Images/Cornet__1018501__ThreeQuarter__Sparkling-03.webp
Cornet,cornet,1018501,1018501,,threequarter,sparkling-4,Sparkling-04,cornet__1018501__threequarter__sparkling-4.webp,Cornet__1018501__ThreeQuarter__Sparkling-04.webp,Images/Cornet__1018501__ThreeQuarter__Sparkling-04.webp
Cornet,cornet,1018501,1018501,,threequarter,sparkling-5,Sparkling-05,cornet__1018501__threequarter__sparkling-5.webp,Cornet__1018501__ThreeQuarter__Sparkling-05.webp,Images/Cornet__1018501__ThreeQuarter__Sparkling-05.webp
Cornet,cornet,1018501,1018501,,threequarter,sparkling-6,Sparkling-06,cornet__1018501__threequarter__sparkling-6.webp,Cornet__1018501__ThreeQuarter__Sparkling-06.webp,Images/Cornet__1018501__ThreeQuarter__Sparkling-06.webp
Cornet,cornet,1018501,1018501,,threequarter,sparkling-7,Sparkling-07,cornet__1018501__threequarter__sparkling-7.webp,Cornet__1018501__ThreeQuarter__Sparkling-07.webp,Images/Cornet__1018501__ThreeQuarter__Sparkling-07.webp
Cornet,cornet,1018501,1018501,,threequarter,sparkling-8,Sparkling-08,cornet__1018501__threequarter__sparkling-8.webp,Cornet__1018501__ThreeQuarter__Sparkling-08.webp,Images/Cornet__1018501__ThreeQuarter__Sparkling-08.webp
Cornet,cornet,1018501,1018501,,threequarter,sparkling-9,Sparkling-09,cornet__1018501__threequarter__sparkling-9.webp,Cornet__1018501__ThreeQuarter__Sparkling-09.webp,Images/Cornet__1018501__ThreeQuarter__Sparkling-09.webp
Cornet,cornet,1018501,1018501,,threequarter,sparkling-10,Sparkling-10,cornet__1018501__threequarter__sparkling-10.webp,Cornet__1018501__ThreeQuarter__Sparkling-10.webp,Images/Cornet__1018501__ThreeQuarter__Sparkling-10.webp
Cornet,cornet,1018501,1018501,,threequarter,sparkling-11,Sparkling-11,cornet__1018501__threequarter__sparkling-11.webp,Cornet__1018501__ThreeQuarter__Sparkling-11.webp,Images/Cornet__1018501__ThreeQuarter__Sparkling-11.webp
Cornet,cornet,1018501,1018501,,threequarter,sparkling-12,Sparkling-12,cornet__1018501__threequarter__sparkling-12.webp,Cornet__1018501__ThreeQuarter__Sparkling-12.webp,Images/Cornet__1018501__ThreeQuarter__Sparkling-12.webp
Cornet,cornet,1018501,1018501,,threequarter,umbral,Umbral,cornet__1018501__threequarter__umbral.webp,Cornet__1018501__ThreeQuarter__Umbral.webp,Images/Cornet__1018501__ThreeQuarter__Umbral.webp
Cornet,cornet,1018502,1018502,,threequarter,normal,Normal,cornet__1018502__threequarter__normal.webp,Cornet__1018502__ThreeQuarter__Normal.webp,Images/Cornet__1018502__ThreeQuarter__Normal.webp
Cornet,cornet,1018502,1018502,,threequarter,sparkling-1,Sparkling-01,cornet__1018502__threequarter__sparkling-1.webp,Cornet__1018502__ThreeQuarter__Sparkling-01.webp,Images/Cornet__1018502__ThreeQuarter__Sparkling-01.webp
Cornet,cornet,1018502,1018502,,threequarter,sparkling-2,Sparkling-02,cornet__1018502__threequarter__sparkling-2.webp,Cornet__1018502__ThreeQuarter__Sparkling-02.webp,Images/Cornet__1018502__ThreeQuarter__Sparkling-02.webp
Cornet,cornet,1018502,1018502,,threequarter,sparkling-3,Sparkling-03,cornet__1018502__threequarter__sparkling-3.webp,Cornet__1018502__ThreeQuarter__Sparkling-03.webp,Images/Cornet__1018502__ThreeQuarter__Sparkling-03.webp
Cornet,cornet,1018502,1018502,,threequarter,sparkling-4,Sparkling-04,cornet__1018502__threequarter__sparkling-4.webp,Cornet__1018502__ThreeQuarter__Sparkling-04.webp,Images/Cornet__1018502__ThreeQuarter__Sparkling-04.webp
Cornet,cornet,1018502,1018502,,threequarter,sparkling-5,Sparkling-05,cornet__1018502__threequarter__sparkling-5.webp,Cornet__1018502__ThreeQuarter__Sparkling-05.webp,Images/Cornet__1018502__ThreeQuarter__Sparkling-05.webp
Cornet,cornet,1018502,1018502,,threequarter,sparkling-6,Sparkling-06,cornet__1018502__threequarter__sparkling-6.webp,Cornet__1018502__ThreeQuarter__Sparkling-06.webp,Images/Cornet__1018502__ThreeQuarter__Sparkling-06.webp
Cornet,cornet,1018502,1018502,,threequarter,sparkling-7,Sparkling-07,cornet__1018502__threequarter__sparkling-7.webp,Cornet__1018502__ThreeQuarter__Sparkling-07.webp,Images/Cornet__1018502__ThreeQuarter__Sparkling-07.webp
Cornet,cornet,1018502,1018502,,threequarter,sparkling-8,Sparkling-08,cornet__1018502__threequarter__sparkling-8.webp,Cornet__1018502__ThreeQuarter__Sparkling-08.webp,Images/Cornet__1018502__ThreeQuarter__Sparkling-08.webp
Cornet,cornet,1018502,1018502,,threequarter,sparkling-9,Sparkling-09,cornet__1018502__threequarter__sparkling-9.webp,Cornet__1018502__ThreeQuarter__Sparkling-09.webp,Images/Cornet__1018502__ThreeQuarter__Sparkling-09.webp
Cornet,cornet,1018502,1018502,,threequarter,sparkling-10,Sparkling-10,cornet__1018502__threequarter__sparkling-10.webp,Cornet__1018502__ThreeQuarter__Sparkling-10.webp,Images/Cornet__1018502__ThreeQuarter__Sparkling-10.webp
Cornet,cornet,1018502,1018502,,threequarter,sparkling-11,Sparkling-11,cornet__1018502__threequarter__sparkling-11.webp,Cornet__1018502__ThreeQuarter__Sparkling-11.webp,Images/Cornet__1018502__ThreeQuarter__Sparkling-11.webp
Cornet,cornet,1018502,1018502,,threequarter,sparkling-12,Sparkling-12,cornet__1018502__threequarter__sparkling-12.webp,Cornet__1018502__ThreeQuarter__Sparkling-12.webp,Images/Cornet__1018502__ThreeQuarter__Sparkling-12.webp
Cornet,cornet,1018503,1018503,,threequarter,normal,Normal,cornet__1018503__threequarter__normal.webp,Cornet__1018503__ThreeQuarter__Normal.webp,Images/Cornet__1018503__ThreeQuarter__Normal.webp
Cornet,cornet,1018503,1018503,,threequarter,sparkling-1,Sparkling-01,cornet__1018503__threequarter__sparkling-1.webp,Cornet__1018503__ThreeQuarter__Sparkling-01.webp,Images/Cornet__1018503__ThreeQuarter__Sparkling-01.webp
Cornet,cornet,1018503,1018503,,threequarter,sparkling-2,Sparkling-02,cornet__1018503__threequarter__sparkling-2.webp,Cornet__1018503__ThreeQuarter__Sparkling-02.webp,Images/Cornet__1018503__ThreeQuarter__Sparkling-02.webp
Cornet,cornet,1018503,1018503,,threequarter,sparkling-3,Sparkling-03,cornet__1018503__threequarter__sparkling-3.webp,Cornet__1018503__ThreeQuarter__Sparkling-03.webp,Images/Cornet__1018503__ThreeQuarter__Sparkling-03.webp
Cornet,cornet,1018503,1018503,,threequarter,sparkling-4,Sparkling-04,cornet__1018503__threequarter__sparkling-4.webp,Cornet__1018503__ThreeQuarter__Sparkling-04.webp,Images/Cornet__1018503__ThreeQuarter__Sparkling-04.webp
Cornet,cornet,1018503,1018503,,threequarter,sparkling-5,Sparkling-05,cornet__1018503__threequarter__sparkling-5.webp,Cornet__1018503__ThreeQuarter__Sparkling-05.webp,Images/Cornet__1018503__ThreeQuarter__Sparkling-05.webp
Cornet,cornet,1018503,1018503,,threequarter,sparkling-6,Sparkling-06,cornet__1018503__threequarter__sparkling-6.webp,Cornet__1018503__ThreeQuarter__Sparkling-06.webp,Images/Cornet__1018503__ThreeQuarter__Sparkling-06.webp
Cornet,cornet,1018503,1018503,,threequarter,sparkling-7,Sparkling-07,cornet__1018503__threequarter__sparkling-7.webp,Cornet__1018503__ThreeQuarter__Sparkling-07.webp,Images/Cornet__1018503__ThreeQuarter__Sparkling-07.webp
Cornet,cornet,1018503,1018503,,threequarter,sparkling-8,Sparkling-08,cornet__1018503__threequarter__sparkling-8.webp,Cornet__1018503__ThreeQuarter__Sparkling-08.webp,Images/Cornet__1018503__ThreeQuarter__Sparkling-08.webp
Cornet,cornet,1018503,1018503,,threequarter,sparkling-9,Sparkling-09,cornet__1018503__threequarter__sparkling-9.webp,Cornet__1018503__ThreeQuarter__Sparkling-09.webp,Images/Cornet__1018503__ThreeQuarter__Sparkling-09.webp
Cornet,cornet,1018503,1018503,,threequarter,sparkling-10,Sparkling-10,cornet__1018503__threequarter__sparkling-10.webp,Cornet__1018503__ThreeQuarter__Sparkling-10.webp,Images/Cornet__1018503__ThreeQuarter__Sparkling-10.webp
Cornet,cornet,1018503,1018503,,threequarter,sparkling-11,Sparkling-11,cornet__1018503__threequarter__sparkling-11.webp,Cornet__1018503__ThreeQuarter__Sparkling-11.webp,Images/Cornet__1018503__ThreeQuarter__Sparkling-11.webp
Cornet,cornet,1018503,1018503,,threequarter,sparkling-12,Sparkling-12,cornet__1018503__threequarter__sparkling-12.webp,Cornet__1018503__ThreeQuarter__Sparkling-12.webp,Images/Cornet__1018503__ThreeQuarter__Sparkling-12.webp
Cornet,cornet,1018503,1018503,,threequarter,umbral,Umbral,cornet__1018503__threequarter__umbral.webp,Cornet__1018503__ThreeQuarter__Umbral.webp,Images/Cornet__1018503__ThreeQuarter__Umbral.webp
Cozite,cozite,1043100,1043100,,threequarter,normal,Normal,cozite__1043100__threequarter__normal.webp,Cozite__1043100__ThreeQuarter__Normal.webp,Images/Cozite__1043100__ThreeQuarter__Normal.webp
Cozite,cozite,1043100,1043100,,threequarter,sparkling-1,Sparkling-01,cozite__1043100__threequarter__sparkling-1.webp,Cozite__1043100__ThreeQuarter__Sparkling-01.webp,Images/Cozite__1043100__ThreeQuarter__Sparkling-01.webp
Cozite,cozite,1043100,1043100,,threequarter,sparkling-2,Sparkling-02,cozite__1043100__threequarter__sparkling-2.webp,Cozite__1043100__ThreeQuarter__Sparkling-02.webp,Images/Cozite__1043100__ThreeQuarter__Sparkling-02.webp
Cozite,cozite,1043100,1043100,,threequarter,sparkling-3,Sparkling-03,cozite__1043100__threequarter__sparkling-3.webp,Cozite__1043100__ThreeQuarter__Sparkling-03.webp,Images/Cozite__1043100__ThreeQuarter__Sparkling-03.webp
Cozite,cozite,1043100,1043100,,threequarter,sparkling-4,Sparkling-04,cozite__1043100__threequarter__sparkling-4.webp,Cozite__1043100__ThreeQuarter__Sparkling-04.webp,Images/Cozite__1043100__ThreeQuarter__Sparkling-04.webp
Cozite,cozite,1043100,1043100,,threequarter,sparkling-5,Sparkling-05,cozite__1043100__threequarter__sparkling-5.webp,Cozite__1043100__ThreeQuarter__Sparkling-05.webp,Images/Cozite__1043100__ThreeQuarter__Sparkling-05.webp
Cozite,cozite,1043100,1043100,,threequarter,sparkling-6,Sparkling-06,cozite__1043100__threequarter__sparkling-6.webp,Cozite__1043100__ThreeQuarter__Sparkling-06.webp,Images/Cozite__1043100__ThreeQuarter__Sparkling-06.webp
Cozite,cozite,1043100,1043100,,threequarter,sparkling-7,Sparkling-07,cozite__1043100__threequarter__sparkling-7.webp,Cozite__1043100__ThreeQuarter__Sparkling-07.webp,Images/Cozite__1043100__ThreeQuarter__Sparkling-07.webp
Cozite,cozite,1043100,1043100,,threequarter,sparkling-8,Sparkling-08,cozite__1043100__threequarter__sparkling-8.webp,Cozite__1043100__ThreeQuarter__Sparkling-08.webp,Images/Cozite__1043100__ThreeQuarter__Sparkling-08.webp
Cozite,cozite,1043100,1043100,,threequarter,sparkling-9,Sparkling-09,cozite__1043100__threequarter__sparkling-9.webp,Cozite__1043100__ThreeQuarter__Sparkling-09.webp,Images/Cozite__1043100__ThreeQuarter__Sparkling-09.webp
Cozite,cozite,1043100,1043100,,threequarter,sparkling-10,Sparkling-10,cozite__1043100__threequarter__sparkling-10.webp,Cozite__1043100__ThreeQuarter__Sparkling-10.webp,Images/Cozite__1043100__ThreeQuarter__Sparkling-10.webp
Cozite,cozite,1043100,1043100,,threequarter,sparkling-11,Sparkling-11,cozite__1043100__threequarter__sparkling-11.webp,Cozite__1043100__ThreeQuarter__Sparkling-11.webp,Images/Cozite__1043100__ThreeQuarter__Sparkling-11.webp
Cozite,cozite,1043100,1043100,,threequarter,sparkling-12,Sparkling-12,cozite__1043100__threequarter__sparkling-12.webp,Cozite__1043100__ThreeQuarter__Sparkling-12.webp,Images/Cozite__1043100__ThreeQuarter__Sparkling-12.webp
Cozite,cozite,1043100,1043100,,threequarter,umbral,Umbral,cozite__1043100__threequarter__umbral.webp,Cozite__1043100__ThreeQuarter__Umbral.webp,Images/Cozite__1043100__ThreeQuarter__Umbral.webp
Cubbo,cubbo,1050100,1050100,,threequarter,normal,Normal,cubbo__1050100__threequarter__normal.webp,Cubbo__1050100__ThreeQuarter__Normal.webp,Images/Cubbo__1050100__ThreeQuarter__Normal.webp
Cubbo,cubbo,1050100,1050100,,threequarter,sparkling-1,Sparkling-01,cubbo__1050100__threequarter__sparkling-1.webp,Cubbo__1050100__ThreeQuarter__Sparkling-01.webp,Images/Cubbo__1050100__ThreeQuarter__Sparkling-01.webp
Cubbo,cubbo,1050100,1050100,,threequarter,sparkling-2,Sparkling-02,cubbo__1050100__threequarter__sparkling-2.webp,Cubbo__1050100__ThreeQuarter__Sparkling-02.webp,Images/Cubbo__1050100__ThreeQuarter__Sparkling-02.webp
Cubbo,cubbo,1050100,1050100,,threequarter,sparkling-3,Sparkling-03,cubbo__1050100__threequarter__sparkling-3.webp,Cubbo__1050100__ThreeQuarter__Sparkling-03.webp,Images/Cubbo__1050100__ThreeQuarter__Sparkling-03.webp
Cubbo,cubbo,1050100,1050100,,threequarter,sparkling-4,Sparkling-04,cubbo__1050100__threequarter__sparkling-4.webp,Cubbo__1050100__ThreeQuarter__Sparkling-04.webp,Images/Cubbo__1050100__ThreeQuarter__Sparkling-04.webp
Cubbo,cubbo,1050100,1050100,,threequarter,sparkling-5,Sparkling-05,cubbo__1050100__threequarter__sparkling-5.webp,Cubbo__1050100__ThreeQuarter__Sparkling-05.webp,Images/Cubbo__1050100__ThreeQuarter__Sparkling-05.webp
Cubbo,cubbo,1050100,1050100,,threequarter,sparkling-6,Sparkling-06,cubbo__1050100__threequarter__sparkling-6.webp,Cubbo__1050100__ThreeQuarter__Sparkling-06.webp,Images/Cubbo__1050100__ThreeQuarter__Sparkling-06.webp
Cubbo,cubbo,1050100,1050100,,threequarter,sparkling-7,Sparkling-07,cubbo__1050100__threequarter__sparkling-7.webp,Cubbo__1050100__ThreeQuarter__Sparkling-07.webp,Images/Cubbo__1050100__ThreeQuarter__Sparkling-07.webp
Cubbo,cubbo,1050100,1050100,,threequarter,sparkling-8,Sparkling-08,cubbo__1050100__threequarter__sparkling-8.webp,Cubbo__1050100__ThreeQuarter__Sparkling-08.webp,Images/Cubbo__1050100__ThreeQuarter__Sparkling-08.webp
Cubbo,cubbo,1050100,1050100,,threequarter,sparkling-9,Sparkling-09,cubbo__1050100__threequarter__sparkling-9.webp,Cubbo__1050100__ThreeQuarter__Sparkling-09.webp,Images/Cubbo__1050100__ThreeQuarter__Sparkling-09.webp
Cubbo,cubbo,1050100,1050100,,threequarter,sparkling-10,Sparkling-10,cubbo__1050100__threequarter__sparkling-10.webp,Cubbo__1050100__ThreeQuarter__Sparkling-10.webp,Images/Cubbo__1050100__ThreeQuarter__Sparkling-10.webp
Cubbo,cubbo,1050100,1050100,,threequarter,sparkling-11,Sparkling-11,cubbo__1050100__threequarter__sparkling-11.webp,Cubbo__1050100__ThreeQuarter__Sparkling-11.webp,Images/Cubbo__1050100__ThreeQuarter__Sparkling-11.webp
Cubbo,cubbo,1050100,1050100,,threequarter,sparkling-12,Sparkling-12,cubbo__1050100__threequarter__sparkling-12.webp,Cubbo__1050100__ThreeQuarter__Sparkling-12.webp,Images/Cubbo__1050100__ThreeQuarter__Sparkling-12.webp
Cubbo,cubbo,1050100,1050100,,threequarter,umbral,Umbral,cubbo__1050100__threequarter__umbral.webp,Cubbo__1050100__ThreeQuarter__Umbral.webp,Images/Cubbo__1050100__ThreeQuarter__Umbral.webp
Dazmand,dazmand,1047400,1047400,,threequarter,normal,Normal,dazmand__1047400__threequarter__normal.webp,Dazmand__1047400__ThreeQuarter__Normal.webp,Images/Dazmand__1047400__ThreeQuarter__Normal.webp
Dazmand,dazmand,1047400,1047400,,threequarter,sparkling-1,Sparkling-01,dazmand__1047400__threequarter__sparkling-1.webp,Dazmand__1047400__ThreeQuarter__Sparkling-01.webp,Images/Dazmand__1047400__ThreeQuarter__Sparkling-01.webp
Dazmand,dazmand,1047400,1047400,,threequarter,sparkling-2,Sparkling-02,dazmand__1047400__threequarter__sparkling-2.webp,Dazmand__1047400__ThreeQuarter__Sparkling-02.webp,Images/Dazmand__1047400__ThreeQuarter__Sparkling-02.webp
Dazmand,dazmand,1047400,1047400,,threequarter,sparkling-3,Sparkling-03,dazmand__1047400__threequarter__sparkling-3.webp,Dazmand__1047400__ThreeQuarter__Sparkling-03.webp,Images/Dazmand__1047400__ThreeQuarter__Sparkling-03.webp
Dazmand,dazmand,1047400,1047400,,threequarter,sparkling-4,Sparkling-04,dazmand__1047400__threequarter__sparkling-4.webp,Dazmand__1047400__ThreeQuarter__Sparkling-04.webp,Images/Dazmand__1047400__ThreeQuarter__Sparkling-04.webp
Dazmand,dazmand,1047400,1047400,,threequarter,sparkling-5,Sparkling-05,dazmand__1047400__threequarter__sparkling-5.webp,Dazmand__1047400__ThreeQuarter__Sparkling-05.webp,Images/Dazmand__1047400__ThreeQuarter__Sparkling-05.webp
Dazmand,dazmand,1047400,1047400,,threequarter,sparkling-6,Sparkling-06,dazmand__1047400__threequarter__sparkling-6.webp,Dazmand__1047400__ThreeQuarter__Sparkling-06.webp,Images/Dazmand__1047400__ThreeQuarter__Sparkling-06.webp
Dazmand,dazmand,1047400,1047400,,threequarter,sparkling-7,Sparkling-07,dazmand__1047400__threequarter__sparkling-7.webp,Dazmand__1047400__ThreeQuarter__Sparkling-07.webp,Images/Dazmand__1047400__ThreeQuarter__Sparkling-07.webp
Dazmand,dazmand,1047400,1047400,,threequarter,sparkling-8,Sparkling-08,dazmand__1047400__threequarter__sparkling-8.webp,Dazmand__1047400__ThreeQuarter__Sparkling-08.webp,Images/Dazmand__1047400__ThreeQuarter__Sparkling-08.webp
Dazmand,dazmand,1047400,1047400,,threequarter,sparkling-9,Sparkling-09,dazmand__1047400__threequarter__sparkling-9.webp,Dazmand__1047400__ThreeQuarter__Sparkling-09.webp,Images/Dazmand__1047400__ThreeQuarter__Sparkling-09.webp
Dazmand,dazmand,1047400,1047400,,threequarter,sparkling-10,Sparkling-10,dazmand__1047400__threequarter__sparkling-10.webp,Dazmand__1047400__ThreeQuarter__Sparkling-10.webp,Images/Dazmand__1047400__ThreeQuarter__Sparkling-10.webp
Dazmand,dazmand,1047400,1047400,,threequarter,sparkling-11,Sparkling-11,dazmand__1047400__threequarter__sparkling-11.webp,Dazmand__1047400__ThreeQuarter__Sparkling-11.webp,Images/Dazmand__1047400__ThreeQuarter__Sparkling-11.webp
Dazmand,dazmand,1047400,1047400,,threequarter,sparkling-12,Sparkling-12,dazmand__1047400__threequarter__sparkling-12.webp,Dazmand__1047400__ThreeQuarter__Sparkling-12.webp,Images/Dazmand__1047400__ThreeQuarter__Sparkling-12.webp
Dazmand,dazmand,1047400,1047400,,threequarter,umbral,Umbral,dazmand__1047400__threequarter__umbral.webp,Dazmand__1047400__ThreeQuarter__Umbral.webp,Images/Dazmand__1047400__ThreeQuarter__Umbral.webp
Dewy,dewy,1035100,1035100,,threequarter,normal,Normal,dewy__1035100__threequarter__normal.webp,Dewy__1035100__ThreeQuarter__Normal.webp,Images/Dewy__1035100__ThreeQuarter__Normal.webp
Dewy,dewy,1035100,1035100,,threequarter,sparkling-1,Sparkling-01,dewy__1035100__threequarter__sparkling-1.webp,Dewy__1035100__ThreeQuarter__Sparkling-01.webp,Images/Dewy__1035100__ThreeQuarter__Sparkling-01.webp
Dewy,dewy,1035100,1035100,,threequarter,sparkling-2,Sparkling-02,dewy__1035100__threequarter__sparkling-2.webp,Dewy__1035100__ThreeQuarter__Sparkling-02.webp,Images/Dewy__1035100__ThreeQuarter__Sparkling-02.webp
Dewy,dewy,1035100,1035100,,threequarter,sparkling-3,Sparkling-03,dewy__1035100__threequarter__sparkling-3.webp,Dewy__1035100__ThreeQuarter__Sparkling-03.webp,Images/Dewy__1035100__ThreeQuarter__Sparkling-03.webp
Dewy,dewy,1035100,1035100,,threequarter,sparkling-4,Sparkling-04,dewy__1035100__threequarter__sparkling-4.webp,Dewy__1035100__ThreeQuarter__Sparkling-04.webp,Images/Dewy__1035100__ThreeQuarter__Sparkling-04.webp
Dewy,dewy,1035100,1035100,,threequarter,sparkling-5,Sparkling-05,dewy__1035100__threequarter__sparkling-5.webp,Dewy__1035100__ThreeQuarter__Sparkling-05.webp,Images/Dewy__1035100__ThreeQuarter__Sparkling-05.webp
Dewy,dewy,1035100,1035100,,threequarter,sparkling-6,Sparkling-06,dewy__1035100__threequarter__sparkling-6.webp,Dewy__1035100__ThreeQuarter__Sparkling-06.webp,Images/Dewy__1035100__ThreeQuarter__Sparkling-06.webp
Dewy,dewy,1035100,1035100,,threequarter,sparkling-7,Sparkling-07,dewy__1035100__threequarter__sparkling-7.webp,Dewy__1035100__ThreeQuarter__Sparkling-07.webp,Images/Dewy__1035100__ThreeQuarter__Sparkling-07.webp
Dewy,dewy,1035100,1035100,,threequarter,sparkling-8,Sparkling-08,dewy__1035100__threequarter__sparkling-8.webp,Dewy__1035100__ThreeQuarter__Sparkling-08.webp,Images/Dewy__1035100__ThreeQuarter__Sparkling-08.webp
Dewy,dewy,1035100,1035100,,threequarter,sparkling-9,Sparkling-09,dewy__1035100__threequarter__sparkling-9.webp,Dewy__1035100__ThreeQuarter__Sparkling-09.webp,Images/Dewy__1035100__ThreeQuarter__Sparkling-09.webp
Dewy,dewy,1035100,1035100,,threequarter,sparkling-10,Sparkling-10,dewy__1035100__threequarter__sparkling-10.webp,Dewy__1035100__ThreeQuarter__Sparkling-10.webp,Images/Dewy__1035100__ThreeQuarter__Sparkling-10.webp
Dewy,dewy,1035100,1035100,,threequarter,sparkling-11,Sparkling-11,dewy__1035100__threequarter__sparkling-11.webp,Dewy__1035100__ThreeQuarter__Sparkling-11.webp,Images/Dewy__1035100__ThreeQuarter__Sparkling-11.webp
Dewy,dewy,1035100,1035100,,threequarter,sparkling-12,Sparkling-12,dewy__1035100__threequarter__sparkling-12.webp,Dewy__1035100__ThreeQuarter__Sparkling-12.webp,Images/Dewy__1035100__ThreeQuarter__Sparkling-12.webp
Dewy,dewy,1035100,1035100,,threequarter,umbral,Umbral,dewy__1035100__threequarter__umbral.webp,Dewy__1035100__ThreeQuarter__Umbral.webp,Images/Dewy__1035100__ThreeQuarter__Umbral.webp
Dreaple,dreaple,1026300,1026300,,threequarter,normal,Normal,dreaple__1026300__threequarter__normal.webp,Dreaple__1026300__ThreeQuarter__Normal.webp,Images/Dreaple__1026300__ThreeQuarter__Normal.webp
Dreaple,dreaple,1026300,1026300,,threequarter,sparkling-1,Sparkling-01,dreaple__1026300__threequarter__sparkling-1.webp,Dreaple__1026300__ThreeQuarter__Sparkling-01.webp,Images/Dreaple__1026300__ThreeQuarter__Sparkling-01.webp
Dreaple,dreaple,1026300,1026300,,threequarter,sparkling-2,Sparkling-02,dreaple__1026300__threequarter__sparkling-2.webp,Dreaple__1026300__ThreeQuarter__Sparkling-02.webp,Images/Dreaple__1026300__ThreeQuarter__Sparkling-02.webp
Dreaple,dreaple,1026300,1026300,,threequarter,sparkling-3,Sparkling-03,dreaple__1026300__threequarter__sparkling-3.webp,Dreaple__1026300__ThreeQuarter__Sparkling-03.webp,Images/Dreaple__1026300__ThreeQuarter__Sparkling-03.webp
Dreaple,dreaple,1026300,1026300,,threequarter,sparkling-4,Sparkling-04,dreaple__1026300__threequarter__sparkling-4.webp,Dreaple__1026300__ThreeQuarter__Sparkling-04.webp,Images/Dreaple__1026300__ThreeQuarter__Sparkling-04.webp
Dreaple,dreaple,1026300,1026300,,threequarter,sparkling-5,Sparkling-05,dreaple__1026300__threequarter__sparkling-5.webp,Dreaple__1026300__ThreeQuarter__Sparkling-05.webp,Images/Dreaple__1026300__ThreeQuarter__Sparkling-05.webp
Dreaple,dreaple,1026300,1026300,,threequarter,sparkling-6,Sparkling-06,dreaple__1026300__threequarter__sparkling-6.webp,Dreaple__1026300__ThreeQuarter__Sparkling-06.webp,Images/Dreaple__1026300__ThreeQuarter__Sparkling-06.webp
Dreaple,dreaple,1026300,1026300,,threequarter,sparkling-7,Sparkling-07,dreaple__1026300__threequarter__sparkling-7.webp,Dreaple__1026300__ThreeQuarter__Sparkling-07.webp,Images/Dreaple__1026300__ThreeQuarter__Sparkling-07.webp
Dreaple,dreaple,1026300,1026300,,threequarter,sparkling-8,Sparkling-08,dreaple__1026300__threequarter__sparkling-8.webp,Dreaple__1026300__ThreeQuarter__Sparkling-08.webp,Images/Dreaple__1026300__ThreeQuarter__Sparkling-08.webp
Dreaple,dreaple,1026300,1026300,,threequarter,sparkling-9,Sparkling-09,dreaple__1026300__threequarter__sparkling-9.webp,Dreaple__1026300__ThreeQuarter__Sparkling-09.webp,Images/Dreaple__1026300__ThreeQuarter__Sparkling-09.webp
Dreaple,dreaple,1026300,1026300,,threequarter,sparkling-10,Sparkling-10,dreaple__1026300__threequarter__sparkling-10.webp,Dreaple__1026300__ThreeQuarter__Sparkling-10.webp,Images/Dreaple__1026300__ThreeQuarter__Sparkling-10.webp
Dreaple,dreaple,1026300,1026300,,threequarter,sparkling-11,Sparkling-11,dreaple__1026300__threequarter__sparkling-11.webp,Dreaple__1026300__ThreeQuarter__Sparkling-11.webp,Images/Dreaple__1026300__ThreeQuarter__Sparkling-11.webp
Dreaple,dreaple,1026300,1026300,,threequarter,sparkling-12,Sparkling-12,dreaple__1026300__threequarter__sparkling-12.webp,Dreaple__1026300__ThreeQuarter__Sparkling-12.webp,Images/Dreaple__1026300__ThreeQuarter__Sparkling-12.webp
Dreaple,dreaple,1026300,1026300,,threequarter,umbral,Umbral,dreaple__1026300__threequarter__umbral.webp,Dreaple__1026300__ThreeQuarter__Umbral.webp,Images/Dreaple__1026300__ThreeQuarter__Umbral.webp
Eklue,eklue,1044300,1044300,,threequarter,normal,Normal,eklue__1044300__threequarter__normal.webp,Eklue__1044300__ThreeQuarter__Normal.webp,Images/Eklue__1044300__ThreeQuarter__Normal.webp
Eklue,eklue,1044300,1044300,,threequarter,sparkling-1,Sparkling-01,eklue__1044300__threequarter__sparkling-1.webp,Eklue__1044300__ThreeQuarter__Sparkling-01.webp,Images/Eklue__1044300__ThreeQuarter__Sparkling-01.webp
Eklue,eklue,1044300,1044300,,threequarter,sparkling-2,Sparkling-02,eklue__1044300__threequarter__sparkling-2.webp,Eklue__1044300__ThreeQuarter__Sparkling-02.webp,Images/Eklue__1044300__ThreeQuarter__Sparkling-02.webp
Eklue,eklue,1044300,1044300,,threequarter,sparkling-3,Sparkling-03,eklue__1044300__threequarter__sparkling-3.webp,Eklue__1044300__ThreeQuarter__Sparkling-03.webp,Images/Eklue__1044300__ThreeQuarter__Sparkling-03.webp
Eklue,eklue,1044300,1044300,,threequarter,sparkling-4,Sparkling-04,eklue__1044300__threequarter__sparkling-4.webp,Eklue__1044300__ThreeQuarter__Sparkling-04.webp,Images/Eklue__1044300__ThreeQuarter__Sparkling-04.webp
Eklue,eklue,1044300,1044300,,threequarter,sparkling-5,Sparkling-05,eklue__1044300__threequarter__sparkling-5.webp,Eklue__1044300__ThreeQuarter__Sparkling-05.webp,Images/Eklue__1044300__ThreeQuarter__Sparkling-05.webp
Eklue,eklue,1044300,1044300,,threequarter,sparkling-6,Sparkling-06,eklue__1044300__threequarter__sparkling-6.webp,Eklue__1044300__ThreeQuarter__Sparkling-06.webp,Images/Eklue__1044300__ThreeQuarter__Sparkling-06.webp
Eklue,eklue,1044300,1044300,,threequarter,sparkling-7,Sparkling-07,eklue__1044300__threequarter__sparkling-7.webp,Eklue__1044300__ThreeQuarter__Sparkling-07.webp,Images/Eklue__1044300__ThreeQuarter__Sparkling-07.webp
Eklue,eklue,1044300,1044300,,threequarter,sparkling-8,Sparkling-08,eklue__1044300__threequarter__sparkling-8.webp,Eklue__1044300__ThreeQuarter__Sparkling-08.webp,Images/Eklue__1044300__ThreeQuarter__Sparkling-08.webp
Eklue,eklue,1044300,1044300,,threequarter,sparkling-9,Sparkling-09,eklue__1044300__threequarter__sparkling-9.webp,Eklue__1044300__ThreeQuarter__Sparkling-09.webp,Images/Eklue__1044300__ThreeQuarter__Sparkling-09.webp
Eklue,eklue,1044300,1044300,,threequarter,sparkling-10,Sparkling-10,eklue__1044300__threequarter__sparkling-10.webp,Eklue__1044300__ThreeQuarter__Sparkling-10.webp,Images/Eklue__1044300__ThreeQuarter__Sparkling-10.webp
Eklue,eklue,1044300,1044300,,threequarter,sparkling-11,Sparkling-11,eklue__1044300__threequarter__sparkling-11.webp,Eklue__1044300__ThreeQuarter__Sparkling-11.webp,Images/Eklue__1044300__ThreeQuarter__Sparkling-11.webp
Eklue,eklue,1044300,1044300,,threequarter,sparkling-12,Sparkling-12,eklue__1044300__threequarter__sparkling-12.webp,Eklue__1044300__ThreeQuarter__Sparkling-12.webp,Images/Eklue__1044300__ThreeQuarter__Sparkling-12.webp
Eklue,eklue,1044300,1044300,,threequarter,umbral,Umbral,eklue__1044300__threequarter__umbral.webp,Eklue__1044300__ThreeQuarter__Umbral.webp,Images/Eklue__1044300__ThreeQuarter__Umbral.webp
Eko,eko,1044100,1044100,,threequarter,normal,Normal,eko__1044100__threequarter__normal.webp,Eko__1044100__ThreeQuarter__Normal.webp,Images/Eko__1044100__ThreeQuarter__Normal.webp
Eko,eko,1044100,1044100,,threequarter,sparkling-1,Sparkling-01,eko__1044100__threequarter__sparkling-1.webp,Eko__1044100__ThreeQuarter__Sparkling-01.webp,Images/Eko__1044100__ThreeQuarter__Sparkling-01.webp
Eko,eko,1044100,1044100,,threequarter,sparkling-2,Sparkling-02,eko__1044100__threequarter__sparkling-2.webp,Eko__1044100__ThreeQuarter__Sparkling-02.webp,Images/Eko__1044100__ThreeQuarter__Sparkling-02.webp
Eko,eko,1044100,1044100,,threequarter,sparkling-3,Sparkling-03,eko__1044100__threequarter__sparkling-3.webp,Eko__1044100__ThreeQuarter__Sparkling-03.webp,Images/Eko__1044100__ThreeQuarter__Sparkling-03.webp
Eko,eko,1044100,1044100,,threequarter,sparkling-4,Sparkling-04,eko__1044100__threequarter__sparkling-4.webp,Eko__1044100__ThreeQuarter__Sparkling-04.webp,Images/Eko__1044100__ThreeQuarter__Sparkling-04.webp
Eko,eko,1044100,1044100,,threequarter,sparkling-5,Sparkling-05,eko__1044100__threequarter__sparkling-5.webp,Eko__1044100__ThreeQuarter__Sparkling-05.webp,Images/Eko__1044100__ThreeQuarter__Sparkling-05.webp
Eko,eko,1044100,1044100,,threequarter,sparkling-6,Sparkling-06,eko__1044100__threequarter__sparkling-6.webp,Eko__1044100__ThreeQuarter__Sparkling-06.webp,Images/Eko__1044100__ThreeQuarter__Sparkling-06.webp
Eko,eko,1044100,1044100,,threequarter,sparkling-7,Sparkling-07,eko__1044100__threequarter__sparkling-7.webp,Eko__1044100__ThreeQuarter__Sparkling-07.webp,Images/Eko__1044100__ThreeQuarter__Sparkling-07.webp
Eko,eko,1044100,1044100,,threequarter,sparkling-8,Sparkling-08,eko__1044100__threequarter__sparkling-8.webp,Eko__1044100__ThreeQuarter__Sparkling-08.webp,Images/Eko__1044100__ThreeQuarter__Sparkling-08.webp
Eko,eko,1044100,1044100,,threequarter,sparkling-9,Sparkling-09,eko__1044100__threequarter__sparkling-9.webp,Eko__1044100__ThreeQuarter__Sparkling-09.webp,Images/Eko__1044100__ThreeQuarter__Sparkling-09.webp
Eko,eko,1044100,1044100,,threequarter,sparkling-10,Sparkling-10,eko__1044100__threequarter__sparkling-10.webp,Eko__1044100__ThreeQuarter__Sparkling-10.webp,Images/Eko__1044100__ThreeQuarter__Sparkling-10.webp
Eko,eko,1044100,1044100,,threequarter,sparkling-11,Sparkling-11,eko__1044100__threequarter__sparkling-11.webp,Eko__1044100__ThreeQuarter__Sparkling-11.webp,Images/Eko__1044100__ThreeQuarter__Sparkling-11.webp
Eko,eko,1044100,1044100,,threequarter,sparkling-12,Sparkling-12,eko__1044100__threequarter__sparkling-12.webp,Eko__1044100__ThreeQuarter__Sparkling-12.webp,Images/Eko__1044100__ThreeQuarter__Sparkling-12.webp
Eko,eko,1044100,1044100,,threequarter,umbral,Umbral,eko__1044100__threequarter__umbral.webp,Eko__1044100__ThreeQuarter__Umbral.webp,Images/Eko__1044100__ThreeQuarter__Umbral.webp
Emberpup,emberpup,1005100,1005100,,threequarter,normal,Normal,emberpup__1005100__threequarter__normal.webp,Emberpup__1005100__ThreeQuarter__Normal.webp,Images/Emberpup__1005100__ThreeQuarter__Normal.webp
Emberpup,emberpup,1005100,1005100,,threequarter,sparkling-1,Sparkling-01,emberpup__1005100__threequarter__sparkling-1.webp,Emberpup__1005100__ThreeQuarter__Sparkling-01.webp,Images/Emberpup__1005100__ThreeQuarter__Sparkling-01.webp
Emberpup,emberpup,1005100,1005100,,threequarter,sparkling-2,Sparkling-02,emberpup__1005100__threequarter__sparkling-2.webp,Emberpup__1005100__ThreeQuarter__Sparkling-02.webp,Images/Emberpup__1005100__ThreeQuarter__Sparkling-02.webp
Emberpup,emberpup,1005100,1005100,,threequarter,sparkling-3,Sparkling-03,emberpup__1005100__threequarter__sparkling-3.webp,Emberpup__1005100__ThreeQuarter__Sparkling-03.webp,Images/Emberpup__1005100__ThreeQuarter__Sparkling-03.webp
Emberpup,emberpup,1005100,1005100,,threequarter,sparkling-4,Sparkling-04,emberpup__1005100__threequarter__sparkling-4.webp,Emberpup__1005100__ThreeQuarter__Sparkling-04.webp,Images/Emberpup__1005100__ThreeQuarter__Sparkling-04.webp
Emberpup,emberpup,1005100,1005100,,threequarter,sparkling-5,Sparkling-05,emberpup__1005100__threequarter__sparkling-5.webp,Emberpup__1005100__ThreeQuarter__Sparkling-05.webp,Images/Emberpup__1005100__ThreeQuarter__Sparkling-05.webp
Emberpup,emberpup,1005100,1005100,,threequarter,sparkling-6,Sparkling-06,emberpup__1005100__threequarter__sparkling-6.webp,Emberpup__1005100__ThreeQuarter__Sparkling-06.webp,Images/Emberpup__1005100__ThreeQuarter__Sparkling-06.webp
Emberpup,emberpup,1005100,1005100,,threequarter,sparkling-7,Sparkling-07,emberpup__1005100__threequarter__sparkling-7.webp,Emberpup__1005100__ThreeQuarter__Sparkling-07.webp,Images/Emberpup__1005100__ThreeQuarter__Sparkling-07.webp
Emberpup,emberpup,1005100,1005100,,threequarter,sparkling-8,Sparkling-08,emberpup__1005100__threequarter__sparkling-8.webp,Emberpup__1005100__ThreeQuarter__Sparkling-08.webp,Images/Emberpup__1005100__ThreeQuarter__Sparkling-08.webp
Emberpup,emberpup,1005100,1005100,,threequarter,sparkling-9,Sparkling-09,emberpup__1005100__threequarter__sparkling-9.webp,Emberpup__1005100__ThreeQuarter__Sparkling-09.webp,Images/Emberpup__1005100__ThreeQuarter__Sparkling-09.webp
Emberpup,emberpup,1005100,1005100,,threequarter,sparkling-10,Sparkling-10,emberpup__1005100__threequarter__sparkling-10.webp,Emberpup__1005100__ThreeQuarter__Sparkling-10.webp,Images/Emberpup__1005100__ThreeQuarter__Sparkling-10.webp
Emberpup,emberpup,1005100,1005100,,threequarter,sparkling-11,Sparkling-11,emberpup__1005100__threequarter__sparkling-11.webp,Emberpup__1005100__ThreeQuarter__Sparkling-11.webp,Images/Emberpup__1005100__ThreeQuarter__Sparkling-11.webp
Emberpup,emberpup,1005100,1005100,,threequarter,sparkling-12,Sparkling-12,emberpup__1005100__threequarter__sparkling-12.webp,Emberpup__1005100__ThreeQuarter__Sparkling-12.webp,Images/Emberpup__1005100__ThreeQuarter__Sparkling-12.webp
Emberpup,emberpup,1005100,1005100,,threequarter,umbral,Umbral,emberpup__1005100__threequarter__umbral.webp,Emberpup__1005100__ThreeQuarter__Umbral.webp,Images/Emberpup__1005100__ThreeQuarter__Umbral.webp
Emberpup,emberpup,1005101,1005101,,threequarter,normal,Normal,emberpup__1005101__threequarter__normal.webp,Emberpup__1005101__ThreeQuarter__Normal.webp,Images/Emberpup__1005101__ThreeQuarter__Normal.webp
Emberpup,emberpup,1005101,1005101,,threequarter,sparkling-1,Sparkling-01,emberpup__1005101__threequarter__sparkling-1.webp,Emberpup__1005101__ThreeQuarter__Sparkling-01.webp,Images/Emberpup__1005101__ThreeQuarter__Sparkling-01.webp
Emberpup,emberpup,1005101,1005101,,threequarter,sparkling-2,Sparkling-02,emberpup__1005101__threequarter__sparkling-2.webp,Emberpup__1005101__ThreeQuarter__Sparkling-02.webp,Images/Emberpup__1005101__ThreeQuarter__Sparkling-02.webp
Emberpup,emberpup,1005101,1005101,,threequarter,sparkling-3,Sparkling-03,emberpup__1005101__threequarter__sparkling-3.webp,Emberpup__1005101__ThreeQuarter__Sparkling-03.webp,Images/Emberpup__1005101__ThreeQuarter__Sparkling-03.webp
Emberpup,emberpup,1005101,1005101,,threequarter,sparkling-4,Sparkling-04,emberpup__1005101__threequarter__sparkling-4.webp,Emberpup__1005101__ThreeQuarter__Sparkling-04.webp,Images/Emberpup__1005101__ThreeQuarter__Sparkling-04.webp
Emberpup,emberpup,1005101,1005101,,threequarter,sparkling-5,Sparkling-05,emberpup__1005101__threequarter__sparkling-5.webp,Emberpup__1005101__ThreeQuarter__Sparkling-05.webp,Images/Emberpup__1005101__ThreeQuarter__Sparkling-05.webp
Emberpup,emberpup,1005101,1005101,,threequarter,sparkling-6,Sparkling-06,emberpup__1005101__threequarter__sparkling-6.webp,Emberpup__1005101__ThreeQuarter__Sparkling-06.webp,Images/Emberpup__1005101__ThreeQuarter__Sparkling-06.webp
Emberpup,emberpup,1005101,1005101,,threequarter,sparkling-7,Sparkling-07,emberpup__1005101__threequarter__sparkling-7.webp,Emberpup__1005101__ThreeQuarter__Sparkling-07.webp,Images/Emberpup__1005101__ThreeQuarter__Sparkling-07.webp
Emberpup,emberpup,1005101,1005101,,threequarter,sparkling-8,Sparkling-08,emberpup__1005101__threequarter__sparkling-8.webp,Emberpup__1005101__ThreeQuarter__Sparkling-08.webp,Images/Emberpup__1005101__ThreeQuarter__Sparkling-08.webp
Emberpup,emberpup,1005101,1005101,,threequarter,sparkling-9,Sparkling-09,emberpup__1005101__threequarter__sparkling-9.webp,Emberpup__1005101__ThreeQuarter__Sparkling-09.webp,Images/Emberpup__1005101__ThreeQuarter__Sparkling-09.webp
Emberpup,emberpup,1005101,1005101,,threequarter,sparkling-10,Sparkling-10,emberpup__1005101__threequarter__sparkling-10.webp,Emberpup__1005101__ThreeQuarter__Sparkling-10.webp,Images/Emberpup__1005101__ThreeQuarter__Sparkling-10.webp
Emberpup,emberpup,1005101,1005101,,threequarter,sparkling-11,Sparkling-11,emberpup__1005101__threequarter__sparkling-11.webp,Emberpup__1005101__ThreeQuarter__Sparkling-11.webp,Images/Emberpup__1005101__ThreeQuarter__Sparkling-11.webp
Emberpup,emberpup,1005101,1005101,,threequarter,sparkling-12,Sparkling-12,emberpup__1005101__threequarter__sparkling-12.webp,Emberpup__1005101__ThreeQuarter__Sparkling-12.webp,Images/Emberpup__1005101__ThreeQuarter__Sparkling-12.webp
Emberpup,emberpup,1005101,1005101,,threequarter,umbral,Umbral,emberpup__1005101__threequarter__umbral.webp,Emberpup__1005101__ThreeQuarter__Umbral.webp,Images/Emberpup__1005101__ThreeQuarter__Umbral.webp
Emberpup,emberpup,1005104,1005104,,threequarter,normal,Normal,emberpup__1005104__threequarter__normal.webp,Emberpup__1005104__ThreeQuarter__Normal.webp,Images/Emberpup__1005104__ThreeQuarter__Normal.webp
Emberpup,emberpup,1005104,1005104,,threequarter,sparkling-1,Sparkling-01,emberpup__1005104__threequarter__sparkling-1.webp,Emberpup__1005104__ThreeQuarter__Sparkling-01.webp,Images/Emberpup__1005104__ThreeQuarter__Sparkling-01.webp
Emberpup,emberpup,1005104,1005104,,threequarter,sparkling-2,Sparkling-02,emberpup__1005104__threequarter__sparkling-2.webp,Emberpup__1005104__ThreeQuarter__Sparkling-02.webp,Images/Emberpup__1005104__ThreeQuarter__Sparkling-02.webp
Emberpup,emberpup,1005104,1005104,,threequarter,sparkling-3,Sparkling-03,emberpup__1005104__threequarter__sparkling-3.webp,Emberpup__1005104__ThreeQuarter__Sparkling-03.webp,Images/Emberpup__1005104__ThreeQuarter__Sparkling-03.webp
Emberpup,emberpup,1005104,1005104,,threequarter,sparkling-4,Sparkling-04,emberpup__1005104__threequarter__sparkling-4.webp,Emberpup__1005104__ThreeQuarter__Sparkling-04.webp,Images/Emberpup__1005104__ThreeQuarter__Sparkling-04.webp
Emberpup,emberpup,1005104,1005104,,threequarter,sparkling-5,Sparkling-05,emberpup__1005104__threequarter__sparkling-5.webp,Emberpup__1005104__ThreeQuarter__Sparkling-05.webp,Images/Emberpup__1005104__ThreeQuarter__Sparkling-05.webp
Emberpup,emberpup,1005104,1005104,,threequarter,sparkling-6,Sparkling-06,emberpup__1005104__threequarter__sparkling-6.webp,Emberpup__1005104__ThreeQuarter__Sparkling-06.webp,Images/Emberpup__1005104__ThreeQuarter__Sparkling-06.webp
Emberpup,emberpup,1005104,1005104,,threequarter,sparkling-7,Sparkling-07,emberpup__1005104__threequarter__sparkling-7.webp,Emberpup__1005104__ThreeQuarter__Sparkling-07.webp,Images/Emberpup__1005104__ThreeQuarter__Sparkling-07.webp
Emberpup,emberpup,1005104,1005104,,threequarter,sparkling-8,Sparkling-08,emberpup__1005104__threequarter__sparkling-8.webp,Emberpup__1005104__ThreeQuarter__Sparkling-08.webp,Images/Emberpup__1005104__ThreeQuarter__Sparkling-08.webp
Emberpup,emberpup,1005104,1005104,,threequarter,sparkling-9,Sparkling-09,emberpup__1005104__threequarter__sparkling-9.webp,Emberpup__1005104__ThreeQuarter__Sparkling-09.webp,Images/Emberpup__1005104__ThreeQuarter__Sparkling-09.webp
Emberpup,emberpup,1005104,1005104,,threequarter,sparkling-10,Sparkling-10,emberpup__1005104__threequarter__sparkling-10.webp,Emberpup__1005104__ThreeQuarter__Sparkling-10.webp,Images/Emberpup__1005104__ThreeQuarter__Sparkling-10.webp
Emberpup,emberpup,1005104,1005104,,threequarter,sparkling-11,Sparkling-11,emberpup__1005104__threequarter__sparkling-11.webp,Emberpup__1005104__ThreeQuarter__Sparkling-11.webp,Images/Emberpup__1005104__ThreeQuarter__Sparkling-11.webp
Emberpup,emberpup,1005104,1005104,,threequarter,sparkling-12,Sparkling-12,emberpup__1005104__threequarter__sparkling-12.webp,Emberpup__1005104__ThreeQuarter__Sparkling-12.webp,Images/Emberpup__1005104__ThreeQuarter__Sparkling-12.webp
Emberpup,emberpup,1005104,1005104,,threequarter,umbral,Umbral,emberpup__1005104__threequarter__umbral.webp,Emberpup__1005104__ThreeQuarter__Umbral.webp,Images/Emberpup__1005104__ThreeQuarter__Umbral.webp
Erlath,erlath,1048300,1048300,,threequarter,normal,Normal,erlath__1048300__threequarter__normal.webp,Erlath__1048300__ThreeQuarter__Normal.webp,Images/Erlath__1048300__ThreeQuarter__Normal.webp
Erlath,erlath,1048300,1048300,,threequarter,sparkling-1,Sparkling-01,erlath__1048300__threequarter__sparkling-1.webp,Erlath__1048300__ThreeQuarter__Sparkling-01.webp,Images/Erlath__1048300__ThreeQuarter__Sparkling-01.webp
Erlath,erlath,1048300,1048300,,threequarter,sparkling-2,Sparkling-02,erlath__1048300__threequarter__sparkling-2.webp,Erlath__1048300__ThreeQuarter__Sparkling-02.webp,Images/Erlath__1048300__ThreeQuarter__Sparkling-02.webp
Erlath,erlath,1048300,1048300,,threequarter,sparkling-3,Sparkling-03,erlath__1048300__threequarter__sparkling-3.webp,Erlath__1048300__ThreeQuarter__Sparkling-03.webp,Images/Erlath__1048300__ThreeQuarter__Sparkling-03.webp
Erlath,erlath,1048300,1048300,,threequarter,sparkling-4,Sparkling-04,erlath__1048300__threequarter__sparkling-4.webp,Erlath__1048300__ThreeQuarter__Sparkling-04.webp,Images/Erlath__1048300__ThreeQuarter__Sparkling-04.webp
Erlath,erlath,1048300,1048300,,threequarter,sparkling-5,Sparkling-05,erlath__1048300__threequarter__sparkling-5.webp,Erlath__1048300__ThreeQuarter__Sparkling-05.webp,Images/Erlath__1048300__ThreeQuarter__Sparkling-05.webp
Erlath,erlath,1048300,1048300,,threequarter,sparkling-6,Sparkling-06,erlath__1048300__threequarter__sparkling-6.webp,Erlath__1048300__ThreeQuarter__Sparkling-06.webp,Images/Erlath__1048300__ThreeQuarter__Sparkling-06.webp
Erlath,erlath,1048300,1048300,,threequarter,sparkling-7,Sparkling-07,erlath__1048300__threequarter__sparkling-7.webp,Erlath__1048300__ThreeQuarter__Sparkling-07.webp,Images/Erlath__1048300__ThreeQuarter__Sparkling-07.webp
Erlath,erlath,1048300,1048300,,threequarter,sparkling-8,Sparkling-08,erlath__1048300__threequarter__sparkling-8.webp,Erlath__1048300__ThreeQuarter__Sparkling-08.webp,Images/Erlath__1048300__ThreeQuarter__Sparkling-08.webp
Erlath,erlath,1048300,1048300,,threequarter,sparkling-9,Sparkling-09,erlath__1048300__threequarter__sparkling-9.webp,Erlath__1048300__ThreeQuarter__Sparkling-09.webp,Images/Erlath__1048300__ThreeQuarter__Sparkling-09.webp
Erlath,erlath,1048300,1048300,,threequarter,sparkling-10,Sparkling-10,erlath__1048300__threequarter__sparkling-10.webp,Erlath__1048300__ThreeQuarter__Sparkling-10.webp,Images/Erlath__1048300__ThreeQuarter__Sparkling-10.webp
Erlath,erlath,1048300,1048300,,threequarter,sparkling-11,Sparkling-11,erlath__1048300__threequarter__sparkling-11.webp,Erlath__1048300__ThreeQuarter__Sparkling-11.webp,Images/Erlath__1048300__ThreeQuarter__Sparkling-11.webp
Erlath,erlath,1048300,1048300,,threequarter,sparkling-12,Sparkling-12,erlath__1048300__threequarter__sparkling-12.webp,Erlath__1048300__ThreeQuarter__Sparkling-12.webp,Images/Erlath__1048300__ThreeQuarter__Sparkling-12.webp
Erlath,erlath,1048300,1048300,,threequarter,umbral,Umbral,erlath__1048300__threequarter__umbral.webp,Erlath__1048300__ThreeQuarter__Umbral.webp,Images/Erlath__1048300__ThreeQuarter__Umbral.webp
Fahloo,fahloo,1048100,1048100,,threequarter,normal,Normal,fahloo__1048100__threequarter__normal.webp,Fahloo__1048100__ThreeQuarter__Normal.webp,Images/Fahloo__1048100__ThreeQuarter__Normal.webp
Fahloo,fahloo,1048100,1048100,,threequarter,sparkling-1,Sparkling-01,fahloo__1048100__threequarter__sparkling-1.webp,Fahloo__1048100__ThreeQuarter__Sparkling-01.webp,Images/Fahloo__1048100__ThreeQuarter__Sparkling-01.webp
Fahloo,fahloo,1048100,1048100,,threequarter,sparkling-2,Sparkling-02,fahloo__1048100__threequarter__sparkling-2.webp,Fahloo__1048100__ThreeQuarter__Sparkling-02.webp,Images/Fahloo__1048100__ThreeQuarter__Sparkling-02.webp
Fahloo,fahloo,1048100,1048100,,threequarter,sparkling-3,Sparkling-03,fahloo__1048100__threequarter__sparkling-3.webp,Fahloo__1048100__ThreeQuarter__Sparkling-03.webp,Images/Fahloo__1048100__ThreeQuarter__Sparkling-03.webp
Fahloo,fahloo,1048100,1048100,,threequarter,sparkling-4,Sparkling-04,fahloo__1048100__threequarter__sparkling-4.webp,Fahloo__1048100__ThreeQuarter__Sparkling-04.webp,Images/Fahloo__1048100__ThreeQuarter__Sparkling-04.webp
Fahloo,fahloo,1048100,1048100,,threequarter,sparkling-5,Sparkling-05,fahloo__1048100__threequarter__sparkling-5.webp,Fahloo__1048100__ThreeQuarter__Sparkling-05.webp,Images/Fahloo__1048100__ThreeQuarter__Sparkling-05.webp
Fahloo,fahloo,1048100,1048100,,threequarter,sparkling-6,Sparkling-06,fahloo__1048100__threequarter__sparkling-6.webp,Fahloo__1048100__ThreeQuarter__Sparkling-06.webp,Images/Fahloo__1048100__ThreeQuarter__Sparkling-06.webp
Fahloo,fahloo,1048100,1048100,,threequarter,sparkling-7,Sparkling-07,fahloo__1048100__threequarter__sparkling-7.webp,Fahloo__1048100__ThreeQuarter__Sparkling-07.webp,Images/Fahloo__1048100__ThreeQuarter__Sparkling-07.webp
Fahloo,fahloo,1048100,1048100,,threequarter,sparkling-8,Sparkling-08,fahloo__1048100__threequarter__sparkling-8.webp,Fahloo__1048100__ThreeQuarter__Sparkling-08.webp,Images/Fahloo__1048100__ThreeQuarter__Sparkling-08.webp
Fahloo,fahloo,1048100,1048100,,threequarter,sparkling-9,Sparkling-09,fahloo__1048100__threequarter__sparkling-9.webp,Fahloo__1048100__ThreeQuarter__Sparkling-09.webp,Images/Fahloo__1048100__ThreeQuarter__Sparkling-09.webp
Fahloo,fahloo,1048100,1048100,,threequarter,sparkling-10,Sparkling-10,fahloo__1048100__threequarter__sparkling-10.webp,Fahloo__1048100__ThreeQuarter__Sparkling-10.webp,Images/Fahloo__1048100__ThreeQuarter__Sparkling-10.webp
Fahloo,fahloo,1048100,1048100,,threequarter,sparkling-11,Sparkling-11,fahloo__1048100__threequarter__sparkling-11.webp,Fahloo__1048100__ThreeQuarter__Sparkling-11.webp,Images/Fahloo__1048100__ThreeQuarter__Sparkling-11.webp
Fahloo,fahloo,1048100,1048100,,threequarter,sparkling-12,Sparkling-12,fahloo__1048100__threequarter__sparkling-12.webp,Fahloo__1048100__ThreeQuarter__Sparkling-12.webp,Images/Fahloo__1048100__ThreeQuarter__Sparkling-12.webp
Fahloo,fahloo,1048100,1048100,,threequarter,umbral,Umbral,fahloo__1048100__threequarter__umbral.webp,Fahloo__1048100__ThreeQuarter__Umbral.webp,Images/Fahloo__1048100__ThreeQuarter__Umbral.webp
Fenmane,fenmane,1029300,1029300,,threequarter,normal,Normal,fenmane__1029300__threequarter__normal.webp,Fenmane__1029300__ThreeQuarter__Normal.webp,Images/Fenmane__1029300__ThreeQuarter__Normal.webp
Fenmane,fenmane,1029300,1029300,,threequarter,sparkling-1,Sparkling-01,fenmane__1029300__threequarter__sparkling-1.webp,Fenmane__1029300__ThreeQuarter__Sparkling-01.webp,Images/Fenmane__1029300__ThreeQuarter__Sparkling-01.webp
Fenmane,fenmane,1029300,1029300,,threequarter,sparkling-2,Sparkling-02,fenmane__1029300__threequarter__sparkling-2.webp,Fenmane__1029300__ThreeQuarter__Sparkling-02.webp,Images/Fenmane__1029300__ThreeQuarter__Sparkling-02.webp
Fenmane,fenmane,1029300,1029300,,threequarter,sparkling-3,Sparkling-03,fenmane__1029300__threequarter__sparkling-3.webp,Fenmane__1029300__ThreeQuarter__Sparkling-03.webp,Images/Fenmane__1029300__ThreeQuarter__Sparkling-03.webp
Fenmane,fenmane,1029300,1029300,,threequarter,sparkling-4,Sparkling-04,fenmane__1029300__threequarter__sparkling-4.webp,Fenmane__1029300__ThreeQuarter__Sparkling-04.webp,Images/Fenmane__1029300__ThreeQuarter__Sparkling-04.webp
Fenmane,fenmane,1029300,1029300,,threequarter,sparkling-5,Sparkling-05,fenmane__1029300__threequarter__sparkling-5.webp,Fenmane__1029300__ThreeQuarter__Sparkling-05.webp,Images/Fenmane__1029300__ThreeQuarter__Sparkling-05.webp
Fenmane,fenmane,1029300,1029300,,threequarter,sparkling-6,Sparkling-06,fenmane__1029300__threequarter__sparkling-6.webp,Fenmane__1029300__ThreeQuarter__Sparkling-06.webp,Images/Fenmane__1029300__ThreeQuarter__Sparkling-06.webp
Fenmane,fenmane,1029300,1029300,,threequarter,sparkling-7,Sparkling-07,fenmane__1029300__threequarter__sparkling-7.webp,Fenmane__1029300__ThreeQuarter__Sparkling-07.webp,Images/Fenmane__1029300__ThreeQuarter__Sparkling-07.webp
Fenmane,fenmane,1029300,1029300,,threequarter,sparkling-8,Sparkling-08,fenmane__1029300__threequarter__sparkling-8.webp,Fenmane__1029300__ThreeQuarter__Sparkling-08.webp,Images/Fenmane__1029300__ThreeQuarter__Sparkling-08.webp
Fenmane,fenmane,1029300,1029300,,threequarter,sparkling-9,Sparkling-09,fenmane__1029300__threequarter__sparkling-9.webp,Fenmane__1029300__ThreeQuarter__Sparkling-09.webp,Images/Fenmane__1029300__ThreeQuarter__Sparkling-09.webp
Fenmane,fenmane,1029300,1029300,,threequarter,sparkling-10,Sparkling-10,fenmane__1029300__threequarter__sparkling-10.webp,Fenmane__1029300__ThreeQuarter__Sparkling-10.webp,Images/Fenmane__1029300__ThreeQuarter__Sparkling-10.webp
Fenmane,fenmane,1029300,1029300,,threequarter,sparkling-11,Sparkling-11,fenmane__1029300__threequarter__sparkling-11.webp,Fenmane__1029300__ThreeQuarter__Sparkling-11.webp,Images/Fenmane__1029300__ThreeQuarter__Sparkling-11.webp
Fenmane,fenmane,1029300,1029300,,threequarter,sparkling-12,Sparkling-12,fenmane__1029300__threequarter__sparkling-12.webp,Fenmane__1029300__ThreeQuarter__Sparkling-12.webp,Images/Fenmane__1029300__ThreeQuarter__Sparkling-12.webp
Fenmane,fenmane,1029300,1029300,,threequarter,umbral,Umbral,fenmane__1029300__threequarter__umbral.webp,Fenmane__1029300__ThreeQuarter__Umbral.webp,Images/Fenmane__1029300__ThreeQuarter__Umbral.webp
Fenmane,fenmane,1029301,1029301,,threequarter,normal,Normal,fenmane__1029301__threequarter__normal.webp,Fenmane__1029301__ThreeQuarter__Normal.webp,Images/Fenmane__1029301__ThreeQuarter__Normal.webp
Fenmane,fenmane,1029301,1029301,,threequarter,sparkling-1,Sparkling-01,fenmane__1029301__threequarter__sparkling-1.webp,Fenmane__1029301__ThreeQuarter__Sparkling-01.webp,Images/Fenmane__1029301__ThreeQuarter__Sparkling-01.webp
Fenmane,fenmane,1029301,1029301,,threequarter,sparkling-2,Sparkling-02,fenmane__1029301__threequarter__sparkling-2.webp,Fenmane__1029301__ThreeQuarter__Sparkling-02.webp,Images/Fenmane__1029301__ThreeQuarter__Sparkling-02.webp
Fenmane,fenmane,1029301,1029301,,threequarter,sparkling-3,Sparkling-03,fenmane__1029301__threequarter__sparkling-3.webp,Fenmane__1029301__ThreeQuarter__Sparkling-03.webp,Images/Fenmane__1029301__ThreeQuarter__Sparkling-03.webp
Fenmane,fenmane,1029301,1029301,,threequarter,sparkling-4,Sparkling-04,fenmane__1029301__threequarter__sparkling-4.webp,Fenmane__1029301__ThreeQuarter__Sparkling-04.webp,Images/Fenmane__1029301__ThreeQuarter__Sparkling-04.webp
Fenmane,fenmane,1029301,1029301,,threequarter,sparkling-5,Sparkling-05,fenmane__1029301__threequarter__sparkling-5.webp,Fenmane__1029301__ThreeQuarter__Sparkling-05.webp,Images/Fenmane__1029301__ThreeQuarter__Sparkling-05.webp
Fenmane,fenmane,1029301,1029301,,threequarter,sparkling-6,Sparkling-06,fenmane__1029301__threequarter__sparkling-6.webp,Fenmane__1029301__ThreeQuarter__Sparkling-06.webp,Images/Fenmane__1029301__ThreeQuarter__Sparkling-06.webp
Fenmane,fenmane,1029301,1029301,,threequarter,sparkling-7,Sparkling-07,fenmane__1029301__threequarter__sparkling-7.webp,Fenmane__1029301__ThreeQuarter__Sparkling-07.webp,Images/Fenmane__1029301__ThreeQuarter__Sparkling-07.webp
Fenmane,fenmane,1029301,1029301,,threequarter,sparkling-8,Sparkling-08,fenmane__1029301__threequarter__sparkling-8.webp,Fenmane__1029301__ThreeQuarter__Sparkling-08.webp,Images/Fenmane__1029301__ThreeQuarter__Sparkling-08.webp
Fenmane,fenmane,1029301,1029301,,threequarter,sparkling-9,Sparkling-09,fenmane__1029301__threequarter__sparkling-9.webp,Fenmane__1029301__ThreeQuarter__Sparkling-09.webp,Images/Fenmane__1029301__ThreeQuarter__Sparkling-09.webp
Fenmane,fenmane,1029301,1029301,,threequarter,sparkling-10,Sparkling-10,fenmane__1029301__threequarter__sparkling-10.webp,Fenmane__1029301__ThreeQuarter__Sparkling-10.webp,Images/Fenmane__1029301__ThreeQuarter__Sparkling-10.webp
Fenmane,fenmane,1029301,1029301,,threequarter,sparkling-11,Sparkling-11,fenmane__1029301__threequarter__sparkling-11.webp,Fenmane__1029301__ThreeQuarter__Sparkling-11.webp,Images/Fenmane__1029301__ThreeQuarter__Sparkling-11.webp
Fenmane,fenmane,1029301,1029301,,threequarter,sparkling-12,Sparkling-12,fenmane__1029301__threequarter__sparkling-12.webp,Fenmane__1029301__ThreeQuarter__Sparkling-12.webp,Images/Fenmane__1029301__ThreeQuarter__Sparkling-12.webp
Fennelun,fennelun,1037300,1037300,,threequarter,normal,Normal,fennelun__1037300__threequarter__normal.webp,Fennelun__1037300__ThreeQuarter__Normal.webp,Images/Fennelun__1037300__ThreeQuarter__Normal.webp
Fennelun,fennelun,1037300,1037300,,threequarter,sparkling-1,Sparkling-01,fennelun__1037300__threequarter__sparkling-1.webp,Fennelun__1037300__ThreeQuarter__Sparkling-01.webp,Images/Fennelun__1037300__ThreeQuarter__Sparkling-01.webp
Fennelun,fennelun,1037300,1037300,,threequarter,sparkling-2,Sparkling-02,fennelun__1037300__threequarter__sparkling-2.webp,Fennelun__1037300__ThreeQuarter__Sparkling-02.webp,Images/Fennelun__1037300__ThreeQuarter__Sparkling-02.webp
Fennelun,fennelun,1037300,1037300,,threequarter,sparkling-3,Sparkling-03,fennelun__1037300__threequarter__sparkling-3.webp,Fennelun__1037300__ThreeQuarter__Sparkling-03.webp,Images/Fennelun__1037300__ThreeQuarter__Sparkling-03.webp
Fennelun,fennelun,1037300,1037300,,threequarter,sparkling-4,Sparkling-04,fennelun__1037300__threequarter__sparkling-4.webp,Fennelun__1037300__ThreeQuarter__Sparkling-04.webp,Images/Fennelun__1037300__ThreeQuarter__Sparkling-04.webp
Fennelun,fennelun,1037300,1037300,,threequarter,sparkling-5,Sparkling-05,fennelun__1037300__threequarter__sparkling-5.webp,Fennelun__1037300__ThreeQuarter__Sparkling-05.webp,Images/Fennelun__1037300__ThreeQuarter__Sparkling-05.webp
Fennelun,fennelun,1037300,1037300,,threequarter,sparkling-6,Sparkling-06,fennelun__1037300__threequarter__sparkling-6.webp,Fennelun__1037300__ThreeQuarter__Sparkling-06.webp,Images/Fennelun__1037300__ThreeQuarter__Sparkling-06.webp
Fennelun,fennelun,1037300,1037300,,threequarter,sparkling-7,Sparkling-07,fennelun__1037300__threequarter__sparkling-7.webp,Fennelun__1037300__ThreeQuarter__Sparkling-07.webp,Images/Fennelun__1037300__ThreeQuarter__Sparkling-07.webp
Fennelun,fennelun,1037300,1037300,,threequarter,sparkling-8,Sparkling-08,fennelun__1037300__threequarter__sparkling-8.webp,Fennelun__1037300__ThreeQuarter__Sparkling-08.webp,Images/Fennelun__1037300__ThreeQuarter__Sparkling-08.webp
Fennelun,fennelun,1037300,1037300,,threequarter,sparkling-9,Sparkling-09,fennelun__1037300__threequarter__sparkling-9.webp,Fennelun__1037300__ThreeQuarter__Sparkling-09.webp,Images/Fennelun__1037300__ThreeQuarter__Sparkling-09.webp
Fennelun,fennelun,1037300,1037300,,threequarter,sparkling-10,Sparkling-10,fennelun__1037300__threequarter__sparkling-10.webp,Fennelun__1037300__ThreeQuarter__Sparkling-10.webp,Images/Fennelun__1037300__ThreeQuarter__Sparkling-10.webp
Fennelun,fennelun,1037300,1037300,,threequarter,sparkling-11,Sparkling-11,fennelun__1037300__threequarter__sparkling-11.webp,Fennelun__1037300__ThreeQuarter__Sparkling-11.webp,Images/Fennelun__1037300__ThreeQuarter__Sparkling-11.webp
Fennelun,fennelun,1037300,1037300,,threequarter,sparkling-12,Sparkling-12,fennelun__1037300__threequarter__sparkling-12.webp,Fennelun__1037300__ThreeQuarter__Sparkling-12.webp,Images/Fennelun__1037300__ThreeQuarter__Sparkling-12.webp
Fenrier,fenrier,1013200,1013200,,threequarter,normal,Normal,fenrier__1013200__threequarter__normal.webp,Fenrier__1013200__ThreeQuarter__Normal.webp,Images/Fenrier__1013200__ThreeQuarter__Normal.webp
Fenrier,fenrier,1013200,1013200,,threequarter,sparkling-1,Sparkling-01,fenrier__1013200__threequarter__sparkling-1.webp,Fenrier__1013200__ThreeQuarter__Sparkling-01.webp,Images/Fenrier__1013200__ThreeQuarter__Sparkling-01.webp
Fenrier,fenrier,1013200,1013200,,threequarter,sparkling-2,Sparkling-02,fenrier__1013200__threequarter__sparkling-2.webp,Fenrier__1013200__ThreeQuarter__Sparkling-02.webp,Images/Fenrier__1013200__ThreeQuarter__Sparkling-02.webp
Fenrier,fenrier,1013200,1013200,,threequarter,sparkling-3,Sparkling-03,fenrier__1013200__threequarter__sparkling-3.webp,Fenrier__1013200__ThreeQuarter__Sparkling-03.webp,Images/Fenrier__1013200__ThreeQuarter__Sparkling-03.webp
Fenrier,fenrier,1013200,1013200,,threequarter,sparkling-4,Sparkling-04,fenrier__1013200__threequarter__sparkling-4.webp,Fenrier__1013200__ThreeQuarter__Sparkling-04.webp,Images/Fenrier__1013200__ThreeQuarter__Sparkling-04.webp
Fenrier,fenrier,1013200,1013200,,threequarter,sparkling-5,Sparkling-05,fenrier__1013200__threequarter__sparkling-5.webp,Fenrier__1013200__ThreeQuarter__Sparkling-05.webp,Images/Fenrier__1013200__ThreeQuarter__Sparkling-05.webp
Fenrier,fenrier,1013200,1013200,,threequarter,sparkling-6,Sparkling-06,fenrier__1013200__threequarter__sparkling-6.webp,Fenrier__1013200__ThreeQuarter__Sparkling-06.webp,Images/Fenrier__1013200__ThreeQuarter__Sparkling-06.webp
Fenrier,fenrier,1013200,1013200,,threequarter,sparkling-7,Sparkling-07,fenrier__1013200__threequarter__sparkling-7.webp,Fenrier__1013200__ThreeQuarter__Sparkling-07.webp,Images/Fenrier__1013200__ThreeQuarter__Sparkling-07.webp
Fenrier,fenrier,1013200,1013200,,threequarter,sparkling-8,Sparkling-08,fenrier__1013200__threequarter__sparkling-8.webp,Fenrier__1013200__ThreeQuarter__Sparkling-08.webp,Images/Fenrier__1013200__ThreeQuarter__Sparkling-08.webp
Fenrier,fenrier,1013200,1013200,,threequarter,sparkling-9,Sparkling-09,fenrier__1013200__threequarter__sparkling-9.webp,Fenrier__1013200__ThreeQuarter__Sparkling-09.webp,Images/Fenrier__1013200__ThreeQuarter__Sparkling-09.webp
Fenrier,fenrier,1013200,1013200,,threequarter,sparkling-10,Sparkling-10,fenrier__1013200__threequarter__sparkling-10.webp,Fenrier__1013200__ThreeQuarter__Sparkling-10.webp,Images/Fenrier__1013200__ThreeQuarter__Sparkling-10.webp
Fenrier,fenrier,1013200,1013200,,threequarter,sparkling-11,Sparkling-11,fenrier__1013200__threequarter__sparkling-11.webp,Fenrier__1013200__ThreeQuarter__Sparkling-11.webp,Images/Fenrier__1013200__ThreeQuarter__Sparkling-11.webp
Fenrier,fenrier,1013200,1013200,,threequarter,sparkling-12,Sparkling-12,fenrier__1013200__threequarter__sparkling-12.webp,Fenrier__1013200__ThreeQuarter__Sparkling-12.webp,Images/Fenrier__1013200__ThreeQuarter__Sparkling-12.webp
Fenrier,fenrier,1013200,1013200,,threequarter,umbral,Umbral,fenrier__1013200__threequarter__umbral.webp,Fenrier__1013200__ThreeQuarter__Umbral.webp,Images/Fenrier__1013200__ThreeQuarter__Umbral.webp
Fenrier,fenrier,1013202,1013202,,threequarter,normal,Normal,fenrier__1013202__threequarter__normal.webp,Fenrier__1013202__ThreeQuarter__Normal.webp,Images/Fenrier__1013202__ThreeQuarter__Normal.webp
Fenrier,fenrier,1013202,1013202,,threequarter,sparkling-1,Sparkling-01,fenrier__1013202__threequarter__sparkling-1.webp,Fenrier__1013202__ThreeQuarter__Sparkling-01.webp,Images/Fenrier__1013202__ThreeQuarter__Sparkling-01.webp
Fenrier,fenrier,1013202,1013202,,threequarter,sparkling-2,Sparkling-02,fenrier__1013202__threequarter__sparkling-2.webp,Fenrier__1013202__ThreeQuarter__Sparkling-02.webp,Images/Fenrier__1013202__ThreeQuarter__Sparkling-02.webp
Fenrier,fenrier,1013202,1013202,,threequarter,sparkling-3,Sparkling-03,fenrier__1013202__threequarter__sparkling-3.webp,Fenrier__1013202__ThreeQuarter__Sparkling-03.webp,Images/Fenrier__1013202__ThreeQuarter__Sparkling-03.webp
Fenrier,fenrier,1013202,1013202,,threequarter,sparkling-4,Sparkling-04,fenrier__1013202__threequarter__sparkling-4.webp,Fenrier__1013202__ThreeQuarter__Sparkling-04.webp,Images/Fenrier__1013202__ThreeQuarter__Sparkling-04.webp
Fenrier,fenrier,1013202,1013202,,threequarter,sparkling-5,Sparkling-05,fenrier__1013202__threequarter__sparkling-5.webp,Fenrier__1013202__ThreeQuarter__Sparkling-05.webp,Images/Fenrier__1013202__ThreeQuarter__Sparkling-05.webp
Fenrier,fenrier,1013202,1013202,,threequarter,sparkling-6,Sparkling-06,fenrier__1013202__threequarter__sparkling-6.webp,Fenrier__1013202__ThreeQuarter__Sparkling-06.webp,Images/Fenrier__1013202__ThreeQuarter__Sparkling-06.webp
Fenrier,fenrier,1013202,1013202,,threequarter,sparkling-7,Sparkling-07,fenrier__1013202__threequarter__sparkling-7.webp,Fenrier__1013202__ThreeQuarter__Sparkling-07.webp,Images/Fenrier__1013202__ThreeQuarter__Sparkling-07.webp
Fenrier,fenrier,1013202,1013202,,threequarter,sparkling-8,Sparkling-08,fenrier__1013202__threequarter__sparkling-8.webp,Fenrier__1013202__ThreeQuarter__Sparkling-08.webp,Images/Fenrier__1013202__ThreeQuarter__Sparkling-08.webp
Fenrier,fenrier,1013202,1013202,,threequarter,sparkling-9,Sparkling-09,fenrier__1013202__threequarter__sparkling-9.webp,Fenrier__1013202__ThreeQuarter__Sparkling-09.webp,Images/Fenrier__1013202__ThreeQuarter__Sparkling-09.webp
Fenrier,fenrier,1013202,1013202,,threequarter,sparkling-10,Sparkling-10,fenrier__1013202__threequarter__sparkling-10.webp,Fenrier__1013202__ThreeQuarter__Sparkling-10.webp,Images/Fenrier__1013202__ThreeQuarter__Sparkling-10.webp
Fenrier,fenrier,1013202,1013202,,threequarter,sparkling-11,Sparkling-11,fenrier__1013202__threequarter__sparkling-11.webp,Fenrier__1013202__ThreeQuarter__Sparkling-11.webp,Images/Fenrier__1013202__ThreeQuarter__Sparkling-11.webp
Fenrier,fenrier,1013202,1013202,,threequarter,sparkling-12,Sparkling-12,fenrier__1013202__threequarter__sparkling-12.webp,Fenrier__1013202__ThreeQuarter__Sparkling-12.webp,Images/Fenrier__1013202__ThreeQuarter__Sparkling-12.webp
Fenrier,fenrier,1013202,1013202,,threequarter,umbral,Umbral,fenrier__1013202__threequarter__umbral.webp,Fenrier__1013202__ThreeQuarter__Umbral.webp,Images/Fenrier__1013202__ThreeQuarter__Umbral.webp
Fentuft,fentuft,1029100,1029100,,threequarter,normal,Normal,fentuft__1029100__threequarter__normal.webp,Fentuft__1029100__ThreeQuarter__Normal.webp,Images/Fentuft__1029100__ThreeQuarter__Normal.webp
Fentuft,fentuft,1029100,1029100,,threequarter,sparkling-1,Sparkling-01,fentuft__1029100__threequarter__sparkling-1.webp,Fentuft__1029100__ThreeQuarter__Sparkling-01.webp,Images/Fentuft__1029100__ThreeQuarter__Sparkling-01.webp
Fentuft,fentuft,1029100,1029100,,threequarter,sparkling-2,Sparkling-02,fentuft__1029100__threequarter__sparkling-2.webp,Fentuft__1029100__ThreeQuarter__Sparkling-02.webp,Images/Fentuft__1029100__ThreeQuarter__Sparkling-02.webp
Fentuft,fentuft,1029100,1029100,,threequarter,sparkling-3,Sparkling-03,fentuft__1029100__threequarter__sparkling-3.webp,Fentuft__1029100__ThreeQuarter__Sparkling-03.webp,Images/Fentuft__1029100__ThreeQuarter__Sparkling-03.webp
Fentuft,fentuft,1029100,1029100,,threequarter,sparkling-4,Sparkling-04,fentuft__1029100__threequarter__sparkling-4.webp,Fentuft__1029100__ThreeQuarter__Sparkling-04.webp,Images/Fentuft__1029100__ThreeQuarter__Sparkling-04.webp
Fentuft,fentuft,1029100,1029100,,threequarter,sparkling-5,Sparkling-05,fentuft__1029100__threequarter__sparkling-5.webp,Fentuft__1029100__ThreeQuarter__Sparkling-05.webp,Images/Fentuft__1029100__ThreeQuarter__Sparkling-05.webp
Fentuft,fentuft,1029100,1029100,,threequarter,sparkling-6,Sparkling-06,fentuft__1029100__threequarter__sparkling-6.webp,Fentuft__1029100__ThreeQuarter__Sparkling-06.webp,Images/Fentuft__1029100__ThreeQuarter__Sparkling-06.webp
Fentuft,fentuft,1029100,1029100,,threequarter,sparkling-7,Sparkling-07,fentuft__1029100__threequarter__sparkling-7.webp,Fentuft__1029100__ThreeQuarter__Sparkling-07.webp,Images/Fentuft__1029100__ThreeQuarter__Sparkling-07.webp
Fentuft,fentuft,1029100,1029100,,threequarter,sparkling-8,Sparkling-08,fentuft__1029100__threequarter__sparkling-8.webp,Fentuft__1029100__ThreeQuarter__Sparkling-08.webp,Images/Fentuft__1029100__ThreeQuarter__Sparkling-08.webp
Fentuft,fentuft,1029100,1029100,,threequarter,sparkling-9,Sparkling-09,fentuft__1029100__threequarter__sparkling-9.webp,Fentuft__1029100__ThreeQuarter__Sparkling-09.webp,Images/Fentuft__1029100__ThreeQuarter__Sparkling-09.webp
Fentuft,fentuft,1029100,1029100,,threequarter,sparkling-10,Sparkling-10,fentuft__1029100__threequarter__sparkling-10.webp,Fentuft__1029100__ThreeQuarter__Sparkling-10.webp,Images/Fentuft__1029100__ThreeQuarter__Sparkling-10.webp
Fentuft,fentuft,1029100,1029100,,threequarter,sparkling-11,Sparkling-11,fentuft__1029100__threequarter__sparkling-11.webp,Fentuft__1029100__ThreeQuarter__Sparkling-11.webp,Images/Fentuft__1029100__ThreeQuarter__Sparkling-11.webp
Fentuft,fentuft,1029100,1029100,,threequarter,sparkling-12,Sparkling-12,fentuft__1029100__threequarter__sparkling-12.webp,Fentuft__1029100__ThreeQuarter__Sparkling-12.webp,Images/Fentuft__1029100__ThreeQuarter__Sparkling-12.webp
Fentuft,fentuft,1029100,1029100,,threequarter,umbral,Umbral,fentuft__1029100__threequarter__umbral.webp,Fentuft__1029100__ThreeQuarter__Umbral.webp,Images/Fentuft__1029100__ThreeQuarter__Umbral.webp
Flamerion,flamerion,1033300,1033300,,threequarter,normal,Normal,flamerion__1033300__threequarter__normal.webp,Flamerion__1033300__ThreeQuarter__Normal.webp,Images/Flamerion__1033300__ThreeQuarter__Normal.webp
Flamerion,flamerion,1033300,1033300,,threequarter,sparkling-1,Sparkling-01,flamerion__1033300__threequarter__sparkling-1.webp,Flamerion__1033300__ThreeQuarter__Sparkling-01.webp,Images/Flamerion__1033300__ThreeQuarter__Sparkling-01.webp
Flamerion,flamerion,1033300,1033300,,threequarter,sparkling-2,Sparkling-02,flamerion__1033300__threequarter__sparkling-2.webp,Flamerion__1033300__ThreeQuarter__Sparkling-02.webp,Images/Flamerion__1033300__ThreeQuarter__Sparkling-02.webp
Flamerion,flamerion,1033300,1033300,,threequarter,sparkling-3,Sparkling-03,flamerion__1033300__threequarter__sparkling-3.webp,Flamerion__1033300__ThreeQuarter__Sparkling-03.webp,Images/Flamerion__1033300__ThreeQuarter__Sparkling-03.webp
Flamerion,flamerion,1033300,1033300,,threequarter,sparkling-4,Sparkling-04,flamerion__1033300__threequarter__sparkling-4.webp,Flamerion__1033300__ThreeQuarter__Sparkling-04.webp,Images/Flamerion__1033300__ThreeQuarter__Sparkling-04.webp
Flamerion,flamerion,1033300,1033300,,threequarter,sparkling-5,Sparkling-05,flamerion__1033300__threequarter__sparkling-5.webp,Flamerion__1033300__ThreeQuarter__Sparkling-05.webp,Images/Flamerion__1033300__ThreeQuarter__Sparkling-05.webp
Flamerion,flamerion,1033300,1033300,,threequarter,sparkling-6,Sparkling-06,flamerion__1033300__threequarter__sparkling-6.webp,Flamerion__1033300__ThreeQuarter__Sparkling-06.webp,Images/Flamerion__1033300__ThreeQuarter__Sparkling-06.webp
Flamerion,flamerion,1033300,1033300,,threequarter,sparkling-7,Sparkling-07,flamerion__1033300__threequarter__sparkling-7.webp,Flamerion__1033300__ThreeQuarter__Sparkling-07.webp,Images/Flamerion__1033300__ThreeQuarter__Sparkling-07.webp
Flamerion,flamerion,1033300,1033300,,threequarter,sparkling-8,Sparkling-08,flamerion__1033300__threequarter__sparkling-8.webp,Flamerion__1033300__ThreeQuarter__Sparkling-08.webp,Images/Flamerion__1033300__ThreeQuarter__Sparkling-08.webp
Flamerion,flamerion,1033300,1033300,,threequarter,sparkling-9,Sparkling-09,flamerion__1033300__threequarter__sparkling-9.webp,Flamerion__1033300__ThreeQuarter__Sparkling-09.webp,Images/Flamerion__1033300__ThreeQuarter__Sparkling-09.webp
Flamerion,flamerion,1033300,1033300,,threequarter,sparkling-10,Sparkling-10,flamerion__1033300__threequarter__sparkling-10.webp,Flamerion__1033300__ThreeQuarter__Sparkling-10.webp,Images/Flamerion__1033300__ThreeQuarter__Sparkling-10.webp
Flamerion,flamerion,1033300,1033300,,threequarter,sparkling-11,Sparkling-11,flamerion__1033300__threequarter__sparkling-11.webp,Flamerion__1033300__ThreeQuarter__Sparkling-11.webp,Images/Flamerion__1033300__ThreeQuarter__Sparkling-11.webp
Flamerion,flamerion,1033300,1033300,,threequarter,sparkling-12,Sparkling-12,flamerion__1033300__threequarter__sparkling-12.webp,Flamerion__1033300__ThreeQuarter__Sparkling-12.webp,Images/Flamerion__1033300__ThreeQuarter__Sparkling-12.webp
Flamerion,flamerion,1033300,1033300,,threequarter,umbral,Umbral,flamerion__1033300__threequarter__umbral.webp,Flamerion__1033300__ThreeQuarter__Umbral.webp,Images/Flamerion__1033300__ThreeQuarter__Umbral.webp
Flamerion,flamerion,1033301,1033301,,threequarter,normal,Normal,flamerion__1033301__threequarter__normal.webp,Flamerion__1033301__ThreeQuarter__Normal.webp,Images/Flamerion__1033301__ThreeQuarter__Normal.webp
Flamerion,flamerion,1033301,1033301,,threequarter,sparkling-1,Sparkling-01,flamerion__1033301__threequarter__sparkling-1.webp,Flamerion__1033301__ThreeQuarter__Sparkling-01.webp,Images/Flamerion__1033301__ThreeQuarter__Sparkling-01.webp
Flamerion,flamerion,1033301,1033301,,threequarter,sparkling-2,Sparkling-02,flamerion__1033301__threequarter__sparkling-2.webp,Flamerion__1033301__ThreeQuarter__Sparkling-02.webp,Images/Flamerion__1033301__ThreeQuarter__Sparkling-02.webp
Flamerion,flamerion,1033301,1033301,,threequarter,sparkling-3,Sparkling-03,flamerion__1033301__threequarter__sparkling-3.webp,Flamerion__1033301__ThreeQuarter__Sparkling-03.webp,Images/Flamerion__1033301__ThreeQuarter__Sparkling-03.webp
Flamerion,flamerion,1033301,1033301,,threequarter,sparkling-4,Sparkling-04,flamerion__1033301__threequarter__sparkling-4.webp,Flamerion__1033301__ThreeQuarter__Sparkling-04.webp,Images/Flamerion__1033301__ThreeQuarter__Sparkling-04.webp
Flamerion,flamerion,1033301,1033301,,threequarter,sparkling-5,Sparkling-05,flamerion__1033301__threequarter__sparkling-5.webp,Flamerion__1033301__ThreeQuarter__Sparkling-05.webp,Images/Flamerion__1033301__ThreeQuarter__Sparkling-05.webp
Flamerion,flamerion,1033301,1033301,,threequarter,sparkling-6,Sparkling-06,flamerion__1033301__threequarter__sparkling-6.webp,Flamerion__1033301__ThreeQuarter__Sparkling-06.webp,Images/Flamerion__1033301__ThreeQuarter__Sparkling-06.webp
Flamerion,flamerion,1033301,1033301,,threequarter,sparkling-7,Sparkling-07,flamerion__1033301__threequarter__sparkling-7.webp,Flamerion__1033301__ThreeQuarter__Sparkling-07.webp,Images/Flamerion__1033301__ThreeQuarter__Sparkling-07.webp
Flamerion,flamerion,1033301,1033301,,threequarter,sparkling-8,Sparkling-08,flamerion__1033301__threequarter__sparkling-8.webp,Flamerion__1033301__ThreeQuarter__Sparkling-08.webp,Images/Flamerion__1033301__ThreeQuarter__Sparkling-08.webp
Flamerion,flamerion,1033301,1033301,,threequarter,sparkling-9,Sparkling-09,flamerion__1033301__threequarter__sparkling-9.webp,Flamerion__1033301__ThreeQuarter__Sparkling-09.webp,Images/Flamerion__1033301__ThreeQuarter__Sparkling-09.webp
Flamerion,flamerion,1033301,1033301,,threequarter,sparkling-10,Sparkling-10,flamerion__1033301__threequarter__sparkling-10.webp,Flamerion__1033301__ThreeQuarter__Sparkling-10.webp,Images/Flamerion__1033301__ThreeQuarter__Sparkling-10.webp
Flamerion,flamerion,1033301,1033301,,threequarter,sparkling-11,Sparkling-11,flamerion__1033301__threequarter__sparkling-11.webp,Flamerion__1033301__ThreeQuarter__Sparkling-11.webp,Images/Flamerion__1033301__ThreeQuarter__Sparkling-11.webp
Flamerion,flamerion,1033301,1033301,,threequarter,sparkling-12,Sparkling-12,flamerion__1033301__threequarter__sparkling-12.webp,Flamerion__1033301__ThreeQuarter__Sparkling-12.webp,Images/Flamerion__1033301__ThreeQuarter__Sparkling-12.webp
Flamerion,flamerion,1033301,1033301,,threequarter,umbral,Umbral,flamerion__1033301__threequarter__umbral.webp,Flamerion__1033301__ThreeQuarter__Umbral.webp,Images/Flamerion__1033301__ThreeQuarter__Umbral.webp
Flamerion,flamerion,1033302,1033302,,threequarter,normal,Normal,flamerion__1033302__threequarter__normal.webp,Flamerion__1033302__ThreeQuarter__Normal.webp,Images/Flamerion__1033302__ThreeQuarter__Normal.webp
Flamerion,flamerion,1033302,1033302,,threequarter,sparkling-1,Sparkling-01,flamerion__1033302__threequarter__sparkling-1.webp,Flamerion__1033302__ThreeQuarter__Sparkling-01.webp,Images/Flamerion__1033302__ThreeQuarter__Sparkling-01.webp
Flamerion,flamerion,1033302,1033302,,threequarter,sparkling-2,Sparkling-02,flamerion__1033302__threequarter__sparkling-2.webp,Flamerion__1033302__ThreeQuarter__Sparkling-02.webp,Images/Flamerion__1033302__ThreeQuarter__Sparkling-02.webp
Flamerion,flamerion,1033302,1033302,,threequarter,sparkling-3,Sparkling-03,flamerion__1033302__threequarter__sparkling-3.webp,Flamerion__1033302__ThreeQuarter__Sparkling-03.webp,Images/Flamerion__1033302__ThreeQuarter__Sparkling-03.webp
Flamerion,flamerion,1033302,1033302,,threequarter,sparkling-4,Sparkling-04,flamerion__1033302__threequarter__sparkling-4.webp,Flamerion__1033302__ThreeQuarter__Sparkling-04.webp,Images/Flamerion__1033302__ThreeQuarter__Sparkling-04.webp
Flamerion,flamerion,1033302,1033302,,threequarter,sparkling-5,Sparkling-05,flamerion__1033302__threequarter__sparkling-5.webp,Flamerion__1033302__ThreeQuarter__Sparkling-05.webp,Images/Flamerion__1033302__ThreeQuarter__Sparkling-05.webp
Flamerion,flamerion,1033302,1033302,,threequarter,sparkling-6,Sparkling-06,flamerion__1033302__threequarter__sparkling-6.webp,Flamerion__1033302__ThreeQuarter__Sparkling-06.webp,Images/Flamerion__1033302__ThreeQuarter__Sparkling-06.webp
Flamerion,flamerion,1033302,1033302,,threequarter,sparkling-7,Sparkling-07,flamerion__1033302__threequarter__sparkling-7.webp,Flamerion__1033302__ThreeQuarter__Sparkling-07.webp,Images/Flamerion__1033302__ThreeQuarter__Sparkling-07.webp
Flamerion,flamerion,1033302,1033302,,threequarter,sparkling-8,Sparkling-08,flamerion__1033302__threequarter__sparkling-8.webp,Flamerion__1033302__ThreeQuarter__Sparkling-08.webp,Images/Flamerion__1033302__ThreeQuarter__Sparkling-08.webp
Flamerion,flamerion,1033302,1033302,,threequarter,sparkling-9,Sparkling-09,flamerion__1033302__threequarter__sparkling-9.webp,Flamerion__1033302__ThreeQuarter__Sparkling-09.webp,Images/Flamerion__1033302__ThreeQuarter__Sparkling-09.webp
Flamerion,flamerion,1033302,1033302,,threequarter,sparkling-10,Sparkling-10,flamerion__1033302__threequarter__sparkling-10.webp,Flamerion__1033302__ThreeQuarter__Sparkling-10.webp,Images/Flamerion__1033302__ThreeQuarter__Sparkling-10.webp
Flamerion,flamerion,1033302,1033302,,threequarter,sparkling-11,Sparkling-11,flamerion__1033302__threequarter__sparkling-11.webp,Flamerion__1033302__ThreeQuarter__Sparkling-11.webp,Images/Flamerion__1033302__ThreeQuarter__Sparkling-11.webp
Flamerion,flamerion,1033302,1033302,,threequarter,sparkling-12,Sparkling-12,flamerion__1033302__threequarter__sparkling-12.webp,Flamerion__1033302__ThreeQuarter__Sparkling-12.webp,Images/Flamerion__1033302__ThreeQuarter__Sparkling-12.webp
Flamerion,flamerion,1033302,1033302,,threequarter,umbral,Umbral,flamerion__1033302__threequarter__umbral.webp,Flamerion__1033302__ThreeQuarter__Umbral.webp,Images/Flamerion__1033302__ThreeQuarter__Umbral.webp
Flamerion,flamerion,1033303,1033303,,threequarter,normal,Normal,flamerion__1033303__threequarter__normal.webp,Flamerion__1033303__ThreeQuarter__Normal.webp,Images/Flamerion__1033303__ThreeQuarter__Normal.webp
Flamerion,flamerion,1033303,1033303,,threequarter,sparkling-1,Sparkling-01,flamerion__1033303__threequarter__sparkling-1.webp,Flamerion__1033303__ThreeQuarter__Sparkling-01.webp,Images/Flamerion__1033303__ThreeQuarter__Sparkling-01.webp
Flamerion,flamerion,1033303,1033303,,threequarter,sparkling-2,Sparkling-02,flamerion__1033303__threequarter__sparkling-2.webp,Flamerion__1033303__ThreeQuarter__Sparkling-02.webp,Images/Flamerion__1033303__ThreeQuarter__Sparkling-02.webp
Flamerion,flamerion,1033303,1033303,,threequarter,sparkling-3,Sparkling-03,flamerion__1033303__threequarter__sparkling-3.webp,Flamerion__1033303__ThreeQuarter__Sparkling-03.webp,Images/Flamerion__1033303__ThreeQuarter__Sparkling-03.webp
Flamerion,flamerion,1033303,1033303,,threequarter,sparkling-4,Sparkling-04,flamerion__1033303__threequarter__sparkling-4.webp,Flamerion__1033303__ThreeQuarter__Sparkling-04.webp,Images/Flamerion__1033303__ThreeQuarter__Sparkling-04.webp
Flamerion,flamerion,1033303,1033303,,threequarter,sparkling-5,Sparkling-05,flamerion__1033303__threequarter__sparkling-5.webp,Flamerion__1033303__ThreeQuarter__Sparkling-05.webp,Images/Flamerion__1033303__ThreeQuarter__Sparkling-05.webp
Flamerion,flamerion,1033303,1033303,,threequarter,sparkling-6,Sparkling-06,flamerion__1033303__threequarter__sparkling-6.webp,Flamerion__1033303__ThreeQuarter__Sparkling-06.webp,Images/Flamerion__1033303__ThreeQuarter__Sparkling-06.webp
Flamerion,flamerion,1033303,1033303,,threequarter,sparkling-7,Sparkling-07,flamerion__1033303__threequarter__sparkling-7.webp,Flamerion__1033303__ThreeQuarter__Sparkling-07.webp,Images/Flamerion__1033303__ThreeQuarter__Sparkling-07.webp
Flamerion,flamerion,1033303,1033303,,threequarter,sparkling-8,Sparkling-08,flamerion__1033303__threequarter__sparkling-8.webp,Flamerion__1033303__ThreeQuarter__Sparkling-08.webp,Images/Flamerion__1033303__ThreeQuarter__Sparkling-08.webp
Flamerion,flamerion,1033303,1033303,,threequarter,sparkling-9,Sparkling-09,flamerion__1033303__threequarter__sparkling-9.webp,Flamerion__1033303__ThreeQuarter__Sparkling-09.webp,Images/Flamerion__1033303__ThreeQuarter__Sparkling-09.webp
Flamerion,flamerion,1033303,1033303,,threequarter,sparkling-10,Sparkling-10,flamerion__1033303__threequarter__sparkling-10.webp,Flamerion__1033303__ThreeQuarter__Sparkling-10.webp,Images/Flamerion__1033303__ThreeQuarter__Sparkling-10.webp
Flamerion,flamerion,1033303,1033303,,threequarter,sparkling-11,Sparkling-11,flamerion__1033303__threequarter__sparkling-11.webp,Flamerion__1033303__ThreeQuarter__Sparkling-11.webp,Images/Flamerion__1033303__ThreeQuarter__Sparkling-11.webp
Flamerion,flamerion,1033303,1033303,,threequarter,sparkling-12,Sparkling-12,flamerion__1033303__threequarter__sparkling-12.webp,Flamerion__1033303__ThreeQuarter__Sparkling-12.webp,Images/Flamerion__1033303__ThreeQuarter__Sparkling-12.webp
Flamerion,flamerion,1033303,1033303,,threequarter,umbral,Umbral,flamerion__1033303__threequarter__umbral.webp,Flamerion__1033303__ThreeQuarter__Umbral.webp,Images/Flamerion__1033303__ThreeQuarter__Umbral.webp
Flameruff,flameruff,1005200,1005200,,threequarter,normal,Normal,flameruff__1005200__threequarter__normal.webp,Flameruff__1005200__ThreeQuarter__Normal.webp,Images/Flameruff__1005200__ThreeQuarter__Normal.webp
Flameruff,flameruff,1005200,1005200,,threequarter,sparkling-1,Sparkling-01,flameruff__1005200__threequarter__sparkling-1.webp,Flameruff__1005200__ThreeQuarter__Sparkling-01.webp,Images/Flameruff__1005200__ThreeQuarter__Sparkling-01.webp
Flameruff,flameruff,1005200,1005200,,threequarter,sparkling-2,Sparkling-02,flameruff__1005200__threequarter__sparkling-2.webp,Flameruff__1005200__ThreeQuarter__Sparkling-02.webp,Images/Flameruff__1005200__ThreeQuarter__Sparkling-02.webp
Flameruff,flameruff,1005200,1005200,,threequarter,sparkling-3,Sparkling-03,flameruff__1005200__threequarter__sparkling-3.webp,Flameruff__1005200__ThreeQuarter__Sparkling-03.webp,Images/Flameruff__1005200__ThreeQuarter__Sparkling-03.webp
Flameruff,flameruff,1005200,1005200,,threequarter,sparkling-4,Sparkling-04,flameruff__1005200__threequarter__sparkling-4.webp,Flameruff__1005200__ThreeQuarter__Sparkling-04.webp,Images/Flameruff__1005200__ThreeQuarter__Sparkling-04.webp
Flameruff,flameruff,1005200,1005200,,threequarter,sparkling-5,Sparkling-05,flameruff__1005200__threequarter__sparkling-5.webp,Flameruff__1005200__ThreeQuarter__Sparkling-05.webp,Images/Flameruff__1005200__ThreeQuarter__Sparkling-05.webp
Flameruff,flameruff,1005200,1005200,,threequarter,sparkling-6,Sparkling-06,flameruff__1005200__threequarter__sparkling-6.webp,Flameruff__1005200__ThreeQuarter__Sparkling-06.webp,Images/Flameruff__1005200__ThreeQuarter__Sparkling-06.webp
Flameruff,flameruff,1005200,1005200,,threequarter,sparkling-7,Sparkling-07,flameruff__1005200__threequarter__sparkling-7.webp,Flameruff__1005200__ThreeQuarter__Sparkling-07.webp,Images/Flameruff__1005200__ThreeQuarter__Sparkling-07.webp
Flameruff,flameruff,1005200,1005200,,threequarter,sparkling-8,Sparkling-08,flameruff__1005200__threequarter__sparkling-8.webp,Flameruff__1005200__ThreeQuarter__Sparkling-08.webp,Images/Flameruff__1005200__ThreeQuarter__Sparkling-08.webp
Flameruff,flameruff,1005200,1005200,,threequarter,sparkling-9,Sparkling-09,flameruff__1005200__threequarter__sparkling-9.webp,Flameruff__1005200__ThreeQuarter__Sparkling-09.webp,Images/Flameruff__1005200__ThreeQuarter__Sparkling-09.webp
Flameruff,flameruff,1005200,1005200,,threequarter,sparkling-10,Sparkling-10,flameruff__1005200__threequarter__sparkling-10.webp,Flameruff__1005200__ThreeQuarter__Sparkling-10.webp,Images/Flameruff__1005200__ThreeQuarter__Sparkling-10.webp
Flameruff,flameruff,1005200,1005200,,threequarter,sparkling-11,Sparkling-11,flameruff__1005200__threequarter__sparkling-11.webp,Flameruff__1005200__ThreeQuarter__Sparkling-11.webp,Images/Flameruff__1005200__ThreeQuarter__Sparkling-11.webp
Flameruff,flameruff,1005200,1005200,,threequarter,sparkling-12,Sparkling-12,flameruff__1005200__threequarter__sparkling-12.webp,Flameruff__1005200__ThreeQuarter__Sparkling-12.webp,Images/Flameruff__1005200__ThreeQuarter__Sparkling-12.webp
Flameruff,flameruff,1005200,1005200,,threequarter,umbral,Umbral,flameruff__1005200__threequarter__umbral.webp,Flameruff__1005200__ThreeQuarter__Umbral.webp,Images/Flameruff__1005200__ThreeQuarter__Umbral.webp
Flameruff,flameruff,1005201,1005201,,threequarter,normal,Normal,flameruff__1005201__threequarter__normal.webp,Flameruff__1005201__ThreeQuarter__Normal.webp,Images/Flameruff__1005201__ThreeQuarter__Normal.webp
Flameruff,flameruff,1005201,1005201,,threequarter,sparkling-1,Sparkling-01,flameruff__1005201__threequarter__sparkling-1.webp,Flameruff__1005201__ThreeQuarter__Sparkling-01.webp,Images/Flameruff__1005201__ThreeQuarter__Sparkling-01.webp
Flameruff,flameruff,1005201,1005201,,threequarter,sparkling-2,Sparkling-02,flameruff__1005201__threequarter__sparkling-2.webp,Flameruff__1005201__ThreeQuarter__Sparkling-02.webp,Images/Flameruff__1005201__ThreeQuarter__Sparkling-02.webp
Flameruff,flameruff,1005201,1005201,,threequarter,sparkling-3,Sparkling-03,flameruff__1005201__threequarter__sparkling-3.webp,Flameruff__1005201__ThreeQuarter__Sparkling-03.webp,Images/Flameruff__1005201__ThreeQuarter__Sparkling-03.webp
Flameruff,flameruff,1005201,1005201,,threequarter,sparkling-4,Sparkling-04,flameruff__1005201__threequarter__sparkling-4.webp,Flameruff__1005201__ThreeQuarter__Sparkling-04.webp,Images/Flameruff__1005201__ThreeQuarter__Sparkling-04.webp
Flameruff,flameruff,1005201,1005201,,threequarter,sparkling-5,Sparkling-05,flameruff__1005201__threequarter__sparkling-5.webp,Flameruff__1005201__ThreeQuarter__Sparkling-05.webp,Images/Flameruff__1005201__ThreeQuarter__Sparkling-05.webp
Flameruff,flameruff,1005201,1005201,,threequarter,sparkling-6,Sparkling-06,flameruff__1005201__threequarter__sparkling-6.webp,Flameruff__1005201__ThreeQuarter__Sparkling-06.webp,Images/Flameruff__1005201__ThreeQuarter__Sparkling-06.webp
Flameruff,flameruff,1005201,1005201,,threequarter,sparkling-7,Sparkling-07,flameruff__1005201__threequarter__sparkling-7.webp,Flameruff__1005201__ThreeQuarter__Sparkling-07.webp,Images/Flameruff__1005201__ThreeQuarter__Sparkling-07.webp
Flameruff,flameruff,1005201,1005201,,threequarter,sparkling-8,Sparkling-08,flameruff__1005201__threequarter__sparkling-8.webp,Flameruff__1005201__ThreeQuarter__Sparkling-08.webp,Images/Flameruff__1005201__ThreeQuarter__Sparkling-08.webp
Flameruff,flameruff,1005201,1005201,,threequarter,sparkling-9,Sparkling-09,flameruff__1005201__threequarter__sparkling-9.webp,Flameruff__1005201__ThreeQuarter__Sparkling-09.webp,Images/Flameruff__1005201__ThreeQuarter__Sparkling-09.webp
Flameruff,flameruff,1005201,1005201,,threequarter,sparkling-10,Sparkling-10,flameruff__1005201__threequarter__sparkling-10.webp,Flameruff__1005201__ThreeQuarter__Sparkling-10.webp,Images/Flameruff__1005201__ThreeQuarter__Sparkling-10.webp
Flameruff,flameruff,1005201,1005201,,threequarter,sparkling-11,Sparkling-11,flameruff__1005201__threequarter__sparkling-11.webp,Flameruff__1005201__ThreeQuarter__Sparkling-11.webp,Images/Flameruff__1005201__ThreeQuarter__Sparkling-11.webp
Flameruff,flameruff,1005201,1005201,,threequarter,sparkling-12,Sparkling-12,flameruff__1005201__threequarter__sparkling-12.webp,Flameruff__1005201__ThreeQuarter__Sparkling-12.webp,Images/Flameruff__1005201__ThreeQuarter__Sparkling-12.webp
Flameruff,flameruff,1005201,1005201,,threequarter,umbral,Umbral,flameruff__1005201__threequarter__umbral.webp,Flameruff__1005201__ThreeQuarter__Umbral.webp,Images/Flameruff__1005201__ThreeQuarter__Umbral.webp
Flameruff,flameruff,1005204,1005204,,threequarter,normal,Normal,flameruff__1005204__threequarter__normal.webp,Flameruff__1005204__ThreeQuarter__Normal.webp,Images/Flameruff__1005204__ThreeQuarter__Normal.webp
Flameruff,flameruff,1005204,1005204,,threequarter,sparkling-1,Sparkling-01,flameruff__1005204__threequarter__sparkling-1.webp,Flameruff__1005204__ThreeQuarter__Sparkling-01.webp,Images/Flameruff__1005204__ThreeQuarter__Sparkling-01.webp
Flameruff,flameruff,1005204,1005204,,threequarter,sparkling-2,Sparkling-02,flameruff__1005204__threequarter__sparkling-2.webp,Flameruff__1005204__ThreeQuarter__Sparkling-02.webp,Images/Flameruff__1005204__ThreeQuarter__Sparkling-02.webp
Flameruff,flameruff,1005204,1005204,,threequarter,sparkling-3,Sparkling-03,flameruff__1005204__threequarter__sparkling-3.webp,Flameruff__1005204__ThreeQuarter__Sparkling-03.webp,Images/Flameruff__1005204__ThreeQuarter__Sparkling-03.webp
Flameruff,flameruff,1005204,1005204,,threequarter,sparkling-4,Sparkling-04,flameruff__1005204__threequarter__sparkling-4.webp,Flameruff__1005204__ThreeQuarter__Sparkling-04.webp,Images/Flameruff__1005204__ThreeQuarter__Sparkling-04.webp
Flameruff,flameruff,1005204,1005204,,threequarter,sparkling-5,Sparkling-05,flameruff__1005204__threequarter__sparkling-5.webp,Flameruff__1005204__ThreeQuarter__Sparkling-05.webp,Images/Flameruff__1005204__ThreeQuarter__Sparkling-05.webp
Flameruff,flameruff,1005204,1005204,,threequarter,sparkling-6,Sparkling-06,flameruff__1005204__threequarter__sparkling-6.webp,Flameruff__1005204__ThreeQuarter__Sparkling-06.webp,Images/Flameruff__1005204__ThreeQuarter__Sparkling-06.webp
Flameruff,flameruff,1005204,1005204,,threequarter,sparkling-7,Sparkling-07,flameruff__1005204__threequarter__sparkling-7.webp,Flameruff__1005204__ThreeQuarter__Sparkling-07.webp,Images/Flameruff__1005204__ThreeQuarter__Sparkling-07.webp
Flameruff,flameruff,1005204,1005204,,threequarter,sparkling-8,Sparkling-08,flameruff__1005204__threequarter__sparkling-8.webp,Flameruff__1005204__ThreeQuarter__Sparkling-08.webp,Images/Flameruff__1005204__ThreeQuarter__Sparkling-08.webp
Flameruff,flameruff,1005204,1005204,,threequarter,sparkling-9,Sparkling-09,flameruff__1005204__threequarter__sparkling-9.webp,Flameruff__1005204__ThreeQuarter__Sparkling-09.webp,Images/Flameruff__1005204__ThreeQuarter__Sparkling-09.webp
Flameruff,flameruff,1005204,1005204,,threequarter,sparkling-10,Sparkling-10,flameruff__1005204__threequarter__sparkling-10.webp,Flameruff__1005204__ThreeQuarter__Sparkling-10.webp,Images/Flameruff__1005204__ThreeQuarter__Sparkling-10.webp
Flameruff,flameruff,1005204,1005204,,threequarter,sparkling-11,Sparkling-11,flameruff__1005204__threequarter__sparkling-11.webp,Flameruff__1005204__ThreeQuarter__Sparkling-11.webp,Images/Flameruff__1005204__ThreeQuarter__Sparkling-11.webp
Flameruff,flameruff,1005204,1005204,,threequarter,sparkling-12,Sparkling-12,flameruff__1005204__threequarter__sparkling-12.webp,Flameruff__1005204__ThreeQuarter__Sparkling-12.webp,Images/Flameruff__1005204__ThreeQuarter__Sparkling-12.webp
Flameruff,flameruff,1005204,1005204,,threequarter,umbral,Umbral,flameruff__1005204__threequarter__umbral.webp,Flameruff__1005204__ThreeQuarter__Umbral.webp,Images/Flameruff__1005204__ThreeQuarter__Umbral.webp
Flutternym,flutternym,1023100,1023100,,threequarter,normal,Normal,flutternym__1023100__threequarter__normal.webp,Flutternym__1023100__ThreeQuarter__Normal.webp,Images/Flutternym__1023100__ThreeQuarter__Normal.webp
Flutternym,flutternym,1023100,1023100,,threequarter,sparkling-1,Sparkling-01,flutternym__1023100__threequarter__sparkling-1.webp,Flutternym__1023100__ThreeQuarter__Sparkling-01.webp,Images/Flutternym__1023100__ThreeQuarter__Sparkling-01.webp
Flutternym,flutternym,1023100,1023100,,threequarter,sparkling-2,Sparkling-02,flutternym__1023100__threequarter__sparkling-2.webp,Flutternym__1023100__ThreeQuarter__Sparkling-02.webp,Images/Flutternym__1023100__ThreeQuarter__Sparkling-02.webp
Flutternym,flutternym,1023100,1023100,,threequarter,sparkling-3,Sparkling-03,flutternym__1023100__threequarter__sparkling-3.webp,Flutternym__1023100__ThreeQuarter__Sparkling-03.webp,Images/Flutternym__1023100__ThreeQuarter__Sparkling-03.webp
Flutternym,flutternym,1023100,1023100,,threequarter,sparkling-4,Sparkling-04,flutternym__1023100__threequarter__sparkling-4.webp,Flutternym__1023100__ThreeQuarter__Sparkling-04.webp,Images/Flutternym__1023100__ThreeQuarter__Sparkling-04.webp
Flutternym,flutternym,1023100,1023100,,threequarter,sparkling-5,Sparkling-05,flutternym__1023100__threequarter__sparkling-5.webp,Flutternym__1023100__ThreeQuarter__Sparkling-05.webp,Images/Flutternym__1023100__ThreeQuarter__Sparkling-05.webp
Flutternym,flutternym,1023100,1023100,,threequarter,sparkling-6,Sparkling-06,flutternym__1023100__threequarter__sparkling-6.webp,Flutternym__1023100__ThreeQuarter__Sparkling-06.webp,Images/Flutternym__1023100__ThreeQuarter__Sparkling-06.webp
Flutternym,flutternym,1023100,1023100,,threequarter,sparkling-7,Sparkling-07,flutternym__1023100__threequarter__sparkling-7.webp,Flutternym__1023100__ThreeQuarter__Sparkling-07.webp,Images/Flutternym__1023100__ThreeQuarter__Sparkling-07.webp
Flutternym,flutternym,1023100,1023100,,threequarter,sparkling-8,Sparkling-08,flutternym__1023100__threequarter__sparkling-8.webp,Flutternym__1023100__ThreeQuarter__Sparkling-08.webp,Images/Flutternym__1023100__ThreeQuarter__Sparkling-08.webp
Flutternym,flutternym,1023100,1023100,,threequarter,sparkling-9,Sparkling-09,flutternym__1023100__threequarter__sparkling-9.webp,Flutternym__1023100__ThreeQuarter__Sparkling-09.webp,Images/Flutternym__1023100__ThreeQuarter__Sparkling-09.webp
Flutternym,flutternym,1023100,1023100,,threequarter,sparkling-10,Sparkling-10,flutternym__1023100__threequarter__sparkling-10.webp,Flutternym__1023100__ThreeQuarter__Sparkling-10.webp,Images/Flutternym__1023100__ThreeQuarter__Sparkling-10.webp
Flutternym,flutternym,1023100,1023100,,threequarter,sparkling-11,Sparkling-11,flutternym__1023100__threequarter__sparkling-11.webp,Flutternym__1023100__ThreeQuarter__Sparkling-11.webp,Images/Flutternym__1023100__ThreeQuarter__Sparkling-11.webp
Flutternym,flutternym,1023100,1023100,,threequarter,sparkling-12,Sparkling-12,flutternym__1023100__threequarter__sparkling-12.webp,Flutternym__1023100__ThreeQuarter__Sparkling-12.webp,Images/Flutternym__1023100__ThreeQuarter__Sparkling-12.webp
Flutternym,flutternym,1023100,1023100,,threequarter,umbral,Umbral,flutternym__1023100__threequarter__umbral.webp,Flutternym__1023100__ThreeQuarter__Umbral.webp,Images/Flutternym__1023100__ThreeQuarter__Umbral.webp
Flutternym,flutternym,1023101,1023101,,threequarter,normal,Normal,flutternym__1023101__threequarter__normal.webp,Flutternym__1023101__ThreeQuarter__Normal.webp,Images/Flutternym__1023101__ThreeQuarter__Normal.webp
Flutternym,flutternym,1023101,1023101,,threequarter,sparkling-1,Sparkling-01,flutternym__1023101__threequarter__sparkling-1.webp,Flutternym__1023101__ThreeQuarter__Sparkling-01.webp,Images/Flutternym__1023101__ThreeQuarter__Sparkling-01.webp
Flutternym,flutternym,1023101,1023101,,threequarter,sparkling-2,Sparkling-02,flutternym__1023101__threequarter__sparkling-2.webp,Flutternym__1023101__ThreeQuarter__Sparkling-02.webp,Images/Flutternym__1023101__ThreeQuarter__Sparkling-02.webp
Flutternym,flutternym,1023101,1023101,,threequarter,sparkling-3,Sparkling-03,flutternym__1023101__threequarter__sparkling-3.webp,Flutternym__1023101__ThreeQuarter__Sparkling-03.webp,Images/Flutternym__1023101__ThreeQuarter__Sparkling-03.webp
Flutternym,flutternym,1023101,1023101,,threequarter,sparkling-4,Sparkling-04,flutternym__1023101__threequarter__sparkling-4.webp,Flutternym__1023101__ThreeQuarter__Sparkling-04.webp,Images/Flutternym__1023101__ThreeQuarter__Sparkling-04.webp
Flutternym,flutternym,1023101,1023101,,threequarter,sparkling-5,Sparkling-05,flutternym__1023101__threequarter__sparkling-5.webp,Flutternym__1023101__ThreeQuarter__Sparkling-05.webp,Images/Flutternym__1023101__ThreeQuarter__Sparkling-05.webp
Flutternym,flutternym,1023101,1023101,,threequarter,sparkling-6,Sparkling-06,flutternym__1023101__threequarter__sparkling-6.webp,Flutternym__1023101__ThreeQuarter__Sparkling-06.webp,Images/Flutternym__1023101__ThreeQuarter__Sparkling-06.webp
Flutternym,flutternym,1023101,1023101,,threequarter,sparkling-7,Sparkling-07,flutternym__1023101__threequarter__sparkling-7.webp,Flutternym__1023101__ThreeQuarter__Sparkling-07.webp,Images/Flutternym__1023101__ThreeQuarter__Sparkling-07.webp
Flutternym,flutternym,1023101,1023101,,threequarter,sparkling-8,Sparkling-08,flutternym__1023101__threequarter__sparkling-8.webp,Flutternym__1023101__ThreeQuarter__Sparkling-08.webp,Images/Flutternym__1023101__ThreeQuarter__Sparkling-08.webp
Flutternym,flutternym,1023101,1023101,,threequarter,sparkling-9,Sparkling-09,flutternym__1023101__threequarter__sparkling-9.webp,Flutternym__1023101__ThreeQuarter__Sparkling-09.webp,Images/Flutternym__1023101__ThreeQuarter__Sparkling-09.webp
Flutternym,flutternym,1023101,1023101,,threequarter,sparkling-10,Sparkling-10,flutternym__1023101__threequarter__sparkling-10.webp,Flutternym__1023101__ThreeQuarter__Sparkling-10.webp,Images/Flutternym__1023101__ThreeQuarter__Sparkling-10.webp
Flutternym,flutternym,1023101,1023101,,threequarter,sparkling-11,Sparkling-11,flutternym__1023101__threequarter__sparkling-11.webp,Flutternym__1023101__ThreeQuarter__Sparkling-11.webp,Images/Flutternym__1023101__ThreeQuarter__Sparkling-11.webp
Flutternym,flutternym,1023101,1023101,,threequarter,sparkling-12,Sparkling-12,flutternym__1023101__threequarter__sparkling-12.webp,Flutternym__1023101__ThreeQuarter__Sparkling-12.webp,Images/Flutternym__1023101__ThreeQuarter__Sparkling-12.webp
Flutternym,flutternym,1023101,1023101,,threequarter,umbral,Umbral,flutternym__1023101__threequarter__umbral.webp,Flutternym__1023101__ThreeQuarter__Umbral.webp,Images/Flutternym__1023101__ThreeQuarter__Umbral.webp
Flutternym,flutternym,1023102,1023102,,threequarter,normal,Normal,flutternym__1023102__threequarter__normal.webp,Flutternym__1023102__ThreeQuarter__Normal.webp,Images/Flutternym__1023102__ThreeQuarter__Normal.webp
Flutternym,flutternym,1023102,1023102,,threequarter,sparkling-1,Sparkling-01,flutternym__1023102__threequarter__sparkling-1.webp,Flutternym__1023102__ThreeQuarter__Sparkling-01.webp,Images/Flutternym__1023102__ThreeQuarter__Sparkling-01.webp
Flutternym,flutternym,1023102,1023102,,threequarter,sparkling-2,Sparkling-02,flutternym__1023102__threequarter__sparkling-2.webp,Flutternym__1023102__ThreeQuarter__Sparkling-02.webp,Images/Flutternym__1023102__ThreeQuarter__Sparkling-02.webp
Flutternym,flutternym,1023102,1023102,,threequarter,sparkling-3,Sparkling-03,flutternym__1023102__threequarter__sparkling-3.webp,Flutternym__1023102__ThreeQuarter__Sparkling-03.webp,Images/Flutternym__1023102__ThreeQuarter__Sparkling-03.webp
Flutternym,flutternym,1023102,1023102,,threequarter,sparkling-4,Sparkling-04,flutternym__1023102__threequarter__sparkling-4.webp,Flutternym__1023102__ThreeQuarter__Sparkling-04.webp,Images/Flutternym__1023102__ThreeQuarter__Sparkling-04.webp
Flutternym,flutternym,1023102,1023102,,threequarter,sparkling-5,Sparkling-05,flutternym__1023102__threequarter__sparkling-5.webp,Flutternym__1023102__ThreeQuarter__Sparkling-05.webp,Images/Flutternym__1023102__ThreeQuarter__Sparkling-05.webp
Flutternym,flutternym,1023102,1023102,,threequarter,sparkling-6,Sparkling-06,flutternym__1023102__threequarter__sparkling-6.webp,Flutternym__1023102__ThreeQuarter__Sparkling-06.webp,Images/Flutternym__1023102__ThreeQuarter__Sparkling-06.webp
Flutternym,flutternym,1023102,1023102,,threequarter,sparkling-7,Sparkling-07,flutternym__1023102__threequarter__sparkling-7.webp,Flutternym__1023102__ThreeQuarter__Sparkling-07.webp,Images/Flutternym__1023102__ThreeQuarter__Sparkling-07.webp
Flutternym,flutternym,1023102,1023102,,threequarter,sparkling-8,Sparkling-08,flutternym__1023102__threequarter__sparkling-8.webp,Flutternym__1023102__ThreeQuarter__Sparkling-08.webp,Images/Flutternym__1023102__ThreeQuarter__Sparkling-08.webp
Flutternym,flutternym,1023102,1023102,,threequarter,sparkling-9,Sparkling-09,flutternym__1023102__threequarter__sparkling-9.webp,Flutternym__1023102__ThreeQuarter__Sparkling-09.webp,Images/Flutternym__1023102__ThreeQuarter__Sparkling-09.webp
Flutternym,flutternym,1023102,1023102,,threequarter,sparkling-10,Sparkling-10,flutternym__1023102__threequarter__sparkling-10.webp,Flutternym__1023102__ThreeQuarter__Sparkling-10.webp,Images/Flutternym__1023102__ThreeQuarter__Sparkling-10.webp
Flutternym,flutternym,1023102,1023102,,threequarter,sparkling-11,Sparkling-11,flutternym__1023102__threequarter__sparkling-11.webp,Flutternym__1023102__ThreeQuarter__Sparkling-11.webp,Images/Flutternym__1023102__ThreeQuarter__Sparkling-11.webp
Flutternym,flutternym,1023102,1023102,,threequarter,sparkling-12,Sparkling-12,flutternym__1023102__threequarter__sparkling-12.webp,Flutternym__1023102__ThreeQuarter__Sparkling-12.webp,Images/Flutternym__1023102__ThreeQuarter__Sparkling-12.webp
Flutternym,flutternym,1023102,1023102,,threequarter,umbral,Umbral,flutternym__1023102__threequarter__umbral.webp,Flutternym__1023102__ThreeQuarter__Umbral.webp,Images/Flutternym__1023102__ThreeQuarter__Umbral.webp
Flutternym,flutternym,1023103,1023103,,threequarter,normal,Normal,flutternym__1023103__threequarter__normal.webp,Flutternym__1023103__ThreeQuarter__Normal.webp,Images/Flutternym__1023103__ThreeQuarter__Normal.webp
Flutternym,flutternym,1023103,1023103,,threequarter,sparkling-1,Sparkling-01,flutternym__1023103__threequarter__sparkling-1.webp,Flutternym__1023103__ThreeQuarter__Sparkling-01.webp,Images/Flutternym__1023103__ThreeQuarter__Sparkling-01.webp
Flutternym,flutternym,1023103,1023103,,threequarter,sparkling-2,Sparkling-02,flutternym__1023103__threequarter__sparkling-2.webp,Flutternym__1023103__ThreeQuarter__Sparkling-02.webp,Images/Flutternym__1023103__ThreeQuarter__Sparkling-02.webp
Flutternym,flutternym,1023103,1023103,,threequarter,sparkling-3,Sparkling-03,flutternym__1023103__threequarter__sparkling-3.webp,Flutternym__1023103__ThreeQuarter__Sparkling-03.webp,Images/Flutternym__1023103__ThreeQuarter__Sparkling-03.webp
Flutternym,flutternym,1023103,1023103,,threequarter,sparkling-4,Sparkling-04,flutternym__1023103__threequarter__sparkling-4.webp,Flutternym__1023103__ThreeQuarter__Sparkling-04.webp,Images/Flutternym__1023103__ThreeQuarter__Sparkling-04.webp
Flutternym,flutternym,1023103,1023103,,threequarter,sparkling-5,Sparkling-05,flutternym__1023103__threequarter__sparkling-5.webp,Flutternym__1023103__ThreeQuarter__Sparkling-05.webp,Images/Flutternym__1023103__ThreeQuarter__Sparkling-05.webp
Flutternym,flutternym,1023103,1023103,,threequarter,sparkling-6,Sparkling-06,flutternym__1023103__threequarter__sparkling-6.webp,Flutternym__1023103__ThreeQuarter__Sparkling-06.webp,Images/Flutternym__1023103__ThreeQuarter__Sparkling-06.webp
Flutternym,flutternym,1023103,1023103,,threequarter,sparkling-7,Sparkling-07,flutternym__1023103__threequarter__sparkling-7.webp,Flutternym__1023103__ThreeQuarter__Sparkling-07.webp,Images/Flutternym__1023103__ThreeQuarter__Sparkling-07.webp
Flutternym,flutternym,1023103,1023103,,threequarter,sparkling-8,Sparkling-08,flutternym__1023103__threequarter__sparkling-8.webp,Flutternym__1023103__ThreeQuarter__Sparkling-08.webp,Images/Flutternym__1023103__ThreeQuarter__Sparkling-08.webp
Flutternym,flutternym,1023103,1023103,,threequarter,sparkling-9,Sparkling-09,flutternym__1023103__threequarter__sparkling-9.webp,Flutternym__1023103__ThreeQuarter__Sparkling-09.webp,Images/Flutternym__1023103__ThreeQuarter__Sparkling-09.webp
Flutternym,flutternym,1023103,1023103,,threequarter,sparkling-10,Sparkling-10,flutternym__1023103__threequarter__sparkling-10.webp,Flutternym__1023103__ThreeQuarter__Sparkling-10.webp,Images/Flutternym__1023103__ThreeQuarter__Sparkling-10.webp
Flutternym,flutternym,1023103,1023103,,threequarter,sparkling-11,Sparkling-11,flutternym__1023103__threequarter__sparkling-11.webp,Flutternym__1023103__ThreeQuarter__Sparkling-11.webp,Images/Flutternym__1023103__ThreeQuarter__Sparkling-11.webp
Flutternym,flutternym,1023103,1023103,,threequarter,sparkling-12,Sparkling-12,flutternym__1023103__threequarter__sparkling-12.webp,Flutternym__1023103__ThreeQuarter__Sparkling-12.webp,Images/Flutternym__1023103__ThreeQuarter__Sparkling-12.webp
Flutternym,flutternym,1023103,1023103,,threequarter,umbral,Umbral,flutternym__1023103__threequarter__umbral.webp,Flutternym__1023103__ThreeQuarter__Umbral.webp,Images/Flutternym__1023103__ThreeQuarter__Umbral.webp
Fragrancier,fragrancier,1035200,1035200,,threequarter,normal,Normal,fragrancier__1035200__threequarter__normal.webp,Fragrancier__1035200__ThreeQuarter__Normal.webp,Images/Fragrancier__1035200__ThreeQuarter__Normal.webp
Fragrancier,fragrancier,1035200,1035200,,threequarter,sparkling-1,Sparkling-01,fragrancier__1035200__threequarter__sparkling-1.webp,Fragrancier__1035200__ThreeQuarter__Sparkling-01.webp,Images/Fragrancier__1035200__ThreeQuarter__Sparkling-01.webp
Fragrancier,fragrancier,1035200,1035200,,threequarter,sparkling-2,Sparkling-02,fragrancier__1035200__threequarter__sparkling-2.webp,Fragrancier__1035200__ThreeQuarter__Sparkling-02.webp,Images/Fragrancier__1035200__ThreeQuarter__Sparkling-02.webp
Fragrancier,fragrancier,1035200,1035200,,threequarter,sparkling-3,Sparkling-03,fragrancier__1035200__threequarter__sparkling-3.webp,Fragrancier__1035200__ThreeQuarter__Sparkling-03.webp,Images/Fragrancier__1035200__ThreeQuarter__Sparkling-03.webp
Fragrancier,fragrancier,1035200,1035200,,threequarter,sparkling-4,Sparkling-04,fragrancier__1035200__threequarter__sparkling-4.webp,Fragrancier__1035200__ThreeQuarter__Sparkling-04.webp,Images/Fragrancier__1035200__ThreeQuarter__Sparkling-04.webp
Fragrancier,fragrancier,1035200,1035200,,threequarter,sparkling-5,Sparkling-05,fragrancier__1035200__threequarter__sparkling-5.webp,Fragrancier__1035200__ThreeQuarter__Sparkling-05.webp,Images/Fragrancier__1035200__ThreeQuarter__Sparkling-05.webp
Fragrancier,fragrancier,1035200,1035200,,threequarter,sparkling-6,Sparkling-06,fragrancier__1035200__threequarter__sparkling-6.webp,Fragrancier__1035200__ThreeQuarter__Sparkling-06.webp,Images/Fragrancier__1035200__ThreeQuarter__Sparkling-06.webp
Fragrancier,fragrancier,1035200,1035200,,threequarter,sparkling-7,Sparkling-07,fragrancier__1035200__threequarter__sparkling-7.webp,Fragrancier__1035200__ThreeQuarter__Sparkling-07.webp,Images/Fragrancier__1035200__ThreeQuarter__Sparkling-07.webp
Fragrancier,fragrancier,1035200,1035200,,threequarter,sparkling-8,Sparkling-08,fragrancier__1035200__threequarter__sparkling-8.webp,Fragrancier__1035200__ThreeQuarter__Sparkling-08.webp,Images/Fragrancier__1035200__ThreeQuarter__Sparkling-08.webp
Fragrancier,fragrancier,1035200,1035200,,threequarter,sparkling-9,Sparkling-09,fragrancier__1035200__threequarter__sparkling-9.webp,Fragrancier__1035200__ThreeQuarter__Sparkling-09.webp,Images/Fragrancier__1035200__ThreeQuarter__Sparkling-09.webp
Fragrancier,fragrancier,1035200,1035200,,threequarter,sparkling-10,Sparkling-10,fragrancier__1035200__threequarter__sparkling-10.webp,Fragrancier__1035200__ThreeQuarter__Sparkling-10.webp,Images/Fragrancier__1035200__ThreeQuarter__Sparkling-10.webp
Fragrancier,fragrancier,1035200,1035200,,threequarter,sparkling-11,Sparkling-11,fragrancier__1035200__threequarter__sparkling-11.webp,Fragrancier__1035200__ThreeQuarter__Sparkling-11.webp,Images/Fragrancier__1035200__ThreeQuarter__Sparkling-11.webp
Fragrancier,fragrancier,1035200,1035200,,threequarter,sparkling-12,Sparkling-12,fragrancier__1035200__threequarter__sparkling-12.webp,Fragrancier__1035200__ThreeQuarter__Sparkling-12.webp,Images/Fragrancier__1035200__ThreeQuarter__Sparkling-12.webp
Fragrancier,fragrancier,1035200,1035200,,threequarter,umbral,Umbral,fragrancier__1035200__threequarter__umbral.webp,Fragrancier__1035200__ThreeQuarter__Umbral.webp,Images/Fragrancier__1035200__ThreeQuarter__Umbral.webp
Fulmintis,fulmintis,1003300,1003300,,threequarter,normal,Normal,fulmintis__1003300__threequarter__normal.webp,Fulmintis__1003300__ThreeQuarter__Normal.webp,Images/Fulmintis__1003300__ThreeQuarter__Normal.webp
Fulmintis,fulmintis,1003300,1003300,,threequarter,sparkling-1,Sparkling-01,fulmintis__1003300__threequarter__sparkling-1.webp,Fulmintis__1003300__ThreeQuarter__Sparkling-01.webp,Images/Fulmintis__1003300__ThreeQuarter__Sparkling-01.webp
Fulmintis,fulmintis,1003300,1003300,,threequarter,sparkling-2,Sparkling-02,fulmintis__1003300__threequarter__sparkling-2.webp,Fulmintis__1003300__ThreeQuarter__Sparkling-02.webp,Images/Fulmintis__1003300__ThreeQuarter__Sparkling-02.webp
Fulmintis,fulmintis,1003300,1003300,,threequarter,sparkling-3,Sparkling-03,fulmintis__1003300__threequarter__sparkling-3.webp,Fulmintis__1003300__ThreeQuarter__Sparkling-03.webp,Images/Fulmintis__1003300__ThreeQuarter__Sparkling-03.webp
Fulmintis,fulmintis,1003300,1003300,,threequarter,sparkling-4,Sparkling-04,fulmintis__1003300__threequarter__sparkling-4.webp,Fulmintis__1003300__ThreeQuarter__Sparkling-04.webp,Images/Fulmintis__1003300__ThreeQuarter__Sparkling-04.webp
Fulmintis,fulmintis,1003300,1003300,,threequarter,sparkling-5,Sparkling-05,fulmintis__1003300__threequarter__sparkling-5.webp,Fulmintis__1003300__ThreeQuarter__Sparkling-05.webp,Images/Fulmintis__1003300__ThreeQuarter__Sparkling-05.webp
Fulmintis,fulmintis,1003300,1003300,,threequarter,sparkling-6,Sparkling-06,fulmintis__1003300__threequarter__sparkling-6.webp,Fulmintis__1003300__ThreeQuarter__Sparkling-06.webp,Images/Fulmintis__1003300__ThreeQuarter__Sparkling-06.webp
Fulmintis,fulmintis,1003300,1003300,,threequarter,sparkling-7,Sparkling-07,fulmintis__1003300__threequarter__sparkling-7.webp,Fulmintis__1003300__ThreeQuarter__Sparkling-07.webp,Images/Fulmintis__1003300__ThreeQuarter__Sparkling-07.webp
Fulmintis,fulmintis,1003300,1003300,,threequarter,sparkling-8,Sparkling-08,fulmintis__1003300__threequarter__sparkling-8.webp,Fulmintis__1003300__ThreeQuarter__Sparkling-08.webp,Images/Fulmintis__1003300__ThreeQuarter__Sparkling-08.webp
Fulmintis,fulmintis,1003300,1003300,,threequarter,sparkling-9,Sparkling-09,fulmintis__1003300__threequarter__sparkling-9.webp,Fulmintis__1003300__ThreeQuarter__Sparkling-09.webp,Images/Fulmintis__1003300__ThreeQuarter__Sparkling-09.webp
Fulmintis,fulmintis,1003300,1003300,,threequarter,sparkling-10,Sparkling-10,fulmintis__1003300__threequarter__sparkling-10.webp,Fulmintis__1003300__ThreeQuarter__Sparkling-10.webp,Images/Fulmintis__1003300__ThreeQuarter__Sparkling-10.webp
Fulmintis,fulmintis,1003300,1003300,,threequarter,sparkling-11,Sparkling-11,fulmintis__1003300__threequarter__sparkling-11.webp,Fulmintis__1003300__ThreeQuarter__Sparkling-11.webp,Images/Fulmintis__1003300__ThreeQuarter__Sparkling-11.webp
Fulmintis,fulmintis,1003300,1003300,,threequarter,sparkling-12,Sparkling-12,fulmintis__1003300__threequarter__sparkling-12.webp,Fulmintis__1003300__ThreeQuarter__Sparkling-12.webp,Images/Fulmintis__1003300__ThreeQuarter__Sparkling-12.webp
Fulmintis,fulmintis,1003300,1003300,,threequarter,umbral,Umbral,fulmintis__1003300__threequarter__umbral.webp,Fulmintis__1003300__ThreeQuarter__Umbral.webp,Images/Fulmintis__1003300__ThreeQuarter__Umbral.webp
Fulmintis,fulmintis,1003305,1003305,,threequarter,normal,Normal,fulmintis__1003305__threequarter__normal.webp,Fulmintis__1003305__ThreeQuarter__Normal.webp,Images/Fulmintis__1003305__ThreeQuarter__Normal.webp
Fulmintis,fulmintis,1003305,1003305,,threequarter,sparkling-1,Sparkling-01,fulmintis__1003305__threequarter__sparkling-1.webp,Fulmintis__1003305__ThreeQuarter__Sparkling-01.webp,Images/Fulmintis__1003305__ThreeQuarter__Sparkling-01.webp
Fulmintis,fulmintis,1003305,1003305,,threequarter,sparkling-2,Sparkling-02,fulmintis__1003305__threequarter__sparkling-2.webp,Fulmintis__1003305__ThreeQuarter__Sparkling-02.webp,Images/Fulmintis__1003305__ThreeQuarter__Sparkling-02.webp
Fulmintis,fulmintis,1003305,1003305,,threequarter,sparkling-3,Sparkling-03,fulmintis__1003305__threequarter__sparkling-3.webp,Fulmintis__1003305__ThreeQuarter__Sparkling-03.webp,Images/Fulmintis__1003305__ThreeQuarter__Sparkling-03.webp
Fulmintis,fulmintis,1003305,1003305,,threequarter,sparkling-4,Sparkling-04,fulmintis__1003305__threequarter__sparkling-4.webp,Fulmintis__1003305__ThreeQuarter__Sparkling-04.webp,Images/Fulmintis__1003305__ThreeQuarter__Sparkling-04.webp
Fulmintis,fulmintis,1003305,1003305,,threequarter,sparkling-5,Sparkling-05,fulmintis__1003305__threequarter__sparkling-5.webp,Fulmintis__1003305__ThreeQuarter__Sparkling-05.webp,Images/Fulmintis__1003305__ThreeQuarter__Sparkling-05.webp
Fulmintis,fulmintis,1003305,1003305,,threequarter,sparkling-6,Sparkling-06,fulmintis__1003305__threequarter__sparkling-6.webp,Fulmintis__1003305__ThreeQuarter__Sparkling-06.webp,Images/Fulmintis__1003305__ThreeQuarter__Sparkling-06.webp
Fulmintis,fulmintis,1003305,1003305,,threequarter,sparkling-7,Sparkling-07,fulmintis__1003305__threequarter__sparkling-7.webp,Fulmintis__1003305__ThreeQuarter__Sparkling-07.webp,Images/Fulmintis__1003305__ThreeQuarter__Sparkling-07.webp
Fulmintis,fulmintis,1003305,1003305,,threequarter,sparkling-8,Sparkling-08,fulmintis__1003305__threequarter__sparkling-8.webp,Fulmintis__1003305__ThreeQuarter__Sparkling-08.webp,Images/Fulmintis__1003305__ThreeQuarter__Sparkling-08.webp
Fulmintis,fulmintis,1003305,1003305,,threequarter,sparkling-9,Sparkling-09,fulmintis__1003305__threequarter__sparkling-9.webp,Fulmintis__1003305__ThreeQuarter__Sparkling-09.webp,Images/Fulmintis__1003305__ThreeQuarter__Sparkling-09.webp
Fulmintis,fulmintis,1003305,1003305,,threequarter,sparkling-10,Sparkling-10,fulmintis__1003305__threequarter__sparkling-10.webp,Fulmintis__1003305__ThreeQuarter__Sparkling-10.webp,Images/Fulmintis__1003305__ThreeQuarter__Sparkling-10.webp
Fulmintis,fulmintis,1003305,1003305,,threequarter,sparkling-11,Sparkling-11,fulmintis__1003305__threequarter__sparkling-11.webp,Fulmintis__1003305__ThreeQuarter__Sparkling-11.webp,Images/Fulmintis__1003305__ThreeQuarter__Sparkling-11.webp
Fulmintis,fulmintis,1003305,1003305,,threequarter,sparkling-12,Sparkling-12,fulmintis__1003305__threequarter__sparkling-12.webp,Fulmintis__1003305__ThreeQuarter__Sparkling-12.webp,Images/Fulmintis__1003305__ThreeQuarter__Sparkling-12.webp
Gachapus,gachapus,1062300,1062300,,threequarter,normal,Normal,gachapus__1062300__threequarter__normal.webp,Gachapus__1062300__ThreeQuarter__Normal.webp,Images/Gachapus__1062300__ThreeQuarter__Normal.webp
Geoclaw,geoclaw,1016300,1016300,,threequarter,normal,Normal,geoclaw__1016300__threequarter__normal.webp,Geoclaw__1016300__ThreeQuarter__Normal.webp,Images/Geoclaw__1016300__ThreeQuarter__Normal.webp
Geoclaw,geoclaw,1016300,1016300,,threequarter,sparkling-1,Sparkling-01,geoclaw__1016300__threequarter__sparkling-1.webp,Geoclaw__1016300__ThreeQuarter__Sparkling-01.webp,Images/Geoclaw__1016300__ThreeQuarter__Sparkling-01.webp
Geoclaw,geoclaw,1016300,1016300,,threequarter,sparkling-2,Sparkling-02,geoclaw__1016300__threequarter__sparkling-2.webp,Geoclaw__1016300__ThreeQuarter__Sparkling-02.webp,Images/Geoclaw__1016300__ThreeQuarter__Sparkling-02.webp
Geoclaw,geoclaw,1016300,1016300,,threequarter,sparkling-3,Sparkling-03,geoclaw__1016300__threequarter__sparkling-3.webp,Geoclaw__1016300__ThreeQuarter__Sparkling-03.webp,Images/Geoclaw__1016300__ThreeQuarter__Sparkling-03.webp
Geoclaw,geoclaw,1016300,1016300,,threequarter,sparkling-4,Sparkling-04,geoclaw__1016300__threequarter__sparkling-4.webp,Geoclaw__1016300__ThreeQuarter__Sparkling-04.webp,Images/Geoclaw__1016300__ThreeQuarter__Sparkling-04.webp
Geoclaw,geoclaw,1016300,1016300,,threequarter,sparkling-5,Sparkling-05,geoclaw__1016300__threequarter__sparkling-5.webp,Geoclaw__1016300__ThreeQuarter__Sparkling-05.webp,Images/Geoclaw__1016300__ThreeQuarter__Sparkling-05.webp
Geoclaw,geoclaw,1016300,1016300,,threequarter,sparkling-6,Sparkling-06,geoclaw__1016300__threequarter__sparkling-6.webp,Geoclaw__1016300__ThreeQuarter__Sparkling-06.webp,Images/Geoclaw__1016300__ThreeQuarter__Sparkling-06.webp
Geoclaw,geoclaw,1016300,1016300,,threequarter,sparkling-7,Sparkling-07,geoclaw__1016300__threequarter__sparkling-7.webp,Geoclaw__1016300__ThreeQuarter__Sparkling-07.webp,Images/Geoclaw__1016300__ThreeQuarter__Sparkling-07.webp
Geoclaw,geoclaw,1016300,1016300,,threequarter,sparkling-8,Sparkling-08,geoclaw__1016300__threequarter__sparkling-8.webp,Geoclaw__1016300__ThreeQuarter__Sparkling-08.webp,Images/Geoclaw__1016300__ThreeQuarter__Sparkling-08.webp
Geoclaw,geoclaw,1016300,1016300,,threequarter,sparkling-9,Sparkling-09,geoclaw__1016300__threequarter__sparkling-9.webp,Geoclaw__1016300__ThreeQuarter__Sparkling-09.webp,Images/Geoclaw__1016300__ThreeQuarter__Sparkling-09.webp
Geoclaw,geoclaw,1016300,1016300,,threequarter,sparkling-10,Sparkling-10,geoclaw__1016300__threequarter__sparkling-10.webp,Geoclaw__1016300__ThreeQuarter__Sparkling-10.webp,Images/Geoclaw__1016300__ThreeQuarter__Sparkling-10.webp
Geoclaw,geoclaw,1016300,1016300,,threequarter,sparkling-11,Sparkling-11,geoclaw__1016300__threequarter__sparkling-11.webp,Geoclaw__1016300__ThreeQuarter__Sparkling-11.webp,Images/Geoclaw__1016300__ThreeQuarter__Sparkling-11.webp
Geoclaw,geoclaw,1016300,1016300,,threequarter,sparkling-12,Sparkling-12,geoclaw__1016300__threequarter__sparkling-12.webp,Geoclaw__1016300__ThreeQuarter__Sparkling-12.webp,Images/Geoclaw__1016300__ThreeQuarter__Sparkling-12.webp
Geoclaw,geoclaw,1016300,1016300,,threequarter,umbral,Umbral,geoclaw__1016300__threequarter__umbral.webp,Geoclaw__1016300__ThreeQuarter__Umbral.webp,Images/Geoclaw__1016300__ThreeQuarter__Umbral.webp
Geodeback,geodeback,1028400,1028400,,threequarter,normal,Normal,geodeback__1028400__threequarter__normal.webp,Geodeback__1028400__ThreeQuarter__Normal.webp,Images/Geodeback__1028400__ThreeQuarter__Normal.webp
Geodeback,geodeback,1028400,1028400,,threequarter,sparkling-1,Sparkling-01,geodeback__1028400__threequarter__sparkling-1.webp,Geodeback__1028400__ThreeQuarter__Sparkling-01.webp,Images/Geodeback__1028400__ThreeQuarter__Sparkling-01.webp
Geodeback,geodeback,1028400,1028400,,threequarter,sparkling-2,Sparkling-02,geodeback__1028400__threequarter__sparkling-2.webp,Geodeback__1028400__ThreeQuarter__Sparkling-02.webp,Images/Geodeback__1028400__ThreeQuarter__Sparkling-02.webp
Geodeback,geodeback,1028400,1028400,,threequarter,sparkling-3,Sparkling-03,geodeback__1028400__threequarter__sparkling-3.webp,Geodeback__1028400__ThreeQuarter__Sparkling-03.webp,Images/Geodeback__1028400__ThreeQuarter__Sparkling-03.webp
Geodeback,geodeback,1028400,1028400,,threequarter,sparkling-4,Sparkling-04,geodeback__1028400__threequarter__sparkling-4.webp,Geodeback__1028400__ThreeQuarter__Sparkling-04.webp,Images/Geodeback__1028400__ThreeQuarter__Sparkling-04.webp
Geodeback,geodeback,1028400,1028400,,threequarter,sparkling-5,Sparkling-05,geodeback__1028400__threequarter__sparkling-5.webp,Geodeback__1028400__ThreeQuarter__Sparkling-05.webp,Images/Geodeback__1028400__ThreeQuarter__Sparkling-05.webp
Geodeback,geodeback,1028400,1028400,,threequarter,sparkling-6,Sparkling-06,geodeback__1028400__threequarter__sparkling-6.webp,Geodeback__1028400__ThreeQuarter__Sparkling-06.webp,Images/Geodeback__1028400__ThreeQuarter__Sparkling-06.webp
Geodeback,geodeback,1028400,1028400,,threequarter,sparkling-7,Sparkling-07,geodeback__1028400__threequarter__sparkling-7.webp,Geodeback__1028400__ThreeQuarter__Sparkling-07.webp,Images/Geodeback__1028400__ThreeQuarter__Sparkling-07.webp
Geodeback,geodeback,1028400,1028400,,threequarter,sparkling-8,Sparkling-08,geodeback__1028400__threequarter__sparkling-8.webp,Geodeback__1028400__ThreeQuarter__Sparkling-08.webp,Images/Geodeback__1028400__ThreeQuarter__Sparkling-08.webp
Geodeback,geodeback,1028400,1028400,,threequarter,sparkling-9,Sparkling-09,geodeback__1028400__threequarter__sparkling-9.webp,Geodeback__1028400__ThreeQuarter__Sparkling-09.webp,Images/Geodeback__1028400__ThreeQuarter__Sparkling-09.webp
Geodeback,geodeback,1028400,1028400,,threequarter,sparkling-10,Sparkling-10,geodeback__1028400__threequarter__sparkling-10.webp,Geodeback__1028400__ThreeQuarter__Sparkling-10.webp,Images/Geodeback__1028400__ThreeQuarter__Sparkling-10.webp
Geodeback,geodeback,1028400,1028400,,threequarter,sparkling-11,Sparkling-11,geodeback__1028400__threequarter__sparkling-11.webp,Geodeback__1028400__ThreeQuarter__Sparkling-11.webp,Images/Geodeback__1028400__ThreeQuarter__Sparkling-11.webp
Geodeback,geodeback,1028400,1028400,,threequarter,sparkling-12,Sparkling-12,geodeback__1028400__threequarter__sparkling-12.webp,Geodeback__1028400__ThreeQuarter__Sparkling-12.webp,Images/Geodeback__1028400__ThreeQuarter__Sparkling-12.webp
Geodeback,geodeback,1028400,1028400,,threequarter,umbral,Umbral,geodeback__1028400__threequarter__umbral.webp,Geodeback__1028400__ThreeQuarter__Umbral.webp,Images/Geodeback__1028400__ThreeQuarter__Umbral.webp
Glacy,glacy,1004300,1004300,,threequarter,normal,Normal,glacy__1004300__threequarter__normal.webp,Glacy__1004300__ThreeQuarter__Normal.webp,Images/Glacy__1004300__ThreeQuarter__Normal.webp
Glacy,glacy,1004300,1004300,,threequarter,sparkling-1,Sparkling-01,glacy__1004300__threequarter__sparkling-1.webp,Glacy__1004300__ThreeQuarter__Sparkling-01.webp,Images/Glacy__1004300__ThreeQuarter__Sparkling-01.webp
Glacy,glacy,1004300,1004300,,threequarter,sparkling-2,Sparkling-02,glacy__1004300__threequarter__sparkling-2.webp,Glacy__1004300__ThreeQuarter__Sparkling-02.webp,Images/Glacy__1004300__ThreeQuarter__Sparkling-02.webp
Glacy,glacy,1004300,1004300,,threequarter,sparkling-3,Sparkling-03,glacy__1004300__threequarter__sparkling-3.webp,Glacy__1004300__ThreeQuarter__Sparkling-03.webp,Images/Glacy__1004300__ThreeQuarter__Sparkling-03.webp
Glacy,glacy,1004300,1004300,,threequarter,sparkling-4,Sparkling-04,glacy__1004300__threequarter__sparkling-4.webp,Glacy__1004300__ThreeQuarter__Sparkling-04.webp,Images/Glacy__1004300__ThreeQuarter__Sparkling-04.webp
Glacy,glacy,1004300,1004300,,threequarter,sparkling-5,Sparkling-05,glacy__1004300__threequarter__sparkling-5.webp,Glacy__1004300__ThreeQuarter__Sparkling-05.webp,Images/Glacy__1004300__ThreeQuarter__Sparkling-05.webp
Glacy,glacy,1004300,1004300,,threequarter,sparkling-6,Sparkling-06,glacy__1004300__threequarter__sparkling-6.webp,Glacy__1004300__ThreeQuarter__Sparkling-06.webp,Images/Glacy__1004300__ThreeQuarter__Sparkling-06.webp
Glacy,glacy,1004300,1004300,,threequarter,sparkling-7,Sparkling-07,glacy__1004300__threequarter__sparkling-7.webp,Glacy__1004300__ThreeQuarter__Sparkling-07.webp,Images/Glacy__1004300__ThreeQuarter__Sparkling-07.webp
Glacy,glacy,1004300,1004300,,threequarter,sparkling-8,Sparkling-08,glacy__1004300__threequarter__sparkling-8.webp,Glacy__1004300__ThreeQuarter__Sparkling-08.webp,Images/Glacy__1004300__ThreeQuarter__Sparkling-08.webp
Glacy,glacy,1004300,1004300,,threequarter,sparkling-9,Sparkling-09,glacy__1004300__threequarter__sparkling-9.webp,Glacy__1004300__ThreeQuarter__Sparkling-09.webp,Images/Glacy__1004300__ThreeQuarter__Sparkling-09.webp
Glacy,glacy,1004300,1004300,,threequarter,sparkling-10,Sparkling-10,glacy__1004300__threequarter__sparkling-10.webp,Glacy__1004300__ThreeQuarter__Sparkling-10.webp,Images/Glacy__1004300__ThreeQuarter__Sparkling-10.webp
Glacy,glacy,1004300,1004300,,threequarter,sparkling-11,Sparkling-11,glacy__1004300__threequarter__sparkling-11.webp,Glacy__1004300__ThreeQuarter__Sparkling-11.webp,Images/Glacy__1004300__ThreeQuarter__Sparkling-11.webp
Glacy,glacy,1004300,1004300,,threequarter,sparkling-12,Sparkling-12,glacy__1004300__threequarter__sparkling-12.webp,Glacy__1004300__ThreeQuarter__Sparkling-12.webp,Images/Glacy__1004300__ThreeQuarter__Sparkling-12.webp
Glacy,glacy,1004300,1004300,,threequarter,umbral,Umbral,glacy__1004300__threequarter__umbral.webp,Glacy__1004300__ThreeQuarter__Umbral.webp,Images/Glacy__1004300__ThreeQuarter__Umbral.webp
Glacy,glacy,1004301,1004301,,threequarter,normal,Normal,glacy__1004301__threequarter__normal.webp,Glacy__1004301__ThreeQuarter__Normal.webp,Images/Glacy__1004301__ThreeQuarter__Normal.webp
Glacy,glacy,1004301,1004301,,threequarter,sparkling-1,Sparkling-01,glacy__1004301__threequarter__sparkling-1.webp,Glacy__1004301__ThreeQuarter__Sparkling-01.webp,Images/Glacy__1004301__ThreeQuarter__Sparkling-01.webp
Glacy,glacy,1004301,1004301,,threequarter,sparkling-2,Sparkling-02,glacy__1004301__threequarter__sparkling-2.webp,Glacy__1004301__ThreeQuarter__Sparkling-02.webp,Images/Glacy__1004301__ThreeQuarter__Sparkling-02.webp
Glacy,glacy,1004301,1004301,,threequarter,sparkling-3,Sparkling-03,glacy__1004301__threequarter__sparkling-3.webp,Glacy__1004301__ThreeQuarter__Sparkling-03.webp,Images/Glacy__1004301__ThreeQuarter__Sparkling-03.webp
Glacy,glacy,1004301,1004301,,threequarter,sparkling-4,Sparkling-04,glacy__1004301__threequarter__sparkling-4.webp,Glacy__1004301__ThreeQuarter__Sparkling-04.webp,Images/Glacy__1004301__ThreeQuarter__Sparkling-04.webp
Glacy,glacy,1004301,1004301,,threequarter,sparkling-5,Sparkling-05,glacy__1004301__threequarter__sparkling-5.webp,Glacy__1004301__ThreeQuarter__Sparkling-05.webp,Images/Glacy__1004301__ThreeQuarter__Sparkling-05.webp
Glacy,glacy,1004301,1004301,,threequarter,sparkling-6,Sparkling-06,glacy__1004301__threequarter__sparkling-6.webp,Glacy__1004301__ThreeQuarter__Sparkling-06.webp,Images/Glacy__1004301__ThreeQuarter__Sparkling-06.webp
Glacy,glacy,1004301,1004301,,threequarter,sparkling-7,Sparkling-07,glacy__1004301__threequarter__sparkling-7.webp,Glacy__1004301__ThreeQuarter__Sparkling-07.webp,Images/Glacy__1004301__ThreeQuarter__Sparkling-07.webp
Glacy,glacy,1004301,1004301,,threequarter,sparkling-8,Sparkling-08,glacy__1004301__threequarter__sparkling-8.webp,Glacy__1004301__ThreeQuarter__Sparkling-08.webp,Images/Glacy__1004301__ThreeQuarter__Sparkling-08.webp
Glacy,glacy,1004301,1004301,,threequarter,sparkling-9,Sparkling-09,glacy__1004301__threequarter__sparkling-9.webp,Glacy__1004301__ThreeQuarter__Sparkling-09.webp,Images/Glacy__1004301__ThreeQuarter__Sparkling-09.webp
Glacy,glacy,1004301,1004301,,threequarter,sparkling-10,Sparkling-10,glacy__1004301__threequarter__sparkling-10.webp,Glacy__1004301__ThreeQuarter__Sparkling-10.webp,Images/Glacy__1004301__ThreeQuarter__Sparkling-10.webp
Glacy,glacy,1004301,1004301,,threequarter,sparkling-11,Sparkling-11,glacy__1004301__threequarter__sparkling-11.webp,Glacy__1004301__ThreeQuarter__Sparkling-11.webp,Images/Glacy__1004301__ThreeQuarter__Sparkling-11.webp
Glacy,glacy,1004301,1004301,,threequarter,sparkling-12,Sparkling-12,glacy__1004301__threequarter__sparkling-12.webp,Glacy__1004301__ThreeQuarter__Sparkling-12.webp,Images/Glacy__1004301__ThreeQuarter__Sparkling-12.webp
Glacy,glacy,1004301,1004301,,threequarter,umbral,Umbral,glacy__1004301__threequarter__umbral.webp,Glacy__1004301__ThreeQuarter__Umbral.webp,Images/Glacy__1004301__ThreeQuarter__Umbral.webp
Glacy,glacy,1004302,1004302,,threequarter,normal,Normal,glacy__1004302__threequarter__normal.webp,Glacy__1004302__ThreeQuarter__Normal.webp,Images/Glacy__1004302__ThreeQuarter__Normal.webp
Glacy,glacy,1004302,1004302,,threequarter,sparkling-1,Sparkling-01,glacy__1004302__threequarter__sparkling-1.webp,Glacy__1004302__ThreeQuarter__Sparkling-01.webp,Images/Glacy__1004302__ThreeQuarter__Sparkling-01.webp
Glacy,glacy,1004302,1004302,,threequarter,sparkling-2,Sparkling-02,glacy__1004302__threequarter__sparkling-2.webp,Glacy__1004302__ThreeQuarter__Sparkling-02.webp,Images/Glacy__1004302__ThreeQuarter__Sparkling-02.webp
Glacy,glacy,1004302,1004302,,threequarter,sparkling-3,Sparkling-03,glacy__1004302__threequarter__sparkling-3.webp,Glacy__1004302__ThreeQuarter__Sparkling-03.webp,Images/Glacy__1004302__ThreeQuarter__Sparkling-03.webp
Glacy,glacy,1004302,1004302,,threequarter,sparkling-4,Sparkling-04,glacy__1004302__threequarter__sparkling-4.webp,Glacy__1004302__ThreeQuarter__Sparkling-04.webp,Images/Glacy__1004302__ThreeQuarter__Sparkling-04.webp
Glacy,glacy,1004302,1004302,,threequarter,sparkling-5,Sparkling-05,glacy__1004302__threequarter__sparkling-5.webp,Glacy__1004302__ThreeQuarter__Sparkling-05.webp,Images/Glacy__1004302__ThreeQuarter__Sparkling-05.webp
Glacy,glacy,1004302,1004302,,threequarter,sparkling-6,Sparkling-06,glacy__1004302__threequarter__sparkling-6.webp,Glacy__1004302__ThreeQuarter__Sparkling-06.webp,Images/Glacy__1004302__ThreeQuarter__Sparkling-06.webp
Glacy,glacy,1004302,1004302,,threequarter,sparkling-7,Sparkling-07,glacy__1004302__threequarter__sparkling-7.webp,Glacy__1004302__ThreeQuarter__Sparkling-07.webp,Images/Glacy__1004302__ThreeQuarter__Sparkling-07.webp
Glacy,glacy,1004302,1004302,,threequarter,sparkling-8,Sparkling-08,glacy__1004302__threequarter__sparkling-8.webp,Glacy__1004302__ThreeQuarter__Sparkling-08.webp,Images/Glacy__1004302__ThreeQuarter__Sparkling-08.webp
Glacy,glacy,1004302,1004302,,threequarter,sparkling-9,Sparkling-09,glacy__1004302__threequarter__sparkling-9.webp,Glacy__1004302__ThreeQuarter__Sparkling-09.webp,Images/Glacy__1004302__ThreeQuarter__Sparkling-09.webp
Glacy,glacy,1004302,1004302,,threequarter,sparkling-10,Sparkling-10,glacy__1004302__threequarter__sparkling-10.webp,Glacy__1004302__ThreeQuarter__Sparkling-10.webp,Images/Glacy__1004302__ThreeQuarter__Sparkling-10.webp
Glacy,glacy,1004302,1004302,,threequarter,sparkling-11,Sparkling-11,glacy__1004302__threequarter__sparkling-11.webp,Glacy__1004302__ThreeQuarter__Sparkling-11.webp,Images/Glacy__1004302__ThreeQuarter__Sparkling-11.webp
Glacy,glacy,1004302,1004302,,threequarter,sparkling-12,Sparkling-12,glacy__1004302__threequarter__sparkling-12.webp,Glacy__1004302__ThreeQuarter__Sparkling-12.webp,Images/Glacy__1004302__ThreeQuarter__Sparkling-12.webp
Glacy,glacy,1004302,1004302,,threequarter,umbral,Umbral,glacy__1004302__threequarter__umbral.webp,Glacy__1004302__ThreeQuarter__Umbral.webp,Images/Glacy__1004302__ThreeQuarter__Umbral.webp
Glacy,glacy,1004303,1004303,,threequarter,normal,Normal,glacy__1004303__threequarter__normal.webp,Glacy__1004303__ThreeQuarter__Normal.webp,Images/Glacy__1004303__ThreeQuarter__Normal.webp
Glacy,glacy,1004303,1004303,,threequarter,sparkling-1,Sparkling-01,glacy__1004303__threequarter__sparkling-1.webp,Glacy__1004303__ThreeQuarter__Sparkling-01.webp,Images/Glacy__1004303__ThreeQuarter__Sparkling-01.webp
Glacy,glacy,1004303,1004303,,threequarter,sparkling-2,Sparkling-02,glacy__1004303__threequarter__sparkling-2.webp,Glacy__1004303__ThreeQuarter__Sparkling-02.webp,Images/Glacy__1004303__ThreeQuarter__Sparkling-02.webp
Glacy,glacy,1004303,1004303,,threequarter,sparkling-3,Sparkling-03,glacy__1004303__threequarter__sparkling-3.webp,Glacy__1004303__ThreeQuarter__Sparkling-03.webp,Images/Glacy__1004303__ThreeQuarter__Sparkling-03.webp
Glacy,glacy,1004303,1004303,,threequarter,sparkling-4,Sparkling-04,glacy__1004303__threequarter__sparkling-4.webp,Glacy__1004303__ThreeQuarter__Sparkling-04.webp,Images/Glacy__1004303__ThreeQuarter__Sparkling-04.webp
Glacy,glacy,1004303,1004303,,threequarter,sparkling-5,Sparkling-05,glacy__1004303__threequarter__sparkling-5.webp,Glacy__1004303__ThreeQuarter__Sparkling-05.webp,Images/Glacy__1004303__ThreeQuarter__Sparkling-05.webp
Glacy,glacy,1004303,1004303,,threequarter,sparkling-6,Sparkling-06,glacy__1004303__threequarter__sparkling-6.webp,Glacy__1004303__ThreeQuarter__Sparkling-06.webp,Images/Glacy__1004303__ThreeQuarter__Sparkling-06.webp
Glacy,glacy,1004303,1004303,,threequarter,sparkling-7,Sparkling-07,glacy__1004303__threequarter__sparkling-7.webp,Glacy__1004303__ThreeQuarter__Sparkling-07.webp,Images/Glacy__1004303__ThreeQuarter__Sparkling-07.webp
Glacy,glacy,1004303,1004303,,threequarter,sparkling-8,Sparkling-08,glacy__1004303__threequarter__sparkling-8.webp,Glacy__1004303__ThreeQuarter__Sparkling-08.webp,Images/Glacy__1004303__ThreeQuarter__Sparkling-08.webp
Glacy,glacy,1004303,1004303,,threequarter,sparkling-9,Sparkling-09,glacy__1004303__threequarter__sparkling-9.webp,Glacy__1004303__ThreeQuarter__Sparkling-09.webp,Images/Glacy__1004303__ThreeQuarter__Sparkling-09.webp
Glacy,glacy,1004303,1004303,,threequarter,sparkling-10,Sparkling-10,glacy__1004303__threequarter__sparkling-10.webp,Glacy__1004303__ThreeQuarter__Sparkling-10.webp,Images/Glacy__1004303__ThreeQuarter__Sparkling-10.webp
Glacy,glacy,1004303,1004303,,threequarter,sparkling-11,Sparkling-11,glacy__1004303__threequarter__sparkling-11.webp,Glacy__1004303__ThreeQuarter__Sparkling-11.webp,Images/Glacy__1004303__ThreeQuarter__Sparkling-11.webp
Glacy,glacy,1004303,1004303,,threequarter,sparkling-12,Sparkling-12,glacy__1004303__threequarter__sparkling-12.webp,Glacy__1004303__ThreeQuarter__Sparkling-12.webp,Images/Glacy__1004303__ThreeQuarter__Sparkling-12.webp
Glynsera,glynsera,1013300,1013300,,threequarter,normal,Normal,glynsera__1013300__threequarter__normal.webp,Glynsera__1013300__ThreeQuarter__Normal.webp,Images/Glynsera__1013300__ThreeQuarter__Normal.webp
Glynsera,glynsera,1013300,1013300,,threequarter,sparkling-1,Sparkling-01,glynsera__1013300__threequarter__sparkling-1.webp,Glynsera__1013300__ThreeQuarter__Sparkling-01.webp,Images/Glynsera__1013300__ThreeQuarter__Sparkling-01.webp
Glynsera,glynsera,1013300,1013300,,threequarter,sparkling-2,Sparkling-02,glynsera__1013300__threequarter__sparkling-2.webp,Glynsera__1013300__ThreeQuarter__Sparkling-02.webp,Images/Glynsera__1013300__ThreeQuarter__Sparkling-02.webp
Glynsera,glynsera,1013300,1013300,,threequarter,sparkling-3,Sparkling-03,glynsera__1013300__threequarter__sparkling-3.webp,Glynsera__1013300__ThreeQuarter__Sparkling-03.webp,Images/Glynsera__1013300__ThreeQuarter__Sparkling-03.webp
Glynsera,glynsera,1013300,1013300,,threequarter,sparkling-4,Sparkling-04,glynsera__1013300__threequarter__sparkling-4.webp,Glynsera__1013300__ThreeQuarter__Sparkling-04.webp,Images/Glynsera__1013300__ThreeQuarter__Sparkling-04.webp
Glynsera,glynsera,1013300,1013300,,threequarter,sparkling-5,Sparkling-05,glynsera__1013300__threequarter__sparkling-5.webp,Glynsera__1013300__ThreeQuarter__Sparkling-05.webp,Images/Glynsera__1013300__ThreeQuarter__Sparkling-05.webp
Glynsera,glynsera,1013300,1013300,,threequarter,sparkling-6,Sparkling-06,glynsera__1013300__threequarter__sparkling-6.webp,Glynsera__1013300__ThreeQuarter__Sparkling-06.webp,Images/Glynsera__1013300__ThreeQuarter__Sparkling-06.webp
Glynsera,glynsera,1013300,1013300,,threequarter,sparkling-7,Sparkling-07,glynsera__1013300__threequarter__sparkling-7.webp,Glynsera__1013300__ThreeQuarter__Sparkling-07.webp,Images/Glynsera__1013300__ThreeQuarter__Sparkling-07.webp
Glynsera,glynsera,1013300,1013300,,threequarter,sparkling-8,Sparkling-08,glynsera__1013300__threequarter__sparkling-8.webp,Glynsera__1013300__ThreeQuarter__Sparkling-08.webp,Images/Glynsera__1013300__ThreeQuarter__Sparkling-08.webp
Glynsera,glynsera,1013300,1013300,,threequarter,sparkling-9,Sparkling-09,glynsera__1013300__threequarter__sparkling-9.webp,Glynsera__1013300__ThreeQuarter__Sparkling-09.webp,Images/Glynsera__1013300__ThreeQuarter__Sparkling-09.webp
Glynsera,glynsera,1013300,1013300,,threequarter,sparkling-10,Sparkling-10,glynsera__1013300__threequarter__sparkling-10.webp,Glynsera__1013300__ThreeQuarter__Sparkling-10.webp,Images/Glynsera__1013300__ThreeQuarter__Sparkling-10.webp
Glynsera,glynsera,1013300,1013300,,threequarter,sparkling-11,Sparkling-11,glynsera__1013300__threequarter__sparkling-11.webp,Glynsera__1013300__ThreeQuarter__Sparkling-11.webp,Images/Glynsera__1013300__ThreeQuarter__Sparkling-11.webp
Glynsera,glynsera,1013300,1013300,,threequarter,sparkling-12,Sparkling-12,glynsera__1013300__threequarter__sparkling-12.webp,Glynsera__1013300__ThreeQuarter__Sparkling-12.webp,Images/Glynsera__1013300__ThreeQuarter__Sparkling-12.webp
Glynsera,glynsera,1013300,1013300,,threequarter,umbral,Umbral,glynsera__1013300__threequarter__umbral.webp,Glynsera__1013300__ThreeQuarter__Umbral.webp,Images/Glynsera__1013300__ThreeQuarter__Umbral.webp
Glynsera,glynsera,1013301,1013301,,threequarter,normal,Normal,glynsera__1013301__threequarter__normal.webp,Glynsera__1013301__ThreeQuarter__Normal.webp,Images/Glynsera__1013301__ThreeQuarter__Normal.webp
Glynsera,glynsera,1013301,1013301,,threequarter,sparkling-1,Sparkling-01,glynsera__1013301__threequarter__sparkling-1.webp,Glynsera__1013301__ThreeQuarter__Sparkling-01.webp,Images/Glynsera__1013301__ThreeQuarter__Sparkling-01.webp
Glynsera,glynsera,1013301,1013301,,threequarter,sparkling-2,Sparkling-02,glynsera__1013301__threequarter__sparkling-2.webp,Glynsera__1013301__ThreeQuarter__Sparkling-02.webp,Images/Glynsera__1013301__ThreeQuarter__Sparkling-02.webp
Glynsera,glynsera,1013301,1013301,,threequarter,sparkling-3,Sparkling-03,glynsera__1013301__threequarter__sparkling-3.webp,Glynsera__1013301__ThreeQuarter__Sparkling-03.webp,Images/Glynsera__1013301__ThreeQuarter__Sparkling-03.webp
Glynsera,glynsera,1013301,1013301,,threequarter,sparkling-4,Sparkling-04,glynsera__1013301__threequarter__sparkling-4.webp,Glynsera__1013301__ThreeQuarter__Sparkling-04.webp,Images/Glynsera__1013301__ThreeQuarter__Sparkling-04.webp
Glynsera,glynsera,1013301,1013301,,threequarter,sparkling-5,Sparkling-05,glynsera__1013301__threequarter__sparkling-5.webp,Glynsera__1013301__ThreeQuarter__Sparkling-05.webp,Images/Glynsera__1013301__ThreeQuarter__Sparkling-05.webp
Glynsera,glynsera,1013301,1013301,,threequarter,sparkling-6,Sparkling-06,glynsera__1013301__threequarter__sparkling-6.webp,Glynsera__1013301__ThreeQuarter__Sparkling-06.webp,Images/Glynsera__1013301__ThreeQuarter__Sparkling-06.webp
Glynsera,glynsera,1013301,1013301,,threequarter,sparkling-7,Sparkling-07,glynsera__1013301__threequarter__sparkling-7.webp,Glynsera__1013301__ThreeQuarter__Sparkling-07.webp,Images/Glynsera__1013301__ThreeQuarter__Sparkling-07.webp
Glynsera,glynsera,1013301,1013301,,threequarter,sparkling-8,Sparkling-08,glynsera__1013301__threequarter__sparkling-8.webp,Glynsera__1013301__ThreeQuarter__Sparkling-08.webp,Images/Glynsera__1013301__ThreeQuarter__Sparkling-08.webp
Glynsera,glynsera,1013301,1013301,,threequarter,sparkling-9,Sparkling-09,glynsera__1013301__threequarter__sparkling-9.webp,Glynsera__1013301__ThreeQuarter__Sparkling-09.webp,Images/Glynsera__1013301__ThreeQuarter__Sparkling-09.webp
Glynsera,glynsera,1013301,1013301,,threequarter,sparkling-10,Sparkling-10,glynsera__1013301__threequarter__sparkling-10.webp,Glynsera__1013301__ThreeQuarter__Sparkling-10.webp,Images/Glynsera__1013301__ThreeQuarter__Sparkling-10.webp
Glynsera,glynsera,1013301,1013301,,threequarter,sparkling-11,Sparkling-11,glynsera__1013301__threequarter__sparkling-11.webp,Glynsera__1013301__ThreeQuarter__Sparkling-11.webp,Images/Glynsera__1013301__ThreeQuarter__Sparkling-11.webp
Glynsera,glynsera,1013301,1013301,,threequarter,sparkling-12,Sparkling-12,glynsera__1013301__threequarter__sparkling-12.webp,Glynsera__1013301__ThreeQuarter__Sparkling-12.webp,Images/Glynsera__1013301__ThreeQuarter__Sparkling-12.webp
Glynsera,glynsera,1013302,1013302,,threequarter,normal,Normal,glynsera__1013302__threequarter__normal.webp,Glynsera__1013302__ThreeQuarter__Normal.webp,Images/Glynsera__1013302__ThreeQuarter__Normal.webp
Glynsera,glynsera,1013302,1013302,,threequarter,sparkling-1,Sparkling-01,glynsera__1013302__threequarter__sparkling-1.webp,Glynsera__1013302__ThreeQuarter__Sparkling-01.webp,Images/Glynsera__1013302__ThreeQuarter__Sparkling-01.webp
Glynsera,glynsera,1013302,1013302,,threequarter,sparkling-2,Sparkling-02,glynsera__1013302__threequarter__sparkling-2.webp,Glynsera__1013302__ThreeQuarter__Sparkling-02.webp,Images/Glynsera__1013302__ThreeQuarter__Sparkling-02.webp
Glynsera,glynsera,1013302,1013302,,threequarter,sparkling-3,Sparkling-03,glynsera__1013302__threequarter__sparkling-3.webp,Glynsera__1013302__ThreeQuarter__Sparkling-03.webp,Images/Glynsera__1013302__ThreeQuarter__Sparkling-03.webp
Glynsera,glynsera,1013302,1013302,,threequarter,sparkling-4,Sparkling-04,glynsera__1013302__threequarter__sparkling-4.webp,Glynsera__1013302__ThreeQuarter__Sparkling-04.webp,Images/Glynsera__1013302__ThreeQuarter__Sparkling-04.webp
Glynsera,glynsera,1013302,1013302,,threequarter,sparkling-5,Sparkling-05,glynsera__1013302__threequarter__sparkling-5.webp,Glynsera__1013302__ThreeQuarter__Sparkling-05.webp,Images/Glynsera__1013302__ThreeQuarter__Sparkling-05.webp
Glynsera,glynsera,1013302,1013302,,threequarter,sparkling-6,Sparkling-06,glynsera__1013302__threequarter__sparkling-6.webp,Glynsera__1013302__ThreeQuarter__Sparkling-06.webp,Images/Glynsera__1013302__ThreeQuarter__Sparkling-06.webp
Glynsera,glynsera,1013302,1013302,,threequarter,sparkling-7,Sparkling-07,glynsera__1013302__threequarter__sparkling-7.webp,Glynsera__1013302__ThreeQuarter__Sparkling-07.webp,Images/Glynsera__1013302__ThreeQuarter__Sparkling-07.webp
Glynsera,glynsera,1013302,1013302,,threequarter,sparkling-8,Sparkling-08,glynsera__1013302__threequarter__sparkling-8.webp,Glynsera__1013302__ThreeQuarter__Sparkling-08.webp,Images/Glynsera__1013302__ThreeQuarter__Sparkling-08.webp
Glynsera,glynsera,1013302,1013302,,threequarter,sparkling-9,Sparkling-09,glynsera__1013302__threequarter__sparkling-9.webp,Glynsera__1013302__ThreeQuarter__Sparkling-09.webp,Images/Glynsera__1013302__ThreeQuarter__Sparkling-09.webp
Glynsera,glynsera,1013302,1013302,,threequarter,sparkling-10,Sparkling-10,glynsera__1013302__threequarter__sparkling-10.webp,Glynsera__1013302__ThreeQuarter__Sparkling-10.webp,Images/Glynsera__1013302__ThreeQuarter__Sparkling-10.webp
Glynsera,glynsera,1013302,1013302,,threequarter,sparkling-11,Sparkling-11,glynsera__1013302__threequarter__sparkling-11.webp,Glynsera__1013302__ThreeQuarter__Sparkling-11.webp,Images/Glynsera__1013302__ThreeQuarter__Sparkling-11.webp
Glynsera,glynsera,1013302,1013302,,threequarter,sparkling-12,Sparkling-12,glynsera__1013302__threequarter__sparkling-12.webp,Glynsera__1013302__ThreeQuarter__Sparkling-12.webp,Images/Glynsera__1013302__ThreeQuarter__Sparkling-12.webp
Glynsera,glynsera,1013302,1013302,,threequarter,umbral,Umbral,glynsera__1013302__threequarter__umbral.webp,Glynsera__1013302__ThreeQuarter__Umbral.webp,Images/Glynsera__1013302__ThreeQuarter__Umbral.webp
Gracewing,gracewing,1023200,1023200,,threequarter,normal,Normal,gracewing__1023200__threequarter__normal.webp,Gracewing__1023200__ThreeQuarter__Normal.webp,Images/Gracewing__1023200__ThreeQuarter__Normal.webp
Gracewing,gracewing,1023200,1023200,,threequarter,sparkling-1,Sparkling-01,gracewing__1023200__threequarter__sparkling-1.webp,Gracewing__1023200__ThreeQuarter__Sparkling-01.webp,Images/Gracewing__1023200__ThreeQuarter__Sparkling-01.webp
Gracewing,gracewing,1023200,1023200,,threequarter,sparkling-2,Sparkling-02,gracewing__1023200__threequarter__sparkling-2.webp,Gracewing__1023200__ThreeQuarter__Sparkling-02.webp,Images/Gracewing__1023200__ThreeQuarter__Sparkling-02.webp
Gracewing,gracewing,1023200,1023200,,threequarter,sparkling-3,Sparkling-03,gracewing__1023200__threequarter__sparkling-3.webp,Gracewing__1023200__ThreeQuarter__Sparkling-03.webp,Images/Gracewing__1023200__ThreeQuarter__Sparkling-03.webp
Gracewing,gracewing,1023200,1023200,,threequarter,sparkling-4,Sparkling-04,gracewing__1023200__threequarter__sparkling-4.webp,Gracewing__1023200__ThreeQuarter__Sparkling-04.webp,Images/Gracewing__1023200__ThreeQuarter__Sparkling-04.webp
Gracewing,gracewing,1023200,1023200,,threequarter,sparkling-5,Sparkling-05,gracewing__1023200__threequarter__sparkling-5.webp,Gracewing__1023200__ThreeQuarter__Sparkling-05.webp,Images/Gracewing__1023200__ThreeQuarter__Sparkling-05.webp
Gracewing,gracewing,1023200,1023200,,threequarter,sparkling-6,Sparkling-06,gracewing__1023200__threequarter__sparkling-6.webp,Gracewing__1023200__ThreeQuarter__Sparkling-06.webp,Images/Gracewing__1023200__ThreeQuarter__Sparkling-06.webp
Gracewing,gracewing,1023200,1023200,,threequarter,sparkling-7,Sparkling-07,gracewing__1023200__threequarter__sparkling-7.webp,Gracewing__1023200__ThreeQuarter__Sparkling-07.webp,Images/Gracewing__1023200__ThreeQuarter__Sparkling-07.webp
Gracewing,gracewing,1023200,1023200,,threequarter,sparkling-8,Sparkling-08,gracewing__1023200__threequarter__sparkling-8.webp,Gracewing__1023200__ThreeQuarter__Sparkling-08.webp,Images/Gracewing__1023200__ThreeQuarter__Sparkling-08.webp
Gracewing,gracewing,1023200,1023200,,threequarter,sparkling-9,Sparkling-09,gracewing__1023200__threequarter__sparkling-9.webp,Gracewing__1023200__ThreeQuarter__Sparkling-09.webp,Images/Gracewing__1023200__ThreeQuarter__Sparkling-09.webp
Gracewing,gracewing,1023200,1023200,,threequarter,sparkling-10,Sparkling-10,gracewing__1023200__threequarter__sparkling-10.webp,Gracewing__1023200__ThreeQuarter__Sparkling-10.webp,Images/Gracewing__1023200__ThreeQuarter__Sparkling-10.webp
Gracewing,gracewing,1023200,1023200,,threequarter,sparkling-11,Sparkling-11,gracewing__1023200__threequarter__sparkling-11.webp,Gracewing__1023200__ThreeQuarter__Sparkling-11.webp,Images/Gracewing__1023200__ThreeQuarter__Sparkling-11.webp
Gracewing,gracewing,1023200,1023200,,threequarter,sparkling-12,Sparkling-12,gracewing__1023200__threequarter__sparkling-12.webp,Gracewing__1023200__ThreeQuarter__Sparkling-12.webp,Images/Gracewing__1023200__ThreeQuarter__Sparkling-12.webp
Gracewing,gracewing,1023200,1023200,,threequarter,umbral,Umbral,gracewing__1023200__threequarter__umbral.webp,Gracewing__1023200__ThreeQuarter__Umbral.webp,Images/Gracewing__1023200__ThreeQuarter__Umbral.webp
Gracewing,gracewing,1023201,1023201,,threequarter,normal,Normal,gracewing__1023201__threequarter__normal.webp,Gracewing__1023201__ThreeQuarter__Normal.webp,Images/Gracewing__1023201__ThreeQuarter__Normal.webp
Gracewing,gracewing,1023201,1023201,,threequarter,sparkling-1,Sparkling-01,gracewing__1023201__threequarter__sparkling-1.webp,Gracewing__1023201__ThreeQuarter__Sparkling-01.webp,Images/Gracewing__1023201__ThreeQuarter__Sparkling-01.webp
Gracewing,gracewing,1023201,1023201,,threequarter,sparkling-2,Sparkling-02,gracewing__1023201__threequarter__sparkling-2.webp,Gracewing__1023201__ThreeQuarter__Sparkling-02.webp,Images/Gracewing__1023201__ThreeQuarter__Sparkling-02.webp
Gracewing,gracewing,1023201,1023201,,threequarter,sparkling-3,Sparkling-03,gracewing__1023201__threequarter__sparkling-3.webp,Gracewing__1023201__ThreeQuarter__Sparkling-03.webp,Images/Gracewing__1023201__ThreeQuarter__Sparkling-03.webp
Gracewing,gracewing,1023201,1023201,,threequarter,sparkling-4,Sparkling-04,gracewing__1023201__threequarter__sparkling-4.webp,Gracewing__1023201__ThreeQuarter__Sparkling-04.webp,Images/Gracewing__1023201__ThreeQuarter__Sparkling-04.webp
Gracewing,gracewing,1023201,1023201,,threequarter,sparkling-5,Sparkling-05,gracewing__1023201__threequarter__sparkling-5.webp,Gracewing__1023201__ThreeQuarter__Sparkling-05.webp,Images/Gracewing__1023201__ThreeQuarter__Sparkling-05.webp
Gracewing,gracewing,1023201,1023201,,threequarter,sparkling-6,Sparkling-06,gracewing__1023201__threequarter__sparkling-6.webp,Gracewing__1023201__ThreeQuarter__Sparkling-06.webp,Images/Gracewing__1023201__ThreeQuarter__Sparkling-06.webp
Gracewing,gracewing,1023201,1023201,,threequarter,sparkling-7,Sparkling-07,gracewing__1023201__threequarter__sparkling-7.webp,Gracewing__1023201__ThreeQuarter__Sparkling-07.webp,Images/Gracewing__1023201__ThreeQuarter__Sparkling-07.webp
Gracewing,gracewing,1023201,1023201,,threequarter,sparkling-8,Sparkling-08,gracewing__1023201__threequarter__sparkling-8.webp,Gracewing__1023201__ThreeQuarter__Sparkling-08.webp,Images/Gracewing__1023201__ThreeQuarter__Sparkling-08.webp
Gracewing,gracewing,1023201,1023201,,threequarter,sparkling-9,Sparkling-09,gracewing__1023201__threequarter__sparkling-9.webp,Gracewing__1023201__ThreeQuarter__Sparkling-09.webp,Images/Gracewing__1023201__ThreeQuarter__Sparkling-09.webp
Gracewing,gracewing,1023201,1023201,,threequarter,sparkling-10,Sparkling-10,gracewing__1023201__threequarter__sparkling-10.webp,Gracewing__1023201__ThreeQuarter__Sparkling-10.webp,Images/Gracewing__1023201__ThreeQuarter__Sparkling-10.webp
Gracewing,gracewing,1023201,1023201,,threequarter,sparkling-11,Sparkling-11,gracewing__1023201__threequarter__sparkling-11.webp,Gracewing__1023201__ThreeQuarter__Sparkling-11.webp,Images/Gracewing__1023201__ThreeQuarter__Sparkling-11.webp
Gracewing,gracewing,1023201,1023201,,threequarter,sparkling-12,Sparkling-12,gracewing__1023201__threequarter__sparkling-12.webp,Gracewing__1023201__ThreeQuarter__Sparkling-12.webp,Images/Gracewing__1023201__ThreeQuarter__Sparkling-12.webp
Gracewing,gracewing,1023201,1023201,,threequarter,umbral,Umbral,gracewing__1023201__threequarter__umbral.webp,Gracewing__1023201__ThreeQuarter__Umbral.webp,Images/Gracewing__1023201__ThreeQuarter__Umbral.webp
Gracewing,gracewing,1023202,1023202,,threequarter,normal,Normal,gracewing__1023202__threequarter__normal.webp,Gracewing__1023202__ThreeQuarter__Normal.webp,Images/Gracewing__1023202__ThreeQuarter__Normal.webp
Gracewing,gracewing,1023202,1023202,,threequarter,sparkling-1,Sparkling-01,gracewing__1023202__threequarter__sparkling-1.webp,Gracewing__1023202__ThreeQuarter__Sparkling-01.webp,Images/Gracewing__1023202__ThreeQuarter__Sparkling-01.webp
Gracewing,gracewing,1023202,1023202,,threequarter,sparkling-2,Sparkling-02,gracewing__1023202__threequarter__sparkling-2.webp,Gracewing__1023202__ThreeQuarter__Sparkling-02.webp,Images/Gracewing__1023202__ThreeQuarter__Sparkling-02.webp
Gracewing,gracewing,1023202,1023202,,threequarter,sparkling-3,Sparkling-03,gracewing__1023202__threequarter__sparkling-3.webp,Gracewing__1023202__ThreeQuarter__Sparkling-03.webp,Images/Gracewing__1023202__ThreeQuarter__Sparkling-03.webp
Gracewing,gracewing,1023202,1023202,,threequarter,sparkling-4,Sparkling-04,gracewing__1023202__threequarter__sparkling-4.webp,Gracewing__1023202__ThreeQuarter__Sparkling-04.webp,Images/Gracewing__1023202__ThreeQuarter__Sparkling-04.webp
Gracewing,gracewing,1023202,1023202,,threequarter,sparkling-5,Sparkling-05,gracewing__1023202__threequarter__sparkling-5.webp,Gracewing__1023202__ThreeQuarter__Sparkling-05.webp,Images/Gracewing__1023202__ThreeQuarter__Sparkling-05.webp
Gracewing,gracewing,1023202,1023202,,threequarter,sparkling-6,Sparkling-06,gracewing__1023202__threequarter__sparkling-6.webp,Gracewing__1023202__ThreeQuarter__Sparkling-06.webp,Images/Gracewing__1023202__ThreeQuarter__Sparkling-06.webp
Gracewing,gracewing,1023202,1023202,,threequarter,sparkling-7,Sparkling-07,gracewing__1023202__threequarter__sparkling-7.webp,Gracewing__1023202__ThreeQuarter__Sparkling-07.webp,Images/Gracewing__1023202__ThreeQuarter__Sparkling-07.webp
Gracewing,gracewing,1023202,1023202,,threequarter,sparkling-8,Sparkling-08,gracewing__1023202__threequarter__sparkling-8.webp,Gracewing__1023202__ThreeQuarter__Sparkling-08.webp,Images/Gracewing__1023202__ThreeQuarter__Sparkling-08.webp
Gracewing,gracewing,1023202,1023202,,threequarter,sparkling-9,Sparkling-09,gracewing__1023202__threequarter__sparkling-9.webp,Gracewing__1023202__ThreeQuarter__Sparkling-09.webp,Images/Gracewing__1023202__ThreeQuarter__Sparkling-09.webp
Gracewing,gracewing,1023202,1023202,,threequarter,sparkling-10,Sparkling-10,gracewing__1023202__threequarter__sparkling-10.webp,Gracewing__1023202__ThreeQuarter__Sparkling-10.webp,Images/Gracewing__1023202__ThreeQuarter__Sparkling-10.webp
Gracewing,gracewing,1023202,1023202,,threequarter,sparkling-11,Sparkling-11,gracewing__1023202__threequarter__sparkling-11.webp,Gracewing__1023202__ThreeQuarter__Sparkling-11.webp,Images/Gracewing__1023202__ThreeQuarter__Sparkling-11.webp
Gracewing,gracewing,1023202,1023202,,threequarter,sparkling-12,Sparkling-12,gracewing__1023202__threequarter__sparkling-12.webp,Gracewing__1023202__ThreeQuarter__Sparkling-12.webp,Images/Gracewing__1023202__ThreeQuarter__Sparkling-12.webp
Gracewing,gracewing,1023202,1023202,,threequarter,umbral,Umbral,gracewing__1023202__threequarter__umbral.webp,Gracewing__1023202__ThreeQuarter__Umbral.webp,Images/Gracewing__1023202__ThreeQuarter__Umbral.webp
Gracewing,gracewing,1023203,1023203,,threequarter,normal,Normal,gracewing__1023203__threequarter__normal.webp,Gracewing__1023203__ThreeQuarter__Normal.webp,Images/Gracewing__1023203__ThreeQuarter__Normal.webp
Gracewing,gracewing,1023203,1023203,,threequarter,sparkling-1,Sparkling-01,gracewing__1023203__threequarter__sparkling-1.webp,Gracewing__1023203__ThreeQuarter__Sparkling-01.webp,Images/Gracewing__1023203__ThreeQuarter__Sparkling-01.webp
Gracewing,gracewing,1023203,1023203,,threequarter,sparkling-2,Sparkling-02,gracewing__1023203__threequarter__sparkling-2.webp,Gracewing__1023203__ThreeQuarter__Sparkling-02.webp,Images/Gracewing__1023203__ThreeQuarter__Sparkling-02.webp
Gracewing,gracewing,1023203,1023203,,threequarter,sparkling-3,Sparkling-03,gracewing__1023203__threequarter__sparkling-3.webp,Gracewing__1023203__ThreeQuarter__Sparkling-03.webp,Images/Gracewing__1023203__ThreeQuarter__Sparkling-03.webp
Gracewing,gracewing,1023203,1023203,,threequarter,sparkling-4,Sparkling-04,gracewing__1023203__threequarter__sparkling-4.webp,Gracewing__1023203__ThreeQuarter__Sparkling-04.webp,Images/Gracewing__1023203__ThreeQuarter__Sparkling-04.webp
Gracewing,gracewing,1023203,1023203,,threequarter,sparkling-5,Sparkling-05,gracewing__1023203__threequarter__sparkling-5.webp,Gracewing__1023203__ThreeQuarter__Sparkling-05.webp,Images/Gracewing__1023203__ThreeQuarter__Sparkling-05.webp
Gracewing,gracewing,1023203,1023203,,threequarter,sparkling-6,Sparkling-06,gracewing__1023203__threequarter__sparkling-6.webp,Gracewing__1023203__ThreeQuarter__Sparkling-06.webp,Images/Gracewing__1023203__ThreeQuarter__Sparkling-06.webp
Gracewing,gracewing,1023203,1023203,,threequarter,sparkling-7,Sparkling-07,gracewing__1023203__threequarter__sparkling-7.webp,Gracewing__1023203__ThreeQuarter__Sparkling-07.webp,Images/Gracewing__1023203__ThreeQuarter__Sparkling-07.webp
Gracewing,gracewing,1023203,1023203,,threequarter,sparkling-8,Sparkling-08,gracewing__1023203__threequarter__sparkling-8.webp,Gracewing__1023203__ThreeQuarter__Sparkling-08.webp,Images/Gracewing__1023203__ThreeQuarter__Sparkling-08.webp
Gracewing,gracewing,1023203,1023203,,threequarter,sparkling-9,Sparkling-09,gracewing__1023203__threequarter__sparkling-9.webp,Gracewing__1023203__ThreeQuarter__Sparkling-09.webp,Images/Gracewing__1023203__ThreeQuarter__Sparkling-09.webp
Gracewing,gracewing,1023203,1023203,,threequarter,sparkling-10,Sparkling-10,gracewing__1023203__threequarter__sparkling-10.webp,Gracewing__1023203__ThreeQuarter__Sparkling-10.webp,Images/Gracewing__1023203__ThreeQuarter__Sparkling-10.webp
Gracewing,gracewing,1023203,1023203,,threequarter,sparkling-11,Sparkling-11,gracewing__1023203__threequarter__sparkling-11.webp,Gracewing__1023203__ThreeQuarter__Sparkling-11.webp,Images/Gracewing__1023203__ThreeQuarter__Sparkling-11.webp
Gracewing,gracewing,1023203,1023203,,threequarter,sparkling-12,Sparkling-12,gracewing__1023203__threequarter__sparkling-12.webp,Gracewing__1023203__ThreeQuarter__Sparkling-12.webp,Images/Gracewing__1023203__ThreeQuarter__Sparkling-12.webp
Gracewing,gracewing,1023203,1023203,,threequarter,umbral,Umbral,gracewing__1023203__threequarter__umbral.webp,Gracewing__1023203__ThreeQuarter__Umbral.webp,Images/Gracewing__1023203__ThreeQuarter__Umbral.webp
Grizbo,grizbo,1050300,1050300,,threequarter,normal,Normal,grizbo__1050300__threequarter__normal.webp,Grizbo__1050300__ThreeQuarter__Normal.webp,Images/Grizbo__1050300__ThreeQuarter__Normal.webp
Grizbo,grizbo,1050300,1050300,,threequarter,sparkling-1,Sparkling-01,grizbo__1050300__threequarter__sparkling-1.webp,Grizbo__1050300__ThreeQuarter__Sparkling-01.webp,Images/Grizbo__1050300__ThreeQuarter__Sparkling-01.webp
Grizbo,grizbo,1050300,1050300,,threequarter,sparkling-2,Sparkling-02,grizbo__1050300__threequarter__sparkling-2.webp,Grizbo__1050300__ThreeQuarter__Sparkling-02.webp,Images/Grizbo__1050300__ThreeQuarter__Sparkling-02.webp
Grizbo,grizbo,1050300,1050300,,threequarter,sparkling-3,Sparkling-03,grizbo__1050300__threequarter__sparkling-3.webp,Grizbo__1050300__ThreeQuarter__Sparkling-03.webp,Images/Grizbo__1050300__ThreeQuarter__Sparkling-03.webp
Grizbo,grizbo,1050300,1050300,,threequarter,sparkling-4,Sparkling-04,grizbo__1050300__threequarter__sparkling-4.webp,Grizbo__1050300__ThreeQuarter__Sparkling-04.webp,Images/Grizbo__1050300__ThreeQuarter__Sparkling-04.webp
Grizbo,grizbo,1050300,1050300,,threequarter,sparkling-5,Sparkling-05,grizbo__1050300__threequarter__sparkling-5.webp,Grizbo__1050300__ThreeQuarter__Sparkling-05.webp,Images/Grizbo__1050300__ThreeQuarter__Sparkling-05.webp
Grizbo,grizbo,1050300,1050300,,threequarter,sparkling-6,Sparkling-06,grizbo__1050300__threequarter__sparkling-6.webp,Grizbo__1050300__ThreeQuarter__Sparkling-06.webp,Images/Grizbo__1050300__ThreeQuarter__Sparkling-06.webp
Grizbo,grizbo,1050300,1050300,,threequarter,sparkling-7,Sparkling-07,grizbo__1050300__threequarter__sparkling-7.webp,Grizbo__1050300__ThreeQuarter__Sparkling-07.webp,Images/Grizbo__1050300__ThreeQuarter__Sparkling-07.webp
Grizbo,grizbo,1050300,1050300,,threequarter,sparkling-8,Sparkling-08,grizbo__1050300__threequarter__sparkling-8.webp,Grizbo__1050300__ThreeQuarter__Sparkling-08.webp,Images/Grizbo__1050300__ThreeQuarter__Sparkling-08.webp
Grizbo,grizbo,1050300,1050300,,threequarter,sparkling-9,Sparkling-09,grizbo__1050300__threequarter__sparkling-9.webp,Grizbo__1050300__ThreeQuarter__Sparkling-09.webp,Images/Grizbo__1050300__ThreeQuarter__Sparkling-09.webp
Grizbo,grizbo,1050300,1050300,,threequarter,sparkling-10,Sparkling-10,grizbo__1050300__threequarter__sparkling-10.webp,Grizbo__1050300__ThreeQuarter__Sparkling-10.webp,Images/Grizbo__1050300__ThreeQuarter__Sparkling-10.webp
Grizbo,grizbo,1050300,1050300,,threequarter,sparkling-11,Sparkling-11,grizbo__1050300__threequarter__sparkling-11.webp,Grizbo__1050300__ThreeQuarter__Sparkling-11.webp,Images/Grizbo__1050300__ThreeQuarter__Sparkling-11.webp
Grizbo,grizbo,1050300,1050300,,threequarter,sparkling-12,Sparkling-12,grizbo__1050300__threequarter__sparkling-12.webp,Grizbo__1050300__ThreeQuarter__Sparkling-12.webp,Images/Grizbo__1050300__ThreeQuarter__Sparkling-12.webp
Grizbo,grizbo,1050300,1050300,,threequarter,umbral,Umbral,grizbo__1050300__threequarter__umbral.webp,Grizbo__1050300__ThreeQuarter__Umbral.webp,Images/Grizbo__1050300__ThreeQuarter__Umbral.webp
Grizbo,grizbo,1050301,1050301,,threequarter,normal,Normal,grizbo__1050301__threequarter__normal.webp,Grizbo__1050301__ThreeQuarter__Normal.webp,Images/Grizbo__1050301__ThreeQuarter__Normal.webp
Grizbo,grizbo,1050301,1050301,,threequarter,sparkling-1,Sparkling-01,grizbo__1050301__threequarter__sparkling-1.webp,Grizbo__1050301__ThreeQuarter__Sparkling-01.webp,Images/Grizbo__1050301__ThreeQuarter__Sparkling-01.webp
Grizbo,grizbo,1050301,1050301,,threequarter,sparkling-2,Sparkling-02,grizbo__1050301__threequarter__sparkling-2.webp,Grizbo__1050301__ThreeQuarter__Sparkling-02.webp,Images/Grizbo__1050301__ThreeQuarter__Sparkling-02.webp
Grizbo,grizbo,1050301,1050301,,threequarter,sparkling-3,Sparkling-03,grizbo__1050301__threequarter__sparkling-3.webp,Grizbo__1050301__ThreeQuarter__Sparkling-03.webp,Images/Grizbo__1050301__ThreeQuarter__Sparkling-03.webp
Grizbo,grizbo,1050301,1050301,,threequarter,sparkling-4,Sparkling-04,grizbo__1050301__threequarter__sparkling-4.webp,Grizbo__1050301__ThreeQuarter__Sparkling-04.webp,Images/Grizbo__1050301__ThreeQuarter__Sparkling-04.webp
Grizbo,grizbo,1050301,1050301,,threequarter,sparkling-5,Sparkling-05,grizbo__1050301__threequarter__sparkling-5.webp,Grizbo__1050301__ThreeQuarter__Sparkling-05.webp,Images/Grizbo__1050301__ThreeQuarter__Sparkling-05.webp
Grizbo,grizbo,1050301,1050301,,threequarter,sparkling-6,Sparkling-06,grizbo__1050301__threequarter__sparkling-6.webp,Grizbo__1050301__ThreeQuarter__Sparkling-06.webp,Images/Grizbo__1050301__ThreeQuarter__Sparkling-06.webp
Grizbo,grizbo,1050301,1050301,,threequarter,sparkling-7,Sparkling-07,grizbo__1050301__threequarter__sparkling-7.webp,Grizbo__1050301__ThreeQuarter__Sparkling-07.webp,Images/Grizbo__1050301__ThreeQuarter__Sparkling-07.webp
Grizbo,grizbo,1050301,1050301,,threequarter,sparkling-8,Sparkling-08,grizbo__1050301__threequarter__sparkling-8.webp,Grizbo__1050301__ThreeQuarter__Sparkling-08.webp,Images/Grizbo__1050301__ThreeQuarter__Sparkling-08.webp
Grizbo,grizbo,1050301,1050301,,threequarter,sparkling-9,Sparkling-09,grizbo__1050301__threequarter__sparkling-9.webp,Grizbo__1050301__ThreeQuarter__Sparkling-09.webp,Images/Grizbo__1050301__ThreeQuarter__Sparkling-09.webp
Grizbo,grizbo,1050301,1050301,,threequarter,sparkling-10,Sparkling-10,grizbo__1050301__threequarter__sparkling-10.webp,Grizbo__1050301__ThreeQuarter__Sparkling-10.webp,Images/Grizbo__1050301__ThreeQuarter__Sparkling-10.webp
Grizbo,grizbo,1050301,1050301,,threequarter,sparkling-11,Sparkling-11,grizbo__1050301__threequarter__sparkling-11.webp,Grizbo__1050301__ThreeQuarter__Sparkling-11.webp,Images/Grizbo__1050301__ThreeQuarter__Sparkling-11.webp
Grizbo,grizbo,1050301,1050301,,threequarter,sparkling-12,Sparkling-12,grizbo__1050301__threequarter__sparkling-12.webp,Grizbo__1050301__ThreeQuarter__Sparkling-12.webp,Images/Grizbo__1050301__ThreeQuarter__Sparkling-12.webp
Helgon,helgon,1002300,1002300,,threequarter,normal,Normal,helgon__1002300__threequarter__normal.webp,Helgon__1002300__ThreeQuarter__Normal.webp,Images/Helgon__1002300__ThreeQuarter__Normal.webp
Helgon,helgon,1002300,1002300,,threequarter,sparkling-1,Sparkling-01,helgon__1002300__threequarter__sparkling-1.webp,Helgon__1002300__ThreeQuarter__Sparkling-01.webp,Images/Helgon__1002300__ThreeQuarter__Sparkling-01.webp
Helgon,helgon,1002300,1002300,,threequarter,sparkling-2,Sparkling-02,helgon__1002300__threequarter__sparkling-2.webp,Helgon__1002300__ThreeQuarter__Sparkling-02.webp,Images/Helgon__1002300__ThreeQuarter__Sparkling-02.webp
Helgon,helgon,1002300,1002300,,threequarter,sparkling-3,Sparkling-03,helgon__1002300__threequarter__sparkling-3.webp,Helgon__1002300__ThreeQuarter__Sparkling-03.webp,Images/Helgon__1002300__ThreeQuarter__Sparkling-03.webp
Helgon,helgon,1002300,1002300,,threequarter,sparkling-4,Sparkling-04,helgon__1002300__threequarter__sparkling-4.webp,Helgon__1002300__ThreeQuarter__Sparkling-04.webp,Images/Helgon__1002300__ThreeQuarter__Sparkling-04.webp
Helgon,helgon,1002300,1002300,,threequarter,sparkling-5,Sparkling-05,helgon__1002300__threequarter__sparkling-5.webp,Helgon__1002300__ThreeQuarter__Sparkling-05.webp,Images/Helgon__1002300__ThreeQuarter__Sparkling-05.webp
Helgon,helgon,1002300,1002300,,threequarter,sparkling-6,Sparkling-06,helgon__1002300__threequarter__sparkling-6.webp,Helgon__1002300__ThreeQuarter__Sparkling-06.webp,Images/Helgon__1002300__ThreeQuarter__Sparkling-06.webp
Helgon,helgon,1002300,1002300,,threequarter,sparkling-7,Sparkling-07,helgon__1002300__threequarter__sparkling-7.webp,Helgon__1002300__ThreeQuarter__Sparkling-07.webp,Images/Helgon__1002300__ThreeQuarter__Sparkling-07.webp
Helgon,helgon,1002300,1002300,,threequarter,sparkling-8,Sparkling-08,helgon__1002300__threequarter__sparkling-8.webp,Helgon__1002300__ThreeQuarter__Sparkling-08.webp,Images/Helgon__1002300__ThreeQuarter__Sparkling-08.webp
Helgon,helgon,1002300,1002300,,threequarter,sparkling-9,Sparkling-09,helgon__1002300__threequarter__sparkling-9.webp,Helgon__1002300__ThreeQuarter__Sparkling-09.webp,Images/Helgon__1002300__ThreeQuarter__Sparkling-09.webp
Helgon,helgon,1002300,1002300,,threequarter,sparkling-10,Sparkling-10,helgon__1002300__threequarter__sparkling-10.webp,Helgon__1002300__ThreeQuarter__Sparkling-10.webp,Images/Helgon__1002300__ThreeQuarter__Sparkling-10.webp
Helgon,helgon,1002300,1002300,,threequarter,sparkling-11,Sparkling-11,helgon__1002300__threequarter__sparkling-11.webp,Helgon__1002300__ThreeQuarter__Sparkling-11.webp,Images/Helgon__1002300__ThreeQuarter__Sparkling-11.webp
Helgon,helgon,1002300,1002300,,threequarter,sparkling-12,Sparkling-12,helgon__1002300__threequarter__sparkling-12.webp,Helgon__1002300__ThreeQuarter__Sparkling-12.webp,Images/Helgon__1002300__ThreeQuarter__Sparkling-12.webp
Helgon,helgon,1002300,1002300,,threequarter,umbral,Umbral,helgon__1002300__threequarter__umbral.webp,Helgon__1002300__ThreeQuarter__Umbral.webp,Images/Helgon__1002300__ThreeQuarter__Umbral.webp
Helgon,helgon,1002301,1002301,,threequarter,normal,Normal,helgon__1002301__threequarter__normal.webp,Helgon__1002301__ThreeQuarter__Normal.webp,Images/Helgon__1002301__ThreeQuarter__Normal.webp
Helgon,helgon,1002301,1002301,,threequarter,sparkling-1,Sparkling-01,helgon__1002301__threequarter__sparkling-1.webp,Helgon__1002301__ThreeQuarter__Sparkling-01.webp,Images/Helgon__1002301__ThreeQuarter__Sparkling-01.webp
Helgon,helgon,1002301,1002301,,threequarter,sparkling-2,Sparkling-02,helgon__1002301__threequarter__sparkling-2.webp,Helgon__1002301__ThreeQuarter__Sparkling-02.webp,Images/Helgon__1002301__ThreeQuarter__Sparkling-02.webp
Helgon,helgon,1002301,1002301,,threequarter,sparkling-3,Sparkling-03,helgon__1002301__threequarter__sparkling-3.webp,Helgon__1002301__ThreeQuarter__Sparkling-03.webp,Images/Helgon__1002301__ThreeQuarter__Sparkling-03.webp
Helgon,helgon,1002301,1002301,,threequarter,sparkling-4,Sparkling-04,helgon__1002301__threequarter__sparkling-4.webp,Helgon__1002301__ThreeQuarter__Sparkling-04.webp,Images/Helgon__1002301__ThreeQuarter__Sparkling-04.webp
Helgon,helgon,1002301,1002301,,threequarter,sparkling-5,Sparkling-05,helgon__1002301__threequarter__sparkling-5.webp,Helgon__1002301__ThreeQuarter__Sparkling-05.webp,Images/Helgon__1002301__ThreeQuarter__Sparkling-05.webp
Helgon,helgon,1002301,1002301,,threequarter,sparkling-6,Sparkling-06,helgon__1002301__threequarter__sparkling-6.webp,Helgon__1002301__ThreeQuarter__Sparkling-06.webp,Images/Helgon__1002301__ThreeQuarter__Sparkling-06.webp
Helgon,helgon,1002301,1002301,,threequarter,sparkling-7,Sparkling-07,helgon__1002301__threequarter__sparkling-7.webp,Helgon__1002301__ThreeQuarter__Sparkling-07.webp,Images/Helgon__1002301__ThreeQuarter__Sparkling-07.webp
Helgon,helgon,1002301,1002301,,threequarter,sparkling-8,Sparkling-08,helgon__1002301__threequarter__sparkling-8.webp,Helgon__1002301__ThreeQuarter__Sparkling-08.webp,Images/Helgon__1002301__ThreeQuarter__Sparkling-08.webp
Helgon,helgon,1002301,1002301,,threequarter,sparkling-9,Sparkling-09,helgon__1002301__threequarter__sparkling-9.webp,Helgon__1002301__ThreeQuarter__Sparkling-09.webp,Images/Helgon__1002301__ThreeQuarter__Sparkling-09.webp
Helgon,helgon,1002301,1002301,,threequarter,sparkling-10,Sparkling-10,helgon__1002301__threequarter__sparkling-10.webp,Helgon__1002301__ThreeQuarter__Sparkling-10.webp,Images/Helgon__1002301__ThreeQuarter__Sparkling-10.webp
Helgon,helgon,1002301,1002301,,threequarter,sparkling-11,Sparkling-11,helgon__1002301__threequarter__sparkling-11.webp,Helgon__1002301__ThreeQuarter__Sparkling-11.webp,Images/Helgon__1002301__ThreeQuarter__Sparkling-11.webp
Helgon,helgon,1002301,1002301,,threequarter,sparkling-12,Sparkling-12,helgon__1002301__threequarter__sparkling-12.webp,Helgon__1002301__ThreeQuarter__Sparkling-12.webp,Images/Helgon__1002301__ThreeQuarter__Sparkling-12.webp
Helgon,helgon,1002301,1002301,,threequarter,umbral,Umbral,helgon__1002301__threequarter__umbral.webp,Helgon__1002301__ThreeQuarter__Umbral.webp,Images/Helgon__1002301__ThreeQuarter__Umbral.webp
Helion,helion,1036100,1036100,,threequarter,normal,Normal,helion__1036100__threequarter__normal.webp,Helion__1036100__ThreeQuarter__Normal.webp,Images/Helion__1036100__ThreeQuarter__Normal.webp
Helion,helion,1036100,1036100,,threequarter,sparkling-1,Sparkling-01,helion__1036100__threequarter__sparkling-1.webp,Helion__1036100__ThreeQuarter__Sparkling-01.webp,Images/Helion__1036100__ThreeQuarter__Sparkling-01.webp
Helion,helion,1036100,1036100,,threequarter,sparkling-2,Sparkling-02,helion__1036100__threequarter__sparkling-2.webp,Helion__1036100__ThreeQuarter__Sparkling-02.webp,Images/Helion__1036100__ThreeQuarter__Sparkling-02.webp
Helion,helion,1036100,1036100,,threequarter,sparkling-3,Sparkling-03,helion__1036100__threequarter__sparkling-3.webp,Helion__1036100__ThreeQuarter__Sparkling-03.webp,Images/Helion__1036100__ThreeQuarter__Sparkling-03.webp
Helion,helion,1036100,1036100,,threequarter,sparkling-4,Sparkling-04,helion__1036100__threequarter__sparkling-4.webp,Helion__1036100__ThreeQuarter__Sparkling-04.webp,Images/Helion__1036100__ThreeQuarter__Sparkling-04.webp
Helion,helion,1036100,1036100,,threequarter,sparkling-5,Sparkling-05,helion__1036100__threequarter__sparkling-5.webp,Helion__1036100__ThreeQuarter__Sparkling-05.webp,Images/Helion__1036100__ThreeQuarter__Sparkling-05.webp
Helion,helion,1036100,1036100,,threequarter,sparkling-6,Sparkling-06,helion__1036100__threequarter__sparkling-6.webp,Helion__1036100__ThreeQuarter__Sparkling-06.webp,Images/Helion__1036100__ThreeQuarter__Sparkling-06.webp
Helion,helion,1036100,1036100,,threequarter,sparkling-7,Sparkling-07,helion__1036100__threequarter__sparkling-7.webp,Helion__1036100__ThreeQuarter__Sparkling-07.webp,Images/Helion__1036100__ThreeQuarter__Sparkling-07.webp
Helion,helion,1036100,1036100,,threequarter,sparkling-8,Sparkling-08,helion__1036100__threequarter__sparkling-8.webp,Helion__1036100__ThreeQuarter__Sparkling-08.webp,Images/Helion__1036100__ThreeQuarter__Sparkling-08.webp
Helion,helion,1036100,1036100,,threequarter,sparkling-9,Sparkling-09,helion__1036100__threequarter__sparkling-9.webp,Helion__1036100__ThreeQuarter__Sparkling-09.webp,Images/Helion__1036100__ThreeQuarter__Sparkling-09.webp
Helion,helion,1036100,1036100,,threequarter,sparkling-10,Sparkling-10,helion__1036100__threequarter__sparkling-10.webp,Helion__1036100__ThreeQuarter__Sparkling-10.webp,Images/Helion__1036100__ThreeQuarter__Sparkling-10.webp
Helion,helion,1036100,1036100,,threequarter,sparkling-11,Sparkling-11,helion__1036100__threequarter__sparkling-11.webp,Helion__1036100__ThreeQuarter__Sparkling-11.webp,Images/Helion__1036100__ThreeQuarter__Sparkling-11.webp
Helion,helion,1036100,1036100,,threequarter,sparkling-12,Sparkling-12,helion__1036100__threequarter__sparkling-12.webp,Helion__1036100__ThreeQuarter__Sparkling-12.webp,Images/Helion__1036100__ThreeQuarter__Sparkling-12.webp
Helmut,helmut,1002100,1002100,,threequarter,normal,Normal,helmut__1002100__threequarter__normal.webp,Helmut__1002100__ThreeQuarter__Normal.webp,Images/Helmut__1002100__ThreeQuarter__Normal.webp
Helmut,helmut,1002100,1002100,,threequarter,sparkling-1,Sparkling-01,helmut__1002100__threequarter__sparkling-1.webp,Helmut__1002100__ThreeQuarter__Sparkling-01.webp,Images/Helmut__1002100__ThreeQuarter__Sparkling-01.webp
Helmut,helmut,1002100,1002100,,threequarter,sparkling-2,Sparkling-02,helmut__1002100__threequarter__sparkling-2.webp,Helmut__1002100__ThreeQuarter__Sparkling-02.webp,Images/Helmut__1002100__ThreeQuarter__Sparkling-02.webp
Helmut,helmut,1002100,1002100,,threequarter,sparkling-3,Sparkling-03,helmut__1002100__threequarter__sparkling-3.webp,Helmut__1002100__ThreeQuarter__Sparkling-03.webp,Images/Helmut__1002100__ThreeQuarter__Sparkling-03.webp
Helmut,helmut,1002100,1002100,,threequarter,sparkling-4,Sparkling-04,helmut__1002100__threequarter__sparkling-4.webp,Helmut__1002100__ThreeQuarter__Sparkling-04.webp,Images/Helmut__1002100__ThreeQuarter__Sparkling-04.webp
Helmut,helmut,1002100,1002100,,threequarter,sparkling-5,Sparkling-05,helmut__1002100__threequarter__sparkling-5.webp,Helmut__1002100__ThreeQuarter__Sparkling-05.webp,Images/Helmut__1002100__ThreeQuarter__Sparkling-05.webp
Helmut,helmut,1002100,1002100,,threequarter,sparkling-6,Sparkling-06,helmut__1002100__threequarter__sparkling-6.webp,Helmut__1002100__ThreeQuarter__Sparkling-06.webp,Images/Helmut__1002100__ThreeQuarter__Sparkling-06.webp
Helmut,helmut,1002100,1002100,,threequarter,sparkling-7,Sparkling-07,helmut__1002100__threequarter__sparkling-7.webp,Helmut__1002100__ThreeQuarter__Sparkling-07.webp,Images/Helmut__1002100__ThreeQuarter__Sparkling-07.webp
Helmut,helmut,1002100,1002100,,threequarter,sparkling-8,Sparkling-08,helmut__1002100__threequarter__sparkling-8.webp,Helmut__1002100__ThreeQuarter__Sparkling-08.webp,Images/Helmut__1002100__ThreeQuarter__Sparkling-08.webp
Helmut,helmut,1002100,1002100,,threequarter,sparkling-9,Sparkling-09,helmut__1002100__threequarter__sparkling-9.webp,Helmut__1002100__ThreeQuarter__Sparkling-09.webp,Images/Helmut__1002100__ThreeQuarter__Sparkling-09.webp
Helmut,helmut,1002100,1002100,,threequarter,sparkling-10,Sparkling-10,helmut__1002100__threequarter__sparkling-10.webp,Helmut__1002100__ThreeQuarter__Sparkling-10.webp,Images/Helmut__1002100__ThreeQuarter__Sparkling-10.webp
Helmut,helmut,1002100,1002100,,threequarter,sparkling-11,Sparkling-11,helmut__1002100__threequarter__sparkling-11.webp,Helmut__1002100__ThreeQuarter__Sparkling-11.webp,Images/Helmut__1002100__ThreeQuarter__Sparkling-11.webp
Helmut,helmut,1002100,1002100,,threequarter,sparkling-12,Sparkling-12,helmut__1002100__threequarter__sparkling-12.webp,Helmut__1002100__ThreeQuarter__Sparkling-12.webp,Images/Helmut__1002100__ThreeQuarter__Sparkling-12.webp
Helmut,helmut,1002100,1002100,,threequarter,umbral,Umbral,helmut__1002100__threequarter__umbral.webp,Helmut__1002100__ThreeQuarter__Umbral.webp,Images/Helmut__1002100__ThreeQuarter__Umbral.webp
Helmut,helmut,1002101,1002101,,threequarter,normal,Normal,helmut__1002101__threequarter__normal.webp,Helmut__1002101__ThreeQuarter__Normal.webp,Images/Helmut__1002101__ThreeQuarter__Normal.webp
Helmut,helmut,1002101,1002101,,threequarter,sparkling-1,Sparkling-01,helmut__1002101__threequarter__sparkling-1.webp,Helmut__1002101__ThreeQuarter__Sparkling-01.webp,Images/Helmut__1002101__ThreeQuarter__Sparkling-01.webp
Helmut,helmut,1002101,1002101,,threequarter,sparkling-2,Sparkling-02,helmut__1002101__threequarter__sparkling-2.webp,Helmut__1002101__ThreeQuarter__Sparkling-02.webp,Images/Helmut__1002101__ThreeQuarter__Sparkling-02.webp
Helmut,helmut,1002101,1002101,,threequarter,sparkling-3,Sparkling-03,helmut__1002101__threequarter__sparkling-3.webp,Helmut__1002101__ThreeQuarter__Sparkling-03.webp,Images/Helmut__1002101__ThreeQuarter__Sparkling-03.webp
Helmut,helmut,1002101,1002101,,threequarter,sparkling-4,Sparkling-04,helmut__1002101__threequarter__sparkling-4.webp,Helmut__1002101__ThreeQuarter__Sparkling-04.webp,Images/Helmut__1002101__ThreeQuarter__Sparkling-04.webp
Helmut,helmut,1002101,1002101,,threequarter,sparkling-5,Sparkling-05,helmut__1002101__threequarter__sparkling-5.webp,Helmut__1002101__ThreeQuarter__Sparkling-05.webp,Images/Helmut__1002101__ThreeQuarter__Sparkling-05.webp
Helmut,helmut,1002101,1002101,,threequarter,sparkling-6,Sparkling-06,helmut__1002101__threequarter__sparkling-6.webp,Helmut__1002101__ThreeQuarter__Sparkling-06.webp,Images/Helmut__1002101__ThreeQuarter__Sparkling-06.webp
Helmut,helmut,1002101,1002101,,threequarter,sparkling-7,Sparkling-07,helmut__1002101__threequarter__sparkling-7.webp,Helmut__1002101__ThreeQuarter__Sparkling-07.webp,Images/Helmut__1002101__ThreeQuarter__Sparkling-07.webp
Helmut,helmut,1002101,1002101,,threequarter,sparkling-8,Sparkling-08,helmut__1002101__threequarter__sparkling-8.webp,Helmut__1002101__ThreeQuarter__Sparkling-08.webp,Images/Helmut__1002101__ThreeQuarter__Sparkling-08.webp
Helmut,helmut,1002101,1002101,,threequarter,sparkling-9,Sparkling-09,helmut__1002101__threequarter__sparkling-9.webp,Helmut__1002101__ThreeQuarter__Sparkling-09.webp,Images/Helmut__1002101__ThreeQuarter__Sparkling-09.webp
Helmut,helmut,1002101,1002101,,threequarter,sparkling-10,Sparkling-10,helmut__1002101__threequarter__sparkling-10.webp,Helmut__1002101__ThreeQuarter__Sparkling-10.webp,Images/Helmut__1002101__ThreeQuarter__Sparkling-10.webp
Helmut,helmut,1002101,1002101,,threequarter,sparkling-11,Sparkling-11,helmut__1002101__threequarter__sparkling-11.webp,Helmut__1002101__ThreeQuarter__Sparkling-11.webp,Images/Helmut__1002101__ThreeQuarter__Sparkling-11.webp
Helmut,helmut,1002101,1002101,,threequarter,sparkling-12,Sparkling-12,helmut__1002101__threequarter__sparkling-12.webp,Helmut__1002101__ThreeQuarter__Sparkling-12.webp,Images/Helmut__1002101__ThreeQuarter__Sparkling-12.webp
Helmut,helmut,1002101,1002101,,threequarter,umbral,Umbral,helmut__1002101__threequarter__umbral.webp,Helmut__1002101__ThreeQuarter__Umbral.webp,Images/Helmut__1002101__ThreeQuarter__Umbral.webp
Helmut,helmut,1002102,1002102,,threequarter,normal,Normal,helmut__1002102__threequarter__normal.webp,Helmut__1002102__ThreeQuarter__Normal.webp,Images/Helmut__1002102__ThreeQuarter__Normal.webp
Helmut,helmut,1002102,1002102,,threequarter,sparkling-1,Sparkling-01,helmut__1002102__threequarter__sparkling-1.webp,Helmut__1002102__ThreeQuarter__Sparkling-01.webp,Images/Helmut__1002102__ThreeQuarter__Sparkling-01.webp
Helmut,helmut,1002102,1002102,,threequarter,sparkling-2,Sparkling-02,helmut__1002102__threequarter__sparkling-2.webp,Helmut__1002102__ThreeQuarter__Sparkling-02.webp,Images/Helmut__1002102__ThreeQuarter__Sparkling-02.webp
Helmut,helmut,1002102,1002102,,threequarter,sparkling-3,Sparkling-03,helmut__1002102__threequarter__sparkling-3.webp,Helmut__1002102__ThreeQuarter__Sparkling-03.webp,Images/Helmut__1002102__ThreeQuarter__Sparkling-03.webp
Helmut,helmut,1002102,1002102,,threequarter,sparkling-4,Sparkling-04,helmut__1002102__threequarter__sparkling-4.webp,Helmut__1002102__ThreeQuarter__Sparkling-04.webp,Images/Helmut__1002102__ThreeQuarter__Sparkling-04.webp
Helmut,helmut,1002102,1002102,,threequarter,sparkling-5,Sparkling-05,helmut__1002102__threequarter__sparkling-5.webp,Helmut__1002102__ThreeQuarter__Sparkling-05.webp,Images/Helmut__1002102__ThreeQuarter__Sparkling-05.webp
Helmut,helmut,1002102,1002102,,threequarter,sparkling-6,Sparkling-06,helmut__1002102__threequarter__sparkling-6.webp,Helmut__1002102__ThreeQuarter__Sparkling-06.webp,Images/Helmut__1002102__ThreeQuarter__Sparkling-06.webp
Helmut,helmut,1002102,1002102,,threequarter,sparkling-7,Sparkling-07,helmut__1002102__threequarter__sparkling-7.webp,Helmut__1002102__ThreeQuarter__Sparkling-07.webp,Images/Helmut__1002102__ThreeQuarter__Sparkling-07.webp
Helmut,helmut,1002102,1002102,,threequarter,sparkling-8,Sparkling-08,helmut__1002102__threequarter__sparkling-8.webp,Helmut__1002102__ThreeQuarter__Sparkling-08.webp,Images/Helmut__1002102__ThreeQuarter__Sparkling-08.webp
Helmut,helmut,1002102,1002102,,threequarter,sparkling-9,Sparkling-09,helmut__1002102__threequarter__sparkling-9.webp,Helmut__1002102__ThreeQuarter__Sparkling-09.webp,Images/Helmut__1002102__ThreeQuarter__Sparkling-09.webp
Helmut,helmut,1002102,1002102,,threequarter,sparkling-10,Sparkling-10,helmut__1002102__threequarter__sparkling-10.webp,Helmut__1002102__ThreeQuarter__Sparkling-10.webp,Images/Helmut__1002102__ThreeQuarter__Sparkling-10.webp
Helmut,helmut,1002102,1002102,,threequarter,sparkling-11,Sparkling-11,helmut__1002102__threequarter__sparkling-11.webp,Helmut__1002102__ThreeQuarter__Sparkling-11.webp,Images/Helmut__1002102__ThreeQuarter__Sparkling-11.webp
Helmut,helmut,1002102,1002102,,threequarter,sparkling-12,Sparkling-12,helmut__1002102__threequarter__sparkling-12.webp,Helmut__1002102__ThreeQuarter__Sparkling-12.webp,Images/Helmut__1002102__ThreeQuarter__Sparkling-12.webp
Helmut,helmut,1002102,1002102,,threequarter,umbral,Umbral,helmut__1002102__threequarter__umbral.webp,Helmut__1002102__ThreeQuarter__Umbral.webp,Images/Helmut__1002102__ThreeQuarter__Umbral.webp
Helmwhelp,helmwhelp,1002200,1002200,,threequarter,normal,Normal,helmwhelp__1002200__threequarter__normal.webp,Helmwhelp__1002200__ThreeQuarter__Normal.webp,Images/Helmwhelp__1002200__ThreeQuarter__Normal.webp
Helmwhelp,helmwhelp,1002200,1002200,,threequarter,sparkling-1,Sparkling-01,helmwhelp__1002200__threequarter__sparkling-1.webp,Helmwhelp__1002200__ThreeQuarter__Sparkling-01.webp,Images/Helmwhelp__1002200__ThreeQuarter__Sparkling-01.webp
Helmwhelp,helmwhelp,1002200,1002200,,threequarter,sparkling-2,Sparkling-02,helmwhelp__1002200__threequarter__sparkling-2.webp,Helmwhelp__1002200__ThreeQuarter__Sparkling-02.webp,Images/Helmwhelp__1002200__ThreeQuarter__Sparkling-02.webp
Helmwhelp,helmwhelp,1002200,1002200,,threequarter,sparkling-3,Sparkling-03,helmwhelp__1002200__threequarter__sparkling-3.webp,Helmwhelp__1002200__ThreeQuarter__Sparkling-03.webp,Images/Helmwhelp__1002200__ThreeQuarter__Sparkling-03.webp
Helmwhelp,helmwhelp,1002200,1002200,,threequarter,sparkling-4,Sparkling-04,helmwhelp__1002200__threequarter__sparkling-4.webp,Helmwhelp__1002200__ThreeQuarter__Sparkling-04.webp,Images/Helmwhelp__1002200__ThreeQuarter__Sparkling-04.webp
Helmwhelp,helmwhelp,1002200,1002200,,threequarter,sparkling-5,Sparkling-05,helmwhelp__1002200__threequarter__sparkling-5.webp,Helmwhelp__1002200__ThreeQuarter__Sparkling-05.webp,Images/Helmwhelp__1002200__ThreeQuarter__Sparkling-05.webp
Helmwhelp,helmwhelp,1002200,1002200,,threequarter,sparkling-6,Sparkling-06,helmwhelp__1002200__threequarter__sparkling-6.webp,Helmwhelp__1002200__ThreeQuarter__Sparkling-06.webp,Images/Helmwhelp__1002200__ThreeQuarter__Sparkling-06.webp
Helmwhelp,helmwhelp,1002200,1002200,,threequarter,sparkling-7,Sparkling-07,helmwhelp__1002200__threequarter__sparkling-7.webp,Helmwhelp__1002200__ThreeQuarter__Sparkling-07.webp,Images/Helmwhelp__1002200__ThreeQuarter__Sparkling-07.webp
Helmwhelp,helmwhelp,1002200,1002200,,threequarter,sparkling-8,Sparkling-08,helmwhelp__1002200__threequarter__sparkling-8.webp,Helmwhelp__1002200__ThreeQuarter__Sparkling-08.webp,Images/Helmwhelp__1002200__ThreeQuarter__Sparkling-08.webp
Helmwhelp,helmwhelp,1002200,1002200,,threequarter,sparkling-9,Sparkling-09,helmwhelp__1002200__threequarter__sparkling-9.webp,Helmwhelp__1002200__ThreeQuarter__Sparkling-09.webp,Images/Helmwhelp__1002200__ThreeQuarter__Sparkling-09.webp
Helmwhelp,helmwhelp,1002200,1002200,,threequarter,sparkling-10,Sparkling-10,helmwhelp__1002200__threequarter__sparkling-10.webp,Helmwhelp__1002200__ThreeQuarter__Sparkling-10.webp,Images/Helmwhelp__1002200__ThreeQuarter__Sparkling-10.webp
Helmwhelp,helmwhelp,1002200,1002200,,threequarter,sparkling-11,Sparkling-11,helmwhelp__1002200__threequarter__sparkling-11.webp,Helmwhelp__1002200__ThreeQuarter__Sparkling-11.webp,Images/Helmwhelp__1002200__ThreeQuarter__Sparkling-11.webp
Helmwhelp,helmwhelp,1002200,1002200,,threequarter,sparkling-12,Sparkling-12,helmwhelp__1002200__threequarter__sparkling-12.webp,Helmwhelp__1002200__ThreeQuarter__Sparkling-12.webp,Images/Helmwhelp__1002200__ThreeQuarter__Sparkling-12.webp
Helmwhelp,helmwhelp,1002200,1002200,,threequarter,umbral,Umbral,helmwhelp__1002200__threequarter__umbral.webp,Helmwhelp__1002200__ThreeQuarter__Umbral.webp,Images/Helmwhelp__1002200__ThreeQuarter__Umbral.webp
Helmwhelp,helmwhelp,1002201,1002201,,threequarter,normal,Normal,helmwhelp__1002201__threequarter__normal.webp,Helmwhelp__1002201__ThreeQuarter__Normal.webp,Images/Helmwhelp__1002201__ThreeQuarter__Normal.webp
Helmwhelp,helmwhelp,1002201,1002201,,threequarter,sparkling-1,Sparkling-01,helmwhelp__1002201__threequarter__sparkling-1.webp,Helmwhelp__1002201__ThreeQuarter__Sparkling-01.webp,Images/Helmwhelp__1002201__ThreeQuarter__Sparkling-01.webp
Helmwhelp,helmwhelp,1002201,1002201,,threequarter,sparkling-2,Sparkling-02,helmwhelp__1002201__threequarter__sparkling-2.webp,Helmwhelp__1002201__ThreeQuarter__Sparkling-02.webp,Images/Helmwhelp__1002201__ThreeQuarter__Sparkling-02.webp
Helmwhelp,helmwhelp,1002201,1002201,,threequarter,sparkling-3,Sparkling-03,helmwhelp__1002201__threequarter__sparkling-3.webp,Helmwhelp__1002201__ThreeQuarter__Sparkling-03.webp,Images/Helmwhelp__1002201__ThreeQuarter__Sparkling-03.webp
Helmwhelp,helmwhelp,1002201,1002201,,threequarter,sparkling-4,Sparkling-04,helmwhelp__1002201__threequarter__sparkling-4.webp,Helmwhelp__1002201__ThreeQuarter__Sparkling-04.webp,Images/Helmwhelp__1002201__ThreeQuarter__Sparkling-04.webp
Helmwhelp,helmwhelp,1002201,1002201,,threequarter,sparkling-5,Sparkling-05,helmwhelp__1002201__threequarter__sparkling-5.webp,Helmwhelp__1002201__ThreeQuarter__Sparkling-05.webp,Images/Helmwhelp__1002201__ThreeQuarter__Sparkling-05.webp
Helmwhelp,helmwhelp,1002201,1002201,,threequarter,sparkling-6,Sparkling-06,helmwhelp__1002201__threequarter__sparkling-6.webp,Helmwhelp__1002201__ThreeQuarter__Sparkling-06.webp,Images/Helmwhelp__1002201__ThreeQuarter__Sparkling-06.webp
Helmwhelp,helmwhelp,1002201,1002201,,threequarter,sparkling-7,Sparkling-07,helmwhelp__1002201__threequarter__sparkling-7.webp,Helmwhelp__1002201__ThreeQuarter__Sparkling-07.webp,Images/Helmwhelp__1002201__ThreeQuarter__Sparkling-07.webp
Helmwhelp,helmwhelp,1002201,1002201,,threequarter,sparkling-8,Sparkling-08,helmwhelp__1002201__threequarter__sparkling-8.webp,Helmwhelp__1002201__ThreeQuarter__Sparkling-08.webp,Images/Helmwhelp__1002201__ThreeQuarter__Sparkling-08.webp
Helmwhelp,helmwhelp,1002201,1002201,,threequarter,sparkling-9,Sparkling-09,helmwhelp__1002201__threequarter__sparkling-9.webp,Helmwhelp__1002201__ThreeQuarter__Sparkling-09.webp,Images/Helmwhelp__1002201__ThreeQuarter__Sparkling-09.webp
Helmwhelp,helmwhelp,1002201,1002201,,threequarter,sparkling-10,Sparkling-10,helmwhelp__1002201__threequarter__sparkling-10.webp,Helmwhelp__1002201__ThreeQuarter__Sparkling-10.webp,Images/Helmwhelp__1002201__ThreeQuarter__Sparkling-10.webp
Helmwhelp,helmwhelp,1002201,1002201,,threequarter,sparkling-11,Sparkling-11,helmwhelp__1002201__threequarter__sparkling-11.webp,Helmwhelp__1002201__ThreeQuarter__Sparkling-11.webp,Images/Helmwhelp__1002201__ThreeQuarter__Sparkling-11.webp
Helmwhelp,helmwhelp,1002201,1002201,,threequarter,sparkling-12,Sparkling-12,helmwhelp__1002201__threequarter__sparkling-12.webp,Helmwhelp__1002201__ThreeQuarter__Sparkling-12.webp,Images/Helmwhelp__1002201__ThreeQuarter__Sparkling-12.webp
Helmwhelp,helmwhelp,1002201,1002201,,threequarter,umbral,Umbral,helmwhelp__1002201__threequarter__umbral.webp,Helmwhelp__1002201__ThreeQuarter__Umbral.webp,Images/Helmwhelp__1002201__ThreeQuarter__Umbral.webp
Hummin,hummin,1020100,1020100,,threequarter,normal,Normal,hummin__1020100__threequarter__normal.webp,Hummin__1020100__ThreeQuarter__Normal.webp,Images/Hummin__1020100__ThreeQuarter__Normal.webp
Hummin,hummin,1020100,1020100,,threequarter,sparkling-1,Sparkling-01,hummin__1020100__threequarter__sparkling-1.webp,Hummin__1020100__ThreeQuarter__Sparkling-01.webp,Images/Hummin__1020100__ThreeQuarter__Sparkling-01.webp
Hummin,hummin,1020100,1020100,,threequarter,sparkling-2,Sparkling-02,hummin__1020100__threequarter__sparkling-2.webp,Hummin__1020100__ThreeQuarter__Sparkling-02.webp,Images/Hummin__1020100__ThreeQuarter__Sparkling-02.webp
Hummin,hummin,1020100,1020100,,threequarter,sparkling-3,Sparkling-03,hummin__1020100__threequarter__sparkling-3.webp,Hummin__1020100__ThreeQuarter__Sparkling-03.webp,Images/Hummin__1020100__ThreeQuarter__Sparkling-03.webp
Hummin,hummin,1020100,1020100,,threequarter,sparkling-4,Sparkling-04,hummin__1020100__threequarter__sparkling-4.webp,Hummin__1020100__ThreeQuarter__Sparkling-04.webp,Images/Hummin__1020100__ThreeQuarter__Sparkling-04.webp
Hummin,hummin,1020100,1020100,,threequarter,sparkling-5,Sparkling-05,hummin__1020100__threequarter__sparkling-5.webp,Hummin__1020100__ThreeQuarter__Sparkling-05.webp,Images/Hummin__1020100__ThreeQuarter__Sparkling-05.webp
Hummin,hummin,1020100,1020100,,threequarter,sparkling-6,Sparkling-06,hummin__1020100__threequarter__sparkling-6.webp,Hummin__1020100__ThreeQuarter__Sparkling-06.webp,Images/Hummin__1020100__ThreeQuarter__Sparkling-06.webp
Hummin,hummin,1020100,1020100,,threequarter,sparkling-7,Sparkling-07,hummin__1020100__threequarter__sparkling-7.webp,Hummin__1020100__ThreeQuarter__Sparkling-07.webp,Images/Hummin__1020100__ThreeQuarter__Sparkling-07.webp
Hummin,hummin,1020100,1020100,,threequarter,sparkling-8,Sparkling-08,hummin__1020100__threequarter__sparkling-8.webp,Hummin__1020100__ThreeQuarter__Sparkling-08.webp,Images/Hummin__1020100__ThreeQuarter__Sparkling-08.webp
Hummin,hummin,1020100,1020100,,threequarter,sparkling-9,Sparkling-09,hummin__1020100__threequarter__sparkling-9.webp,Hummin__1020100__ThreeQuarter__Sparkling-09.webp,Images/Hummin__1020100__ThreeQuarter__Sparkling-09.webp
Hummin,hummin,1020100,1020100,,threequarter,sparkling-10,Sparkling-10,hummin__1020100__threequarter__sparkling-10.webp,Hummin__1020100__ThreeQuarter__Sparkling-10.webp,Images/Hummin__1020100__ThreeQuarter__Sparkling-10.webp
Hummin,hummin,1020100,1020100,,threequarter,sparkling-11,Sparkling-11,hummin__1020100__threequarter__sparkling-11.webp,Hummin__1020100__ThreeQuarter__Sparkling-11.webp,Images/Hummin__1020100__ThreeQuarter__Sparkling-11.webp
Hummin,hummin,1020100,1020100,,threequarter,sparkling-12,Sparkling-12,hummin__1020100__threequarter__sparkling-12.webp,Hummin__1020100__ThreeQuarter__Sparkling-12.webp,Images/Hummin__1020100__ThreeQuarter__Sparkling-12.webp
Hummin,hummin,1020100,1020100,,threequarter,umbral,Umbral,hummin__1020100__threequarter__umbral.webp,Hummin__1020100__ThreeQuarter__Umbral.webp,Images/Hummin__1020100__ThreeQuarter__Umbral.webp
Hummin,hummin,1020101,1020101,,threequarter,normal,Normal,hummin__1020101__threequarter__normal.webp,Hummin__1020101__ThreeQuarter__Normal.webp,Images/Hummin__1020101__ThreeQuarter__Normal.webp
Hummin,hummin,1020101,1020101,,threequarter,sparkling-1,Sparkling-01,hummin__1020101__threequarter__sparkling-1.webp,Hummin__1020101__ThreeQuarter__Sparkling-01.webp,Images/Hummin__1020101__ThreeQuarter__Sparkling-01.webp
Hummin,hummin,1020101,1020101,,threequarter,sparkling-2,Sparkling-02,hummin__1020101__threequarter__sparkling-2.webp,Hummin__1020101__ThreeQuarter__Sparkling-02.webp,Images/Hummin__1020101__ThreeQuarter__Sparkling-02.webp
Hummin,hummin,1020101,1020101,,threequarter,sparkling-3,Sparkling-03,hummin__1020101__threequarter__sparkling-3.webp,Hummin__1020101__ThreeQuarter__Sparkling-03.webp,Images/Hummin__1020101__ThreeQuarter__Sparkling-03.webp
Hummin,hummin,1020101,1020101,,threequarter,sparkling-4,Sparkling-04,hummin__1020101__threequarter__sparkling-4.webp,Hummin__1020101__ThreeQuarter__Sparkling-04.webp,Images/Hummin__1020101__ThreeQuarter__Sparkling-04.webp
Hummin,hummin,1020101,1020101,,threequarter,sparkling-5,Sparkling-05,hummin__1020101__threequarter__sparkling-5.webp,Hummin__1020101__ThreeQuarter__Sparkling-05.webp,Images/Hummin__1020101__ThreeQuarter__Sparkling-05.webp
Hummin,hummin,1020101,1020101,,threequarter,sparkling-6,Sparkling-06,hummin__1020101__threequarter__sparkling-6.webp,Hummin__1020101__ThreeQuarter__Sparkling-06.webp,Images/Hummin__1020101__ThreeQuarter__Sparkling-06.webp
Hummin,hummin,1020101,1020101,,threequarter,sparkling-7,Sparkling-07,hummin__1020101__threequarter__sparkling-7.webp,Hummin__1020101__ThreeQuarter__Sparkling-07.webp,Images/Hummin__1020101__ThreeQuarter__Sparkling-07.webp
Hummin,hummin,1020101,1020101,,threequarter,sparkling-8,Sparkling-08,hummin__1020101__threequarter__sparkling-8.webp,Hummin__1020101__ThreeQuarter__Sparkling-08.webp,Images/Hummin__1020101__ThreeQuarter__Sparkling-08.webp
Hummin,hummin,1020101,1020101,,threequarter,sparkling-9,Sparkling-09,hummin__1020101__threequarter__sparkling-9.webp,Hummin__1020101__ThreeQuarter__Sparkling-09.webp,Images/Hummin__1020101__ThreeQuarter__Sparkling-09.webp
Hummin,hummin,1020101,1020101,,threequarter,sparkling-10,Sparkling-10,hummin__1020101__threequarter__sparkling-10.webp,Hummin__1020101__ThreeQuarter__Sparkling-10.webp,Images/Hummin__1020101__ThreeQuarter__Sparkling-10.webp
Hummin,hummin,1020101,1020101,,threequarter,sparkling-11,Sparkling-11,hummin__1020101__threequarter__sparkling-11.webp,Hummin__1020101__ThreeQuarter__Sparkling-11.webp,Images/Hummin__1020101__ThreeQuarter__Sparkling-11.webp
Hummin,hummin,1020101,1020101,,threequarter,sparkling-12,Sparkling-12,hummin__1020101__threequarter__sparkling-12.webp,Hummin__1020101__ThreeQuarter__Sparkling-12.webp,Images/Hummin__1020101__ThreeQuarter__Sparkling-12.webp
Hummin,hummin,1020101,1020101,,threequarter,umbral,Umbral,hummin__1020101__threequarter__umbral.webp,Hummin__1020101__ThreeQuarter__Umbral.webp,Images/Hummin__1020101__ThreeQuarter__Umbral.webp
Ignitis,ignitis,1003200,1003200,,threequarter,normal,Normal,ignitis__1003200__threequarter__normal.webp,Ignitis__1003200__ThreeQuarter__Normal.webp,Images/Ignitis__1003200__ThreeQuarter__Normal.webp
Ignitis,ignitis,1003200,1003200,,threequarter,sparkling-1,Sparkling-01,ignitis__1003200__threequarter__sparkling-1.webp,Ignitis__1003200__ThreeQuarter__Sparkling-01.webp,Images/Ignitis__1003200__ThreeQuarter__Sparkling-01.webp
Ignitis,ignitis,1003200,1003200,,threequarter,sparkling-2,Sparkling-02,ignitis__1003200__threequarter__sparkling-2.webp,Ignitis__1003200__ThreeQuarter__Sparkling-02.webp,Images/Ignitis__1003200__ThreeQuarter__Sparkling-02.webp
Ignitis,ignitis,1003200,1003200,,threequarter,sparkling-3,Sparkling-03,ignitis__1003200__threequarter__sparkling-3.webp,Ignitis__1003200__ThreeQuarter__Sparkling-03.webp,Images/Ignitis__1003200__ThreeQuarter__Sparkling-03.webp
Ignitis,ignitis,1003200,1003200,,threequarter,sparkling-4,Sparkling-04,ignitis__1003200__threequarter__sparkling-4.webp,Ignitis__1003200__ThreeQuarter__Sparkling-04.webp,Images/Ignitis__1003200__ThreeQuarter__Sparkling-04.webp
Ignitis,ignitis,1003200,1003200,,threequarter,sparkling-5,Sparkling-05,ignitis__1003200__threequarter__sparkling-5.webp,Ignitis__1003200__ThreeQuarter__Sparkling-05.webp,Images/Ignitis__1003200__ThreeQuarter__Sparkling-05.webp
Ignitis,ignitis,1003200,1003200,,threequarter,sparkling-6,Sparkling-06,ignitis__1003200__threequarter__sparkling-6.webp,Ignitis__1003200__ThreeQuarter__Sparkling-06.webp,Images/Ignitis__1003200__ThreeQuarter__Sparkling-06.webp
Ignitis,ignitis,1003200,1003200,,threequarter,sparkling-7,Sparkling-07,ignitis__1003200__threequarter__sparkling-7.webp,Ignitis__1003200__ThreeQuarter__Sparkling-07.webp,Images/Ignitis__1003200__ThreeQuarter__Sparkling-07.webp
Ignitis,ignitis,1003200,1003200,,threequarter,sparkling-8,Sparkling-08,ignitis__1003200__threequarter__sparkling-8.webp,Ignitis__1003200__ThreeQuarter__Sparkling-08.webp,Images/Ignitis__1003200__ThreeQuarter__Sparkling-08.webp
Ignitis,ignitis,1003200,1003200,,threequarter,sparkling-9,Sparkling-09,ignitis__1003200__threequarter__sparkling-9.webp,Ignitis__1003200__ThreeQuarter__Sparkling-09.webp,Images/Ignitis__1003200__ThreeQuarter__Sparkling-09.webp
Ignitis,ignitis,1003200,1003200,,threequarter,sparkling-10,Sparkling-10,ignitis__1003200__threequarter__sparkling-10.webp,Ignitis__1003200__ThreeQuarter__Sparkling-10.webp,Images/Ignitis__1003200__ThreeQuarter__Sparkling-10.webp
Ignitis,ignitis,1003200,1003200,,threequarter,sparkling-11,Sparkling-11,ignitis__1003200__threequarter__sparkling-11.webp,Ignitis__1003200__ThreeQuarter__Sparkling-11.webp,Images/Ignitis__1003200__ThreeQuarter__Sparkling-11.webp
Ignitis,ignitis,1003200,1003200,,threequarter,sparkling-12,Sparkling-12,ignitis__1003200__threequarter__sparkling-12.webp,Ignitis__1003200__ThreeQuarter__Sparkling-12.webp,Images/Ignitis__1003200__ThreeQuarter__Sparkling-12.webp
Ignitis,ignitis,1003200,1003200,,threequarter,umbral,Umbral,ignitis__1003200__threequarter__umbral.webp,Ignitis__1003200__ThreeQuarter__Umbral.webp,Images/Ignitis__1003200__ThreeQuarter__Umbral.webp
Ignitis,ignitis,1003201,1003201,,threequarter,normal,Normal,ignitis__1003201__threequarter__normal.webp,Ignitis__1003201__ThreeQuarter__Normal.webp,Images/Ignitis__1003201__ThreeQuarter__Normal.webp
Ignitis,ignitis,1003201,1003201,,threequarter,sparkling-1,Sparkling-01,ignitis__1003201__threequarter__sparkling-1.webp,Ignitis__1003201__ThreeQuarter__Sparkling-01.webp,Images/Ignitis__1003201__ThreeQuarter__Sparkling-01.webp
Ignitis,ignitis,1003201,1003201,,threequarter,sparkling-2,Sparkling-02,ignitis__1003201__threequarter__sparkling-2.webp,Ignitis__1003201__ThreeQuarter__Sparkling-02.webp,Images/Ignitis__1003201__ThreeQuarter__Sparkling-02.webp
Ignitis,ignitis,1003201,1003201,,threequarter,sparkling-3,Sparkling-03,ignitis__1003201__threequarter__sparkling-3.webp,Ignitis__1003201__ThreeQuarter__Sparkling-03.webp,Images/Ignitis__1003201__ThreeQuarter__Sparkling-03.webp
Ignitis,ignitis,1003201,1003201,,threequarter,sparkling-4,Sparkling-04,ignitis__1003201__threequarter__sparkling-4.webp,Ignitis__1003201__ThreeQuarter__Sparkling-04.webp,Images/Ignitis__1003201__ThreeQuarter__Sparkling-04.webp
Ignitis,ignitis,1003201,1003201,,threequarter,sparkling-5,Sparkling-05,ignitis__1003201__threequarter__sparkling-5.webp,Ignitis__1003201__ThreeQuarter__Sparkling-05.webp,Images/Ignitis__1003201__ThreeQuarter__Sparkling-05.webp
Ignitis,ignitis,1003201,1003201,,threequarter,sparkling-6,Sparkling-06,ignitis__1003201__threequarter__sparkling-6.webp,Ignitis__1003201__ThreeQuarter__Sparkling-06.webp,Images/Ignitis__1003201__ThreeQuarter__Sparkling-06.webp
Ignitis,ignitis,1003201,1003201,,threequarter,sparkling-7,Sparkling-07,ignitis__1003201__threequarter__sparkling-7.webp,Ignitis__1003201__ThreeQuarter__Sparkling-07.webp,Images/Ignitis__1003201__ThreeQuarter__Sparkling-07.webp
Ignitis,ignitis,1003201,1003201,,threequarter,sparkling-8,Sparkling-08,ignitis__1003201__threequarter__sparkling-8.webp,Ignitis__1003201__ThreeQuarter__Sparkling-08.webp,Images/Ignitis__1003201__ThreeQuarter__Sparkling-08.webp
Ignitis,ignitis,1003201,1003201,,threequarter,sparkling-9,Sparkling-09,ignitis__1003201__threequarter__sparkling-9.webp,Ignitis__1003201__ThreeQuarter__Sparkling-09.webp,Images/Ignitis__1003201__ThreeQuarter__Sparkling-09.webp
Ignitis,ignitis,1003201,1003201,,threequarter,sparkling-10,Sparkling-10,ignitis__1003201__threequarter__sparkling-10.webp,Ignitis__1003201__ThreeQuarter__Sparkling-10.webp,Images/Ignitis__1003201__ThreeQuarter__Sparkling-10.webp
Ignitis,ignitis,1003201,1003201,,threequarter,sparkling-11,Sparkling-11,ignitis__1003201__threequarter__sparkling-11.webp,Ignitis__1003201__ThreeQuarter__Sparkling-11.webp,Images/Ignitis__1003201__ThreeQuarter__Sparkling-11.webp
Ignitis,ignitis,1003201,1003201,,threequarter,sparkling-12,Sparkling-12,ignitis__1003201__threequarter__sparkling-12.webp,Ignitis__1003201__ThreeQuarter__Sparkling-12.webp,Images/Ignitis__1003201__ThreeQuarter__Sparkling-12.webp
Ignitis,ignitis,1003201,1003201,,threequarter,umbral,Umbral,ignitis__1003201__threequarter__umbral.webp,Ignitis__1003201__ThreeQuarter__Umbral.webp,Images/Ignitis__1003201__ThreeQuarter__Umbral.webp
Ignitis,ignitis,1003202,1003202,,threequarter,normal,Normal,ignitis__1003202__threequarter__normal.webp,Ignitis__1003202__ThreeQuarter__Normal.webp,Images/Ignitis__1003202__ThreeQuarter__Normal.webp
Ignitis,ignitis,1003202,1003202,,threequarter,sparkling-1,Sparkling-01,ignitis__1003202__threequarter__sparkling-1.webp,Ignitis__1003202__ThreeQuarter__Sparkling-01.webp,Images/Ignitis__1003202__ThreeQuarter__Sparkling-01.webp
Ignitis,ignitis,1003202,1003202,,threequarter,sparkling-2,Sparkling-02,ignitis__1003202__threequarter__sparkling-2.webp,Ignitis__1003202__ThreeQuarter__Sparkling-02.webp,Images/Ignitis__1003202__ThreeQuarter__Sparkling-02.webp
Ignitis,ignitis,1003202,1003202,,threequarter,sparkling-3,Sparkling-03,ignitis__1003202__threequarter__sparkling-3.webp,Ignitis__1003202__ThreeQuarter__Sparkling-03.webp,Images/Ignitis__1003202__ThreeQuarter__Sparkling-03.webp
Ignitis,ignitis,1003202,1003202,,threequarter,sparkling-4,Sparkling-04,ignitis__1003202__threequarter__sparkling-4.webp,Ignitis__1003202__ThreeQuarter__Sparkling-04.webp,Images/Ignitis__1003202__ThreeQuarter__Sparkling-04.webp
Ignitis,ignitis,1003202,1003202,,threequarter,sparkling-5,Sparkling-05,ignitis__1003202__threequarter__sparkling-5.webp,Ignitis__1003202__ThreeQuarter__Sparkling-05.webp,Images/Ignitis__1003202__ThreeQuarter__Sparkling-05.webp
Ignitis,ignitis,1003202,1003202,,threequarter,sparkling-6,Sparkling-06,ignitis__1003202__threequarter__sparkling-6.webp,Ignitis__1003202__ThreeQuarter__Sparkling-06.webp,Images/Ignitis__1003202__ThreeQuarter__Sparkling-06.webp
Ignitis,ignitis,1003202,1003202,,threequarter,sparkling-7,Sparkling-07,ignitis__1003202__threequarter__sparkling-7.webp,Ignitis__1003202__ThreeQuarter__Sparkling-07.webp,Images/Ignitis__1003202__ThreeQuarter__Sparkling-07.webp
Ignitis,ignitis,1003202,1003202,,threequarter,sparkling-8,Sparkling-08,ignitis__1003202__threequarter__sparkling-8.webp,Ignitis__1003202__ThreeQuarter__Sparkling-08.webp,Images/Ignitis__1003202__ThreeQuarter__Sparkling-08.webp
Ignitis,ignitis,1003202,1003202,,threequarter,sparkling-9,Sparkling-09,ignitis__1003202__threequarter__sparkling-9.webp,Ignitis__1003202__ThreeQuarter__Sparkling-09.webp,Images/Ignitis__1003202__ThreeQuarter__Sparkling-09.webp
Ignitis,ignitis,1003202,1003202,,threequarter,sparkling-10,Sparkling-10,ignitis__1003202__threequarter__sparkling-10.webp,Ignitis__1003202__ThreeQuarter__Sparkling-10.webp,Images/Ignitis__1003202__ThreeQuarter__Sparkling-10.webp
Ignitis,ignitis,1003202,1003202,,threequarter,sparkling-11,Sparkling-11,ignitis__1003202__threequarter__sparkling-11.webp,Ignitis__1003202__ThreeQuarter__Sparkling-11.webp,Images/Ignitis__1003202__ThreeQuarter__Sparkling-11.webp
Ignitis,ignitis,1003202,1003202,,threequarter,sparkling-12,Sparkling-12,ignitis__1003202__threequarter__sparkling-12.webp,Ignitis__1003202__ThreeQuarter__Sparkling-12.webp,Images/Ignitis__1003202__ThreeQuarter__Sparkling-12.webp
Ignitis,ignitis,1003203,1003203,,threequarter,normal,Normal,ignitis__1003203__threequarter__normal.webp,Ignitis__1003203__ThreeQuarter__Normal.webp,Images/Ignitis__1003203__ThreeQuarter__Normal.webp
Ignitis,ignitis,1003203,1003203,,threequarter,sparkling-1,Sparkling-01,ignitis__1003203__threequarter__sparkling-1.webp,Ignitis__1003203__ThreeQuarter__Sparkling-01.webp,Images/Ignitis__1003203__ThreeQuarter__Sparkling-01.webp
Ignitis,ignitis,1003203,1003203,,threequarter,sparkling-2,Sparkling-02,ignitis__1003203__threequarter__sparkling-2.webp,Ignitis__1003203__ThreeQuarter__Sparkling-02.webp,Images/Ignitis__1003203__ThreeQuarter__Sparkling-02.webp
Ignitis,ignitis,1003203,1003203,,threequarter,sparkling-3,Sparkling-03,ignitis__1003203__threequarter__sparkling-3.webp,Ignitis__1003203__ThreeQuarter__Sparkling-03.webp,Images/Ignitis__1003203__ThreeQuarter__Sparkling-03.webp
Ignitis,ignitis,1003203,1003203,,threequarter,sparkling-4,Sparkling-04,ignitis__1003203__threequarter__sparkling-4.webp,Ignitis__1003203__ThreeQuarter__Sparkling-04.webp,Images/Ignitis__1003203__ThreeQuarter__Sparkling-04.webp
Ignitis,ignitis,1003203,1003203,,threequarter,sparkling-5,Sparkling-05,ignitis__1003203__threequarter__sparkling-5.webp,Ignitis__1003203__ThreeQuarter__Sparkling-05.webp,Images/Ignitis__1003203__ThreeQuarter__Sparkling-05.webp
Ignitis,ignitis,1003203,1003203,,threequarter,sparkling-6,Sparkling-06,ignitis__1003203__threequarter__sparkling-6.webp,Ignitis__1003203__ThreeQuarter__Sparkling-06.webp,Images/Ignitis__1003203__ThreeQuarter__Sparkling-06.webp
Ignitis,ignitis,1003203,1003203,,threequarter,sparkling-7,Sparkling-07,ignitis__1003203__threequarter__sparkling-7.webp,Ignitis__1003203__ThreeQuarter__Sparkling-07.webp,Images/Ignitis__1003203__ThreeQuarter__Sparkling-07.webp
Ignitis,ignitis,1003203,1003203,,threequarter,sparkling-8,Sparkling-08,ignitis__1003203__threequarter__sparkling-8.webp,Ignitis__1003203__ThreeQuarter__Sparkling-08.webp,Images/Ignitis__1003203__ThreeQuarter__Sparkling-08.webp
Ignitis,ignitis,1003203,1003203,,threequarter,sparkling-9,Sparkling-09,ignitis__1003203__threequarter__sparkling-9.webp,Ignitis__1003203__ThreeQuarter__Sparkling-09.webp,Images/Ignitis__1003203__ThreeQuarter__Sparkling-09.webp
Ignitis,ignitis,1003203,1003203,,threequarter,sparkling-10,Sparkling-10,ignitis__1003203__threequarter__sparkling-10.webp,Ignitis__1003203__ThreeQuarter__Sparkling-10.webp,Images/Ignitis__1003203__ThreeQuarter__Sparkling-10.webp
Ignitis,ignitis,1003203,1003203,,threequarter,sparkling-11,Sparkling-11,ignitis__1003203__threequarter__sparkling-11.webp,Ignitis__1003203__ThreeQuarter__Sparkling-11.webp,Images/Ignitis__1003203__ThreeQuarter__Sparkling-11.webp
Ignitis,ignitis,1003203,1003203,,threequarter,sparkling-12,Sparkling-12,ignitis__1003203__threequarter__sparkling-12.webp,Ignitis__1003203__ThreeQuarter__Sparkling-12.webp,Images/Ignitis__1003203__ThreeQuarter__Sparkling-12.webp
Ignitis,ignitis,1003203,1003203,,threequarter,umbral,Umbral,ignitis__1003203__threequarter__umbral.webp,Ignitis__1003203__ThreeQuarter__Umbral.webp,Images/Ignitis__1003203__ThreeQuarter__Umbral.webp
Infergon,infergon,1002500,1002500,,threequarter,normal,Normal,infergon__1002500__threequarter__normal.webp,Infergon__1002500__ThreeQuarter__Normal.webp,Images/Infergon__1002500__ThreeQuarter__Normal.webp
Infergon,infergon,1002500,1002500,,threequarter,sparkling-1,Sparkling-01,infergon__1002500__threequarter__sparkling-1.webp,Infergon__1002500__ThreeQuarter__Sparkling-01.webp,Images/Infergon__1002500__ThreeQuarter__Sparkling-01.webp
Infergon,infergon,1002500,1002500,,threequarter,sparkling-2,Sparkling-02,infergon__1002500__threequarter__sparkling-2.webp,Infergon__1002500__ThreeQuarter__Sparkling-02.webp,Images/Infergon__1002500__ThreeQuarter__Sparkling-02.webp
Infergon,infergon,1002500,1002500,,threequarter,sparkling-3,Sparkling-03,infergon__1002500__threequarter__sparkling-3.webp,Infergon__1002500__ThreeQuarter__Sparkling-03.webp,Images/Infergon__1002500__ThreeQuarter__Sparkling-03.webp
Infergon,infergon,1002500,1002500,,threequarter,sparkling-4,Sparkling-04,infergon__1002500__threequarter__sparkling-4.webp,Infergon__1002500__ThreeQuarter__Sparkling-04.webp,Images/Infergon__1002500__ThreeQuarter__Sparkling-04.webp
Infergon,infergon,1002500,1002500,,threequarter,sparkling-5,Sparkling-05,infergon__1002500__threequarter__sparkling-5.webp,Infergon__1002500__ThreeQuarter__Sparkling-05.webp,Images/Infergon__1002500__ThreeQuarter__Sparkling-05.webp
Infergon,infergon,1002500,1002500,,threequarter,sparkling-6,Sparkling-06,infergon__1002500__threequarter__sparkling-6.webp,Infergon__1002500__ThreeQuarter__Sparkling-06.webp,Images/Infergon__1002500__ThreeQuarter__Sparkling-06.webp
Infergon,infergon,1002500,1002500,,threequarter,sparkling-7,Sparkling-07,infergon__1002500__threequarter__sparkling-7.webp,Infergon__1002500__ThreeQuarter__Sparkling-07.webp,Images/Infergon__1002500__ThreeQuarter__Sparkling-07.webp
Infergon,infergon,1002500,1002500,,threequarter,sparkling-8,Sparkling-08,infergon__1002500__threequarter__sparkling-8.webp,Infergon__1002500__ThreeQuarter__Sparkling-08.webp,Images/Infergon__1002500__ThreeQuarter__Sparkling-08.webp
Infergon,infergon,1002500,1002500,,threequarter,sparkling-9,Sparkling-09,infergon__1002500__threequarter__sparkling-9.webp,Infergon__1002500__ThreeQuarter__Sparkling-09.webp,Images/Infergon__1002500__ThreeQuarter__Sparkling-09.webp
Infergon,infergon,1002500,1002500,,threequarter,sparkling-10,Sparkling-10,infergon__1002500__threequarter__sparkling-10.webp,Infergon__1002500__ThreeQuarter__Sparkling-10.webp,Images/Infergon__1002500__ThreeQuarter__Sparkling-10.webp
Infergon,infergon,1002500,1002500,,threequarter,sparkling-11,Sparkling-11,infergon__1002500__threequarter__sparkling-11.webp,Infergon__1002500__ThreeQuarter__Sparkling-11.webp,Images/Infergon__1002500__ThreeQuarter__Sparkling-11.webp
Infergon,infergon,1002500,1002500,,threequarter,sparkling-12,Sparkling-12,infergon__1002500__threequarter__sparkling-12.webp,Infergon__1002500__ThreeQuarter__Sparkling-12.webp,Images/Infergon__1002500__ThreeQuarter__Sparkling-12.webp
Infergon,infergon,1002500,1002500,,threequarter,umbral,Umbral,infergon__1002500__threequarter__umbral.webp,Infergon__1002500__ThreeQuarter__Umbral.webp,Images/Infergon__1002500__ThreeQuarter__Umbral.webp
Infergon,infergon,1002503,1002503,,threequarter,normal,Normal,infergon__1002503__threequarter__normal.webp,Infergon__1002503__ThreeQuarter__Normal.webp,Images/Infergon__1002503__ThreeQuarter__Normal.webp
Infergon,infergon,1002503,1002503,,threequarter,sparkling-1,Sparkling-01,infergon__1002503__threequarter__sparkling-1.webp,Infergon__1002503__ThreeQuarter__Sparkling-01.webp,Images/Infergon__1002503__ThreeQuarter__Sparkling-01.webp
Infergon,infergon,1002503,1002503,,threequarter,sparkling-2,Sparkling-02,infergon__1002503__threequarter__sparkling-2.webp,Infergon__1002503__ThreeQuarter__Sparkling-02.webp,Images/Infergon__1002503__ThreeQuarter__Sparkling-02.webp
Infergon,infergon,1002503,1002503,,threequarter,sparkling-3,Sparkling-03,infergon__1002503__threequarter__sparkling-3.webp,Infergon__1002503__ThreeQuarter__Sparkling-03.webp,Images/Infergon__1002503__ThreeQuarter__Sparkling-03.webp
Infergon,infergon,1002503,1002503,,threequarter,sparkling-4,Sparkling-04,infergon__1002503__threequarter__sparkling-4.webp,Infergon__1002503__ThreeQuarter__Sparkling-04.webp,Images/Infergon__1002503__ThreeQuarter__Sparkling-04.webp
Infergon,infergon,1002503,1002503,,threequarter,sparkling-5,Sparkling-05,infergon__1002503__threequarter__sparkling-5.webp,Infergon__1002503__ThreeQuarter__Sparkling-05.webp,Images/Infergon__1002503__ThreeQuarter__Sparkling-05.webp
Infergon,infergon,1002503,1002503,,threequarter,sparkling-6,Sparkling-06,infergon__1002503__threequarter__sparkling-6.webp,Infergon__1002503__ThreeQuarter__Sparkling-06.webp,Images/Infergon__1002503__ThreeQuarter__Sparkling-06.webp
Infergon,infergon,1002503,1002503,,threequarter,sparkling-7,Sparkling-07,infergon__1002503__threequarter__sparkling-7.webp,Infergon__1002503__ThreeQuarter__Sparkling-07.webp,Images/Infergon__1002503__ThreeQuarter__Sparkling-07.webp
Infergon,infergon,1002503,1002503,,threequarter,sparkling-8,Sparkling-08,infergon__1002503__threequarter__sparkling-8.webp,Infergon__1002503__ThreeQuarter__Sparkling-08.webp,Images/Infergon__1002503__ThreeQuarter__Sparkling-08.webp
Infergon,infergon,1002503,1002503,,threequarter,sparkling-9,Sparkling-09,infergon__1002503__threequarter__sparkling-9.webp,Infergon__1002503__ThreeQuarter__Sparkling-09.webp,Images/Infergon__1002503__ThreeQuarter__Sparkling-09.webp
Infergon,infergon,1002503,1002503,,threequarter,sparkling-10,Sparkling-10,infergon__1002503__threequarter__sparkling-10.webp,Infergon__1002503__ThreeQuarter__Sparkling-10.webp,Images/Infergon__1002503__ThreeQuarter__Sparkling-10.webp
Infergon,infergon,1002503,1002503,,threequarter,sparkling-11,Sparkling-11,infergon__1002503__threequarter__sparkling-11.webp,Infergon__1002503__ThreeQuarter__Sparkling-11.webp,Images/Infergon__1002503__ThreeQuarter__Sparkling-11.webp
Infergon,infergon,1002503,1002503,,threequarter,sparkling-12,Sparkling-12,infergon__1002503__threequarter__sparkling-12.webp,Infergon__1002503__ThreeQuarter__Sparkling-12.webp,Images/Infergon__1002503__ThreeQuarter__Sparkling-12.webp
Inferlupa,inferlupa,1005500,1005500,,back,normal,Normal,inferlupa__1005500__back__normal.webp,Inferlupa__1005500__Back__Normal.webp,Images/Inferlupa__1005500__Back__Normal.webp
Inferlupa,inferlupa,1005500,1005500,,front,normal,Normal,inferlupa__1005500__front__normal.webp,Inferlupa__1005500__Front__Normal.webp,Images/Inferlupa__1005500__Front__Normal.webp
Inferlupa,inferlupa,1005500,1005500,,left,normal,Normal,inferlupa__1005500__left__normal.webp,Inferlupa__1005500__Left__Normal.webp,Images/Inferlupa__1005500__Left__Normal.webp
Inferlupa,inferlupa,1005500,1005500,,right,normal,Normal,inferlupa__1005500__right__normal.webp,Inferlupa__1005500__Right__Normal.webp,Images/Inferlupa__1005500__Right__Normal.webp
Inferlupa,inferlupa,1005500,1005500,,threequarter,normal,Normal,inferlupa__1005500__threequarter__normal.webp,Inferlupa__1005500__ThreeQuarter__Normal.webp,Images/Inferlupa__1005500__ThreeQuarter__Normal.webp
Inferlupa,inferlupa,1005500,1005500,,threequarter,sparkling-1,Sparkling-01,inferlupa__1005500__threequarter__sparkling-1.webp,Inferlupa__1005500__ThreeQuarter__Sparkling-01.webp,Images/Inferlupa__1005500__ThreeQuarter__Sparkling-01.webp
Inferlupa,inferlupa,1005500,1005500,,threequarter,sparkling-2,Sparkling-02,inferlupa__1005500__threequarter__sparkling-2.webp,Inferlupa__1005500__ThreeQuarter__Sparkling-02.webp,Images/Inferlupa__1005500__ThreeQuarter__Sparkling-02.webp
Inferlupa,inferlupa,1005500,1005500,,threequarter,sparkling-3,Sparkling-03,inferlupa__1005500__threequarter__sparkling-3.webp,Inferlupa__1005500__ThreeQuarter__Sparkling-03.webp,Images/Inferlupa__1005500__ThreeQuarter__Sparkling-03.webp
Inferlupa,inferlupa,1005500,1005500,,threequarter,sparkling-4,Sparkling-04,inferlupa__1005500__threequarter__sparkling-4.webp,Inferlupa__1005500__ThreeQuarter__Sparkling-04.webp,Images/Inferlupa__1005500__ThreeQuarter__Sparkling-04.webp
Inferlupa,inferlupa,1005500,1005500,,threequarter,sparkling-5,Sparkling-05,inferlupa__1005500__threequarter__sparkling-5.webp,Inferlupa__1005500__ThreeQuarter__Sparkling-05.webp,Images/Inferlupa__1005500__ThreeQuarter__Sparkling-05.webp
Inferlupa,inferlupa,1005500,1005500,,threequarter,sparkling-6,Sparkling-06,inferlupa__1005500__threequarter__sparkling-6.webp,Inferlupa__1005500__ThreeQuarter__Sparkling-06.webp,Images/Inferlupa__1005500__ThreeQuarter__Sparkling-06.webp
Inferlupa,inferlupa,1005500,1005500,,threequarter,sparkling-7,Sparkling-07,inferlupa__1005500__threequarter__sparkling-7.webp,Inferlupa__1005500__ThreeQuarter__Sparkling-07.webp,Images/Inferlupa__1005500__ThreeQuarter__Sparkling-07.webp
Inferlupa,inferlupa,1005500,1005500,,threequarter,sparkling-8,Sparkling-08,inferlupa__1005500__threequarter__sparkling-8.webp,Inferlupa__1005500__ThreeQuarter__Sparkling-08.webp,Images/Inferlupa__1005500__ThreeQuarter__Sparkling-08.webp
Inferlupa,inferlupa,1005500,1005500,,threequarter,sparkling-9,Sparkling-09,inferlupa__1005500__threequarter__sparkling-9.webp,Inferlupa__1005500__ThreeQuarter__Sparkling-09.webp,Images/Inferlupa__1005500__ThreeQuarter__Sparkling-09.webp
Inferlupa,inferlupa,1005500,1005500,,threequarter,sparkling-10,Sparkling-10,inferlupa__1005500__threequarter__sparkling-10.webp,Inferlupa__1005500__ThreeQuarter__Sparkling-10.webp,Images/Inferlupa__1005500__ThreeQuarter__Sparkling-10.webp
Inferlupa,inferlupa,1005500,1005500,,threequarter,sparkling-11,Sparkling-11,inferlupa__1005500__threequarter__sparkling-11.webp,Inferlupa__1005500__ThreeQuarter__Sparkling-11.webp,Images/Inferlupa__1005500__ThreeQuarter__Sparkling-11.webp
Inferlupa,inferlupa,1005500,1005500,,threequarter,sparkling-12,Sparkling-12,inferlupa__1005500__threequarter__sparkling-12.webp,Inferlupa__1005500__ThreeQuarter__Sparkling-12.webp,Images/Inferlupa__1005500__ThreeQuarter__Sparkling-12.webp
Inferlupa,inferlupa,1005500,1005500,,threequarter,umbral,Umbral,inferlupa__1005500__threequarter__umbral.webp,Inferlupa__1005500__ThreeQuarter__Umbral.webp,Images/Inferlupa__1005500__ThreeQuarter__Umbral.webp
Inferlupa,inferlupa,1005503,1005503,,threequarter,normal,Normal,inferlupa__1005503__threequarter__normal.webp,Inferlupa__1005503__ThreeQuarter__Normal.webp,Images/Inferlupa__1005503__ThreeQuarter__Normal.webp
Inferlupa,inferlupa,1005503,1005503,,threequarter,sparkling-1,Sparkling-01,inferlupa__1005503__threequarter__sparkling-1.webp,Inferlupa__1005503__ThreeQuarter__Sparkling-01.webp,Images/Inferlupa__1005503__ThreeQuarter__Sparkling-01.webp
Inferlupa,inferlupa,1005503,1005503,,threequarter,sparkling-2,Sparkling-02,inferlupa__1005503__threequarter__sparkling-2.webp,Inferlupa__1005503__ThreeQuarter__Sparkling-02.webp,Images/Inferlupa__1005503__ThreeQuarter__Sparkling-02.webp
Inferlupa,inferlupa,1005503,1005503,,threequarter,sparkling-3,Sparkling-03,inferlupa__1005503__threequarter__sparkling-3.webp,Inferlupa__1005503__ThreeQuarter__Sparkling-03.webp,Images/Inferlupa__1005503__ThreeQuarter__Sparkling-03.webp
Inferlupa,inferlupa,1005503,1005503,,threequarter,sparkling-4,Sparkling-04,inferlupa__1005503__threequarter__sparkling-4.webp,Inferlupa__1005503__ThreeQuarter__Sparkling-04.webp,Images/Inferlupa__1005503__ThreeQuarter__Sparkling-04.webp
Inferlupa,inferlupa,1005503,1005503,,threequarter,sparkling-5,Sparkling-05,inferlupa__1005503__threequarter__sparkling-5.webp,Inferlupa__1005503__ThreeQuarter__Sparkling-05.webp,Images/Inferlupa__1005503__ThreeQuarter__Sparkling-05.webp
Inferlupa,inferlupa,1005503,1005503,,threequarter,sparkling-6,Sparkling-06,inferlupa__1005503__threequarter__sparkling-6.webp,Inferlupa__1005503__ThreeQuarter__Sparkling-06.webp,Images/Inferlupa__1005503__ThreeQuarter__Sparkling-06.webp
Inferlupa,inferlupa,1005503,1005503,,threequarter,sparkling-7,Sparkling-07,inferlupa__1005503__threequarter__sparkling-7.webp,Inferlupa__1005503__ThreeQuarter__Sparkling-07.webp,Images/Inferlupa__1005503__ThreeQuarter__Sparkling-07.webp
Inferlupa,inferlupa,1005503,1005503,,threequarter,sparkling-8,Sparkling-08,inferlupa__1005503__threequarter__sparkling-8.webp,Inferlupa__1005503__ThreeQuarter__Sparkling-08.webp,Images/Inferlupa__1005503__ThreeQuarter__Sparkling-08.webp
Inferlupa,inferlupa,1005503,1005503,,threequarter,sparkling-9,Sparkling-09,inferlupa__1005503__threequarter__sparkling-9.webp,Inferlupa__1005503__ThreeQuarter__Sparkling-09.webp,Images/Inferlupa__1005503__ThreeQuarter__Sparkling-09.webp
Inferlupa,inferlupa,1005503,1005503,,threequarter,sparkling-10,Sparkling-10,inferlupa__1005503__threequarter__sparkling-10.webp,Inferlupa__1005503__ThreeQuarter__Sparkling-10.webp,Images/Inferlupa__1005503__ThreeQuarter__Sparkling-10.webp
Inferlupa,inferlupa,1005503,1005503,,threequarter,sparkling-11,Sparkling-11,inferlupa__1005503__threequarter__sparkling-11.webp,Inferlupa__1005503__ThreeQuarter__Sparkling-11.webp,Images/Inferlupa__1005503__ThreeQuarter__Sparkling-11.webp
Inferlupa,inferlupa,1005503,1005503,,threequarter,sparkling-12,Sparkling-12,inferlupa__1005503__threequarter__sparkling-12.webp,Inferlupa__1005503__ThreeQuarter__Sparkling-12.webp,Images/Inferlupa__1005503__ThreeQuarter__Sparkling-12.webp
Iris,iris,1021100,1021100,,threequarter,normal,Normal,iris__1021100__threequarter__normal.webp,Iris__1021100__ThreeQuarter__Normal.webp,Images/Iris__1021100__ThreeQuarter__Normal.webp
Iris,iris,1021100,1021100,,threequarter,sparkling-1,Sparkling-01,iris__1021100__threequarter__sparkling-1.webp,Iris__1021100__ThreeQuarter__Sparkling-01.webp,Images/Iris__1021100__ThreeQuarter__Sparkling-01.webp
Iris,iris,1021100,1021100,,threequarter,sparkling-2,Sparkling-02,iris__1021100__threequarter__sparkling-2.webp,Iris__1021100__ThreeQuarter__Sparkling-02.webp,Images/Iris__1021100__ThreeQuarter__Sparkling-02.webp
Iris,iris,1021100,1021100,,threequarter,sparkling-3,Sparkling-03,iris__1021100__threequarter__sparkling-3.webp,Iris__1021100__ThreeQuarter__Sparkling-03.webp,Images/Iris__1021100__ThreeQuarter__Sparkling-03.webp
Iris,iris,1021100,1021100,,threequarter,sparkling-4,Sparkling-04,iris__1021100__threequarter__sparkling-4.webp,Iris__1021100__ThreeQuarter__Sparkling-04.webp,Images/Iris__1021100__ThreeQuarter__Sparkling-04.webp
Iris,iris,1021100,1021100,,threequarter,sparkling-5,Sparkling-05,iris__1021100__threequarter__sparkling-5.webp,Iris__1021100__ThreeQuarter__Sparkling-05.webp,Images/Iris__1021100__ThreeQuarter__Sparkling-05.webp
Iris,iris,1021100,1021100,,threequarter,sparkling-6,Sparkling-06,iris__1021100__threequarter__sparkling-6.webp,Iris__1021100__ThreeQuarter__Sparkling-06.webp,Images/Iris__1021100__ThreeQuarter__Sparkling-06.webp
Iris,iris,1021100,1021100,,threequarter,sparkling-7,Sparkling-07,iris__1021100__threequarter__sparkling-7.webp,Iris__1021100__ThreeQuarter__Sparkling-07.webp,Images/Iris__1021100__ThreeQuarter__Sparkling-07.webp
Iris,iris,1021100,1021100,,threequarter,sparkling-8,Sparkling-08,iris__1021100__threequarter__sparkling-8.webp,Iris__1021100__ThreeQuarter__Sparkling-08.webp,Images/Iris__1021100__ThreeQuarter__Sparkling-08.webp
Iris,iris,1021100,1021100,,threequarter,sparkling-9,Sparkling-09,iris__1021100__threequarter__sparkling-9.webp,Iris__1021100__ThreeQuarter__Sparkling-09.webp,Images/Iris__1021100__ThreeQuarter__Sparkling-09.webp
Iris,iris,1021100,1021100,,threequarter,sparkling-10,Sparkling-10,iris__1021100__threequarter__sparkling-10.webp,Iris__1021100__ThreeQuarter__Sparkling-10.webp,Images/Iris__1021100__ThreeQuarter__Sparkling-10.webp
Iris,iris,1021100,1021100,,threequarter,sparkling-11,Sparkling-11,iris__1021100__threequarter__sparkling-11.webp,Iris__1021100__ThreeQuarter__Sparkling-11.webp,Images/Iris__1021100__ThreeQuarter__Sparkling-11.webp
Iris,iris,1021100,1021100,,threequarter,sparkling-12,Sparkling-12,iris__1021100__threequarter__sparkling-12.webp,Iris__1021100__ThreeQuarter__Sparkling-12.webp,Images/Iris__1021100__ThreeQuarter__Sparkling-12.webp
Iris,iris,1021100,1021100,,threequarter,umbral,Umbral,iris__1021100__threequarter__umbral.webp,Iris__1021100__ThreeQuarter__Umbral.webp,Images/Iris__1021100__ThreeQuarter__Umbral.webp
Iris,iris,1021101,1021101,,threequarter,normal,Normal,iris__1021101__threequarter__normal.webp,Iris__1021101__ThreeQuarter__Normal.webp,Images/Iris__1021101__ThreeQuarter__Normal.webp
Iris,iris,1021101,1021101,,threequarter,sparkling-1,Sparkling-01,iris__1021101__threequarter__sparkling-1.webp,Iris__1021101__ThreeQuarter__Sparkling-01.webp,Images/Iris__1021101__ThreeQuarter__Sparkling-01.webp
Iris,iris,1021101,1021101,,threequarter,sparkling-2,Sparkling-02,iris__1021101__threequarter__sparkling-2.webp,Iris__1021101__ThreeQuarter__Sparkling-02.webp,Images/Iris__1021101__ThreeQuarter__Sparkling-02.webp
Iris,iris,1021101,1021101,,threequarter,sparkling-3,Sparkling-03,iris__1021101__threequarter__sparkling-3.webp,Iris__1021101__ThreeQuarter__Sparkling-03.webp,Images/Iris__1021101__ThreeQuarter__Sparkling-03.webp
Iris,iris,1021101,1021101,,threequarter,sparkling-4,Sparkling-04,iris__1021101__threequarter__sparkling-4.webp,Iris__1021101__ThreeQuarter__Sparkling-04.webp,Images/Iris__1021101__ThreeQuarter__Sparkling-04.webp
Iris,iris,1021101,1021101,,threequarter,sparkling-5,Sparkling-05,iris__1021101__threequarter__sparkling-5.webp,Iris__1021101__ThreeQuarter__Sparkling-05.webp,Images/Iris__1021101__ThreeQuarter__Sparkling-05.webp
Iris,iris,1021101,1021101,,threequarter,sparkling-6,Sparkling-06,iris__1021101__threequarter__sparkling-6.webp,Iris__1021101__ThreeQuarter__Sparkling-06.webp,Images/Iris__1021101__ThreeQuarter__Sparkling-06.webp
Iris,iris,1021101,1021101,,threequarter,sparkling-7,Sparkling-07,iris__1021101__threequarter__sparkling-7.webp,Iris__1021101__ThreeQuarter__Sparkling-07.webp,Images/Iris__1021101__ThreeQuarter__Sparkling-07.webp
Iris,iris,1021101,1021101,,threequarter,sparkling-8,Sparkling-08,iris__1021101__threequarter__sparkling-8.webp,Iris__1021101__ThreeQuarter__Sparkling-08.webp,Images/Iris__1021101__ThreeQuarter__Sparkling-08.webp
Iris,iris,1021101,1021101,,threequarter,sparkling-9,Sparkling-09,iris__1021101__threequarter__sparkling-9.webp,Iris__1021101__ThreeQuarter__Sparkling-09.webp,Images/Iris__1021101__ThreeQuarter__Sparkling-09.webp
Iris,iris,1021101,1021101,,threequarter,sparkling-10,Sparkling-10,iris__1021101__threequarter__sparkling-10.webp,Iris__1021101__ThreeQuarter__Sparkling-10.webp,Images/Iris__1021101__ThreeQuarter__Sparkling-10.webp
Iris,iris,1021101,1021101,,threequarter,sparkling-11,Sparkling-11,iris__1021101__threequarter__sparkling-11.webp,Iris__1021101__ThreeQuarter__Sparkling-11.webp,Images/Iris__1021101__ThreeQuarter__Sparkling-11.webp
Iris,iris,1021101,1021101,,threequarter,sparkling-12,Sparkling-12,iris__1021101__threequarter__sparkling-12.webp,Iris__1021101__ThreeQuarter__Sparkling-12.webp,Images/Iris__1021101__ThreeQuarter__Sparkling-12.webp
Iris,iris,1021101,1021101,,threequarter,umbral,Umbral,iris__1021101__threequarter__umbral.webp,Iris__1021101__ThreeQuarter__Umbral.webp,Images/Iris__1021101__ThreeQuarter__Umbral.webp
Iris,iris,1021102,1021102,,threequarter,normal,Normal,iris__1021102__threequarter__normal.webp,Iris__1021102__ThreeQuarter__Normal.webp,Images/Iris__1021102__ThreeQuarter__Normal.webp
Iris,iris,1021102,1021102,,threequarter,sparkling-1,Sparkling-01,iris__1021102__threequarter__sparkling-1.webp,Iris__1021102__ThreeQuarter__Sparkling-01.webp,Images/Iris__1021102__ThreeQuarter__Sparkling-01.webp
Iris,iris,1021102,1021102,,threequarter,sparkling-2,Sparkling-02,iris__1021102__threequarter__sparkling-2.webp,Iris__1021102__ThreeQuarter__Sparkling-02.webp,Images/Iris__1021102__ThreeQuarter__Sparkling-02.webp
Iris,iris,1021102,1021102,,threequarter,sparkling-3,Sparkling-03,iris__1021102__threequarter__sparkling-3.webp,Iris__1021102__ThreeQuarter__Sparkling-03.webp,Images/Iris__1021102__ThreeQuarter__Sparkling-03.webp
Iris,iris,1021102,1021102,,threequarter,sparkling-4,Sparkling-04,iris__1021102__threequarter__sparkling-4.webp,Iris__1021102__ThreeQuarter__Sparkling-04.webp,Images/Iris__1021102__ThreeQuarter__Sparkling-04.webp
Iris,iris,1021102,1021102,,threequarter,sparkling-5,Sparkling-05,iris__1021102__threequarter__sparkling-5.webp,Iris__1021102__ThreeQuarter__Sparkling-05.webp,Images/Iris__1021102__ThreeQuarter__Sparkling-05.webp
Iris,iris,1021102,1021102,,threequarter,sparkling-6,Sparkling-06,iris__1021102__threequarter__sparkling-6.webp,Iris__1021102__ThreeQuarter__Sparkling-06.webp,Images/Iris__1021102__ThreeQuarter__Sparkling-06.webp
Iris,iris,1021102,1021102,,threequarter,sparkling-7,Sparkling-07,iris__1021102__threequarter__sparkling-7.webp,Iris__1021102__ThreeQuarter__Sparkling-07.webp,Images/Iris__1021102__ThreeQuarter__Sparkling-07.webp
Iris,iris,1021102,1021102,,threequarter,sparkling-8,Sparkling-08,iris__1021102__threequarter__sparkling-8.webp,Iris__1021102__ThreeQuarter__Sparkling-08.webp,Images/Iris__1021102__ThreeQuarter__Sparkling-08.webp
Iris,iris,1021102,1021102,,threequarter,sparkling-9,Sparkling-09,iris__1021102__threequarter__sparkling-9.webp,Iris__1021102__ThreeQuarter__Sparkling-09.webp,Images/Iris__1021102__ThreeQuarter__Sparkling-09.webp
Iris,iris,1021102,1021102,,threequarter,sparkling-10,Sparkling-10,iris__1021102__threequarter__sparkling-10.webp,Iris__1021102__ThreeQuarter__Sparkling-10.webp,Images/Iris__1021102__ThreeQuarter__Sparkling-10.webp
Iris,iris,1021102,1021102,,threequarter,sparkling-11,Sparkling-11,iris__1021102__threequarter__sparkling-11.webp,Iris__1021102__ThreeQuarter__Sparkling-11.webp,Images/Iris__1021102__ThreeQuarter__Sparkling-11.webp
Iris,iris,1021102,1021102,,threequarter,sparkling-12,Sparkling-12,iris__1021102__threequarter__sparkling-12.webp,Iris__1021102__ThreeQuarter__Sparkling-12.webp,Images/Iris__1021102__ThreeQuarter__Sparkling-12.webp
Iris,iris,1021102,1021102,,threequarter,umbral,Umbral,iris__1021102__threequarter__umbral.webp,Iris__1021102__ThreeQuarter__Umbral.webp,Images/Iris__1021102__ThreeQuarter__Umbral.webp
Iris,iris,1021103,1021103,,threequarter,normal,Normal,iris__1021103__threequarter__normal.webp,Iris__1021103__ThreeQuarter__Normal.webp,Images/Iris__1021103__ThreeQuarter__Normal.webp
Iris,iris,1021103,1021103,,threequarter,sparkling-1,Sparkling-01,iris__1021103__threequarter__sparkling-1.webp,Iris__1021103__ThreeQuarter__Sparkling-01.webp,Images/Iris__1021103__ThreeQuarter__Sparkling-01.webp
Iris,iris,1021103,1021103,,threequarter,sparkling-2,Sparkling-02,iris__1021103__threequarter__sparkling-2.webp,Iris__1021103__ThreeQuarter__Sparkling-02.webp,Images/Iris__1021103__ThreeQuarter__Sparkling-02.webp
Iris,iris,1021103,1021103,,threequarter,sparkling-3,Sparkling-03,iris__1021103__threequarter__sparkling-3.webp,Iris__1021103__ThreeQuarter__Sparkling-03.webp,Images/Iris__1021103__ThreeQuarter__Sparkling-03.webp
Iris,iris,1021103,1021103,,threequarter,sparkling-4,Sparkling-04,iris__1021103__threequarter__sparkling-4.webp,Iris__1021103__ThreeQuarter__Sparkling-04.webp,Images/Iris__1021103__ThreeQuarter__Sparkling-04.webp
Iris,iris,1021103,1021103,,threequarter,sparkling-5,Sparkling-05,iris__1021103__threequarter__sparkling-5.webp,Iris__1021103__ThreeQuarter__Sparkling-05.webp,Images/Iris__1021103__ThreeQuarter__Sparkling-05.webp
Iris,iris,1021103,1021103,,threequarter,sparkling-6,Sparkling-06,iris__1021103__threequarter__sparkling-6.webp,Iris__1021103__ThreeQuarter__Sparkling-06.webp,Images/Iris__1021103__ThreeQuarter__Sparkling-06.webp
Iris,iris,1021103,1021103,,threequarter,sparkling-7,Sparkling-07,iris__1021103__threequarter__sparkling-7.webp,Iris__1021103__ThreeQuarter__Sparkling-07.webp,Images/Iris__1021103__ThreeQuarter__Sparkling-07.webp
Iris,iris,1021103,1021103,,threequarter,sparkling-8,Sparkling-08,iris__1021103__threequarter__sparkling-8.webp,Iris__1021103__ThreeQuarter__Sparkling-08.webp,Images/Iris__1021103__ThreeQuarter__Sparkling-08.webp
Iris,iris,1021103,1021103,,threequarter,sparkling-9,Sparkling-09,iris__1021103__threequarter__sparkling-9.webp,Iris__1021103__ThreeQuarter__Sparkling-09.webp,Images/Iris__1021103__ThreeQuarter__Sparkling-09.webp
Iris,iris,1021103,1021103,,threequarter,sparkling-10,Sparkling-10,iris__1021103__threequarter__sparkling-10.webp,Iris__1021103__ThreeQuarter__Sparkling-10.webp,Images/Iris__1021103__ThreeQuarter__Sparkling-10.webp
Iris,iris,1021103,1021103,,threequarter,sparkling-11,Sparkling-11,iris__1021103__threequarter__sparkling-11.webp,Iris__1021103__ThreeQuarter__Sparkling-11.webp,Images/Iris__1021103__ThreeQuarter__Sparkling-11.webp
Iris,iris,1021103,1021103,,threequarter,sparkling-12,Sparkling-12,iris__1021103__threequarter__sparkling-12.webp,Iris__1021103__ThreeQuarter__Sparkling-12.webp,Images/Iris__1021103__ThreeQuarter__Sparkling-12.webp
Iris,iris,1021103,1021103,,threequarter,umbral,Umbral,iris__1021103__threequarter__umbral.webp,Iris__1021103__ThreeQuarter__Umbral.webp,Images/Iris__1021103__ThreeQuarter__Umbral.webp
Iris,iris,1021104,1021104,,threequarter,normal,Normal,iris__1021104__threequarter__normal.webp,Iris__1021104__ThreeQuarter__Normal.webp,Images/Iris__1021104__ThreeQuarter__Normal.webp
Iris,iris,1021104,1021104,,threequarter,sparkling-1,Sparkling-01,iris__1021104__threequarter__sparkling-1.webp,Iris__1021104__ThreeQuarter__Sparkling-01.webp,Images/Iris__1021104__ThreeQuarter__Sparkling-01.webp
Iris,iris,1021104,1021104,,threequarter,sparkling-2,Sparkling-02,iris__1021104__threequarter__sparkling-2.webp,Iris__1021104__ThreeQuarter__Sparkling-02.webp,Images/Iris__1021104__ThreeQuarter__Sparkling-02.webp
Iris,iris,1021104,1021104,,threequarter,sparkling-3,Sparkling-03,iris__1021104__threequarter__sparkling-3.webp,Iris__1021104__ThreeQuarter__Sparkling-03.webp,Images/Iris__1021104__ThreeQuarter__Sparkling-03.webp
Iris,iris,1021104,1021104,,threequarter,sparkling-4,Sparkling-04,iris__1021104__threequarter__sparkling-4.webp,Iris__1021104__ThreeQuarter__Sparkling-04.webp,Images/Iris__1021104__ThreeQuarter__Sparkling-04.webp
Iris,iris,1021104,1021104,,threequarter,sparkling-5,Sparkling-05,iris__1021104__threequarter__sparkling-5.webp,Iris__1021104__ThreeQuarter__Sparkling-05.webp,Images/Iris__1021104__ThreeQuarter__Sparkling-05.webp
Iris,iris,1021104,1021104,,threequarter,sparkling-6,Sparkling-06,iris__1021104__threequarter__sparkling-6.webp,Iris__1021104__ThreeQuarter__Sparkling-06.webp,Images/Iris__1021104__ThreeQuarter__Sparkling-06.webp
Iris,iris,1021104,1021104,,threequarter,sparkling-7,Sparkling-07,iris__1021104__threequarter__sparkling-7.webp,Iris__1021104__ThreeQuarter__Sparkling-07.webp,Images/Iris__1021104__ThreeQuarter__Sparkling-07.webp
Iris,iris,1021104,1021104,,threequarter,sparkling-8,Sparkling-08,iris__1021104__threequarter__sparkling-8.webp,Iris__1021104__ThreeQuarter__Sparkling-08.webp,Images/Iris__1021104__ThreeQuarter__Sparkling-08.webp
Iris,iris,1021104,1021104,,threequarter,sparkling-9,Sparkling-09,iris__1021104__threequarter__sparkling-9.webp,Iris__1021104__ThreeQuarter__Sparkling-09.webp,Images/Iris__1021104__ThreeQuarter__Sparkling-09.webp
Iris,iris,1021104,1021104,,threequarter,sparkling-10,Sparkling-10,iris__1021104__threequarter__sparkling-10.webp,Iris__1021104__ThreeQuarter__Sparkling-10.webp,Images/Iris__1021104__ThreeQuarter__Sparkling-10.webp
Iris,iris,1021104,1021104,,threequarter,sparkling-11,Sparkling-11,iris__1021104__threequarter__sparkling-11.webp,Iris__1021104__ThreeQuarter__Sparkling-11.webp,Images/Iris__1021104__ThreeQuarter__Sparkling-11.webp
Iris,iris,1021104,1021104,,threequarter,sparkling-12,Sparkling-12,iris__1021104__threequarter__sparkling-12.webp,Iris__1021104__ThreeQuarter__Sparkling-12.webp,Images/Iris__1021104__ThreeQuarter__Sparkling-12.webp
Iris,iris,1021105,1021105,,threequarter,normal,Normal,iris__1021105__threequarter__normal.webp,Iris__1021105__ThreeQuarter__Normal.webp,Images/Iris__1021105__ThreeQuarter__Normal.webp
Iris,iris,1021105,1021105,,threequarter,sparkling-1,Sparkling-01,iris__1021105__threequarter__sparkling-1.webp,Iris__1021105__ThreeQuarter__Sparkling-01.webp,Images/Iris__1021105__ThreeQuarter__Sparkling-01.webp
Iris,iris,1021105,1021105,,threequarter,sparkling-2,Sparkling-02,iris__1021105__threequarter__sparkling-2.webp,Iris__1021105__ThreeQuarter__Sparkling-02.webp,Images/Iris__1021105__ThreeQuarter__Sparkling-02.webp
Iris,iris,1021105,1021105,,threequarter,sparkling-3,Sparkling-03,iris__1021105__threequarter__sparkling-3.webp,Iris__1021105__ThreeQuarter__Sparkling-03.webp,Images/Iris__1021105__ThreeQuarter__Sparkling-03.webp
Iris,iris,1021105,1021105,,threequarter,sparkling-4,Sparkling-04,iris__1021105__threequarter__sparkling-4.webp,Iris__1021105__ThreeQuarter__Sparkling-04.webp,Images/Iris__1021105__ThreeQuarter__Sparkling-04.webp
Iris,iris,1021105,1021105,,threequarter,sparkling-5,Sparkling-05,iris__1021105__threequarter__sparkling-5.webp,Iris__1021105__ThreeQuarter__Sparkling-05.webp,Images/Iris__1021105__ThreeQuarter__Sparkling-05.webp
Iris,iris,1021105,1021105,,threequarter,sparkling-6,Sparkling-06,iris__1021105__threequarter__sparkling-6.webp,Iris__1021105__ThreeQuarter__Sparkling-06.webp,Images/Iris__1021105__ThreeQuarter__Sparkling-06.webp
Iris,iris,1021105,1021105,,threequarter,sparkling-7,Sparkling-07,iris__1021105__threequarter__sparkling-7.webp,Iris__1021105__ThreeQuarter__Sparkling-07.webp,Images/Iris__1021105__ThreeQuarter__Sparkling-07.webp
Iris,iris,1021105,1021105,,threequarter,sparkling-8,Sparkling-08,iris__1021105__threequarter__sparkling-8.webp,Iris__1021105__ThreeQuarter__Sparkling-08.webp,Images/Iris__1021105__ThreeQuarter__Sparkling-08.webp
Iris,iris,1021105,1021105,,threequarter,sparkling-9,Sparkling-09,iris__1021105__threequarter__sparkling-9.webp,Iris__1021105__ThreeQuarter__Sparkling-09.webp,Images/Iris__1021105__ThreeQuarter__Sparkling-09.webp
Iris,iris,1021105,1021105,,threequarter,sparkling-10,Sparkling-10,iris__1021105__threequarter__sparkling-10.webp,Iris__1021105__ThreeQuarter__Sparkling-10.webp,Images/Iris__1021105__ThreeQuarter__Sparkling-10.webp
Iris,iris,1021105,1021105,,threequarter,sparkling-11,Sparkling-11,iris__1021105__threequarter__sparkling-11.webp,Iris__1021105__ThreeQuarter__Sparkling-11.webp,Images/Iris__1021105__ThreeQuarter__Sparkling-11.webp
Iris,iris,1021105,1021105,,threequarter,sparkling-12,Sparkling-12,iris__1021105__threequarter__sparkling-12.webp,Iris__1021105__ThreeQuarter__Sparkling-12.webp,Images/Iris__1021105__ThreeQuarter__Sparkling-12.webp
Iris,iris,1021105,1021105,,threequarter,umbral,Umbral,iris__1021105__threequarter__umbral.webp,Iris__1021105__ThreeQuarter__Umbral.webp,Images/Iris__1021105__ThreeQuarter__Umbral.webp
Iris,iris,1021106,1021106,,threequarter,normal,Normal,iris__1021106__threequarter__normal.webp,Iris__1021106__ThreeQuarter__Normal.webp,Images/Iris__1021106__ThreeQuarter__Normal.webp
Iris,iris,1021106,1021106,,threequarter,sparkling-1,Sparkling-01,iris__1021106__threequarter__sparkling-1.webp,Iris__1021106__ThreeQuarter__Sparkling-01.webp,Images/Iris__1021106__ThreeQuarter__Sparkling-01.webp
Iris,iris,1021106,1021106,,threequarter,sparkling-2,Sparkling-02,iris__1021106__threequarter__sparkling-2.webp,Iris__1021106__ThreeQuarter__Sparkling-02.webp,Images/Iris__1021106__ThreeQuarter__Sparkling-02.webp
Iris,iris,1021106,1021106,,threequarter,sparkling-3,Sparkling-03,iris__1021106__threequarter__sparkling-3.webp,Iris__1021106__ThreeQuarter__Sparkling-03.webp,Images/Iris__1021106__ThreeQuarter__Sparkling-03.webp
Iris,iris,1021106,1021106,,threequarter,sparkling-4,Sparkling-04,iris__1021106__threequarter__sparkling-4.webp,Iris__1021106__ThreeQuarter__Sparkling-04.webp,Images/Iris__1021106__ThreeQuarter__Sparkling-04.webp
Iris,iris,1021106,1021106,,threequarter,sparkling-5,Sparkling-05,iris__1021106__threequarter__sparkling-5.webp,Iris__1021106__ThreeQuarter__Sparkling-05.webp,Images/Iris__1021106__ThreeQuarter__Sparkling-05.webp
Iris,iris,1021106,1021106,,threequarter,sparkling-6,Sparkling-06,iris__1021106__threequarter__sparkling-6.webp,Iris__1021106__ThreeQuarter__Sparkling-06.webp,Images/Iris__1021106__ThreeQuarter__Sparkling-06.webp
Iris,iris,1021106,1021106,,threequarter,sparkling-7,Sparkling-07,iris__1021106__threequarter__sparkling-7.webp,Iris__1021106__ThreeQuarter__Sparkling-07.webp,Images/Iris__1021106__ThreeQuarter__Sparkling-07.webp
Iris,iris,1021106,1021106,,threequarter,sparkling-8,Sparkling-08,iris__1021106__threequarter__sparkling-8.webp,Iris__1021106__ThreeQuarter__Sparkling-08.webp,Images/Iris__1021106__ThreeQuarter__Sparkling-08.webp
Iris,iris,1021106,1021106,,threequarter,sparkling-9,Sparkling-09,iris__1021106__threequarter__sparkling-9.webp,Iris__1021106__ThreeQuarter__Sparkling-09.webp,Images/Iris__1021106__ThreeQuarter__Sparkling-09.webp
Iris,iris,1021106,1021106,,threequarter,sparkling-10,Sparkling-10,iris__1021106__threequarter__sparkling-10.webp,Iris__1021106__ThreeQuarter__Sparkling-10.webp,Images/Iris__1021106__ThreeQuarter__Sparkling-10.webp
Iris,iris,1021106,1021106,,threequarter,sparkling-11,Sparkling-11,iris__1021106__threequarter__sparkling-11.webp,Iris__1021106__ThreeQuarter__Sparkling-11.webp,Images/Iris__1021106__ThreeQuarter__Sparkling-11.webp
Iris,iris,1021106,1021106,,threequarter,sparkling-12,Sparkling-12,iris__1021106__threequarter__sparkling-12.webp,Iris__1021106__ThreeQuarter__Sparkling-12.webp,Images/Iris__1021106__ThreeQuarter__Sparkling-12.webp
Iris,iris,1021106,1021106,,threequarter,umbral,Umbral,iris__1021106__threequarter__umbral.webp,Iris__1021106__ThreeQuarter__Umbral.webp,Images/Iris__1021106__ThreeQuarter__Umbral.webp
Irisal,irisal,1021200,1021200,,threequarter,normal,Normal,irisal__1021200__threequarter__normal.webp,Irisal__1021200__ThreeQuarter__Normal.webp,Images/Irisal__1021200__ThreeQuarter__Normal.webp
Irisal,irisal,1021200,1021200,,threequarter,sparkling-1,Sparkling-01,irisal__1021200__threequarter__sparkling-1.webp,Irisal__1021200__ThreeQuarter__Sparkling-01.webp,Images/Irisal__1021200__ThreeQuarter__Sparkling-01.webp
Irisal,irisal,1021200,1021200,,threequarter,sparkling-2,Sparkling-02,irisal__1021200__threequarter__sparkling-2.webp,Irisal__1021200__ThreeQuarter__Sparkling-02.webp,Images/Irisal__1021200__ThreeQuarter__Sparkling-02.webp
Irisal,irisal,1021200,1021200,,threequarter,sparkling-3,Sparkling-03,irisal__1021200__threequarter__sparkling-3.webp,Irisal__1021200__ThreeQuarter__Sparkling-03.webp,Images/Irisal__1021200__ThreeQuarter__Sparkling-03.webp
Irisal,irisal,1021200,1021200,,threequarter,sparkling-4,Sparkling-04,irisal__1021200__threequarter__sparkling-4.webp,Irisal__1021200__ThreeQuarter__Sparkling-04.webp,Images/Irisal__1021200__ThreeQuarter__Sparkling-04.webp
Irisal,irisal,1021200,1021200,,threequarter,sparkling-5,Sparkling-05,irisal__1021200__threequarter__sparkling-5.webp,Irisal__1021200__ThreeQuarter__Sparkling-05.webp,Images/Irisal__1021200__ThreeQuarter__Sparkling-05.webp
Irisal,irisal,1021200,1021200,,threequarter,sparkling-6,Sparkling-06,irisal__1021200__threequarter__sparkling-6.webp,Irisal__1021200__ThreeQuarter__Sparkling-06.webp,Images/Irisal__1021200__ThreeQuarter__Sparkling-06.webp
Irisal,irisal,1021200,1021200,,threequarter,sparkling-7,Sparkling-07,irisal__1021200__threequarter__sparkling-7.webp,Irisal__1021200__ThreeQuarter__Sparkling-07.webp,Images/Irisal__1021200__ThreeQuarter__Sparkling-07.webp
Irisal,irisal,1021200,1021200,,threequarter,sparkling-8,Sparkling-08,irisal__1021200__threequarter__sparkling-8.webp,Irisal__1021200__ThreeQuarter__Sparkling-08.webp,Images/Irisal__1021200__ThreeQuarter__Sparkling-08.webp
Irisal,irisal,1021200,1021200,,threequarter,sparkling-9,Sparkling-09,irisal__1021200__threequarter__sparkling-9.webp,Irisal__1021200__ThreeQuarter__Sparkling-09.webp,Images/Irisal__1021200__ThreeQuarter__Sparkling-09.webp
Irisal,irisal,1021200,1021200,,threequarter,sparkling-10,Sparkling-10,irisal__1021200__threequarter__sparkling-10.webp,Irisal__1021200__ThreeQuarter__Sparkling-10.webp,Images/Irisal__1021200__ThreeQuarter__Sparkling-10.webp
Irisal,irisal,1021200,1021200,,threequarter,sparkling-11,Sparkling-11,irisal__1021200__threequarter__sparkling-11.webp,Irisal__1021200__ThreeQuarter__Sparkling-11.webp,Images/Irisal__1021200__ThreeQuarter__Sparkling-11.webp
Irisal,irisal,1021200,1021200,,threequarter,sparkling-12,Sparkling-12,irisal__1021200__threequarter__sparkling-12.webp,Irisal__1021200__ThreeQuarter__Sparkling-12.webp,Images/Irisal__1021200__ThreeQuarter__Sparkling-12.webp
Irisal,irisal,1021200,1021200,,threequarter,umbral,Umbral,irisal__1021200__threequarter__umbral.webp,Irisal__1021200__ThreeQuarter__Umbral.webp,Images/Irisal__1021200__ThreeQuarter__Umbral.webp
Irisal,irisal,1021201,1021201,,threequarter,normal,Normal,irisal__1021201__threequarter__normal.webp,Irisal__1021201__ThreeQuarter__Normal.webp,Images/Irisal__1021201__ThreeQuarter__Normal.webp
Irisal,irisal,1021201,1021201,,threequarter,sparkling-1,Sparkling-01,irisal__1021201__threequarter__sparkling-1.webp,Irisal__1021201__ThreeQuarter__Sparkling-01.webp,Images/Irisal__1021201__ThreeQuarter__Sparkling-01.webp
Irisal,irisal,1021201,1021201,,threequarter,sparkling-2,Sparkling-02,irisal__1021201__threequarter__sparkling-2.webp,Irisal__1021201__ThreeQuarter__Sparkling-02.webp,Images/Irisal__1021201__ThreeQuarter__Sparkling-02.webp
Irisal,irisal,1021201,1021201,,threequarter,sparkling-3,Sparkling-03,irisal__1021201__threequarter__sparkling-3.webp,Irisal__1021201__ThreeQuarter__Sparkling-03.webp,Images/Irisal__1021201__ThreeQuarter__Sparkling-03.webp
Irisal,irisal,1021201,1021201,,threequarter,sparkling-4,Sparkling-04,irisal__1021201__threequarter__sparkling-4.webp,Irisal__1021201__ThreeQuarter__Sparkling-04.webp,Images/Irisal__1021201__ThreeQuarter__Sparkling-04.webp
Irisal,irisal,1021201,1021201,,threequarter,sparkling-5,Sparkling-05,irisal__1021201__threequarter__sparkling-5.webp,Irisal__1021201__ThreeQuarter__Sparkling-05.webp,Images/Irisal__1021201__ThreeQuarter__Sparkling-05.webp
Irisal,irisal,1021201,1021201,,threequarter,sparkling-6,Sparkling-06,irisal__1021201__threequarter__sparkling-6.webp,Irisal__1021201__ThreeQuarter__Sparkling-06.webp,Images/Irisal__1021201__ThreeQuarter__Sparkling-06.webp
Irisal,irisal,1021201,1021201,,threequarter,sparkling-7,Sparkling-07,irisal__1021201__threequarter__sparkling-7.webp,Irisal__1021201__ThreeQuarter__Sparkling-07.webp,Images/Irisal__1021201__ThreeQuarter__Sparkling-07.webp
Irisal,irisal,1021201,1021201,,threequarter,sparkling-8,Sparkling-08,irisal__1021201__threequarter__sparkling-8.webp,Irisal__1021201__ThreeQuarter__Sparkling-08.webp,Images/Irisal__1021201__ThreeQuarter__Sparkling-08.webp
Irisal,irisal,1021201,1021201,,threequarter,sparkling-9,Sparkling-09,irisal__1021201__threequarter__sparkling-9.webp,Irisal__1021201__ThreeQuarter__Sparkling-09.webp,Images/Irisal__1021201__ThreeQuarter__Sparkling-09.webp
Irisal,irisal,1021201,1021201,,threequarter,sparkling-10,Sparkling-10,irisal__1021201__threequarter__sparkling-10.webp,Irisal__1021201__ThreeQuarter__Sparkling-10.webp,Images/Irisal__1021201__ThreeQuarter__Sparkling-10.webp
Irisal,irisal,1021201,1021201,,threequarter,sparkling-11,Sparkling-11,irisal__1021201__threequarter__sparkling-11.webp,Irisal__1021201__ThreeQuarter__Sparkling-11.webp,Images/Irisal__1021201__ThreeQuarter__Sparkling-11.webp
Irisal,irisal,1021201,1021201,,threequarter,sparkling-12,Sparkling-12,irisal__1021201__threequarter__sparkling-12.webp,Irisal__1021201__ThreeQuarter__Sparkling-12.webp,Images/Irisal__1021201__ThreeQuarter__Sparkling-12.webp
Irisal,irisal,1021201,1021201,,threequarter,umbral,Umbral,irisal__1021201__threequarter__umbral.webp,Irisal__1021201__ThreeQuarter__Umbral.webp,Images/Irisal__1021201__ThreeQuarter__Umbral.webp
Irisal,irisal,1021202,1021202,,threequarter,normal,Normal,irisal__1021202__threequarter__normal.webp,Irisal__1021202__ThreeQuarter__Normal.webp,Images/Irisal__1021202__ThreeQuarter__Normal.webp
Irisal,irisal,1021202,1021202,,threequarter,sparkling-1,Sparkling-01,irisal__1021202__threequarter__sparkling-1.webp,Irisal__1021202__ThreeQuarter__Sparkling-01.webp,Images/Irisal__1021202__ThreeQuarter__Sparkling-01.webp
Irisal,irisal,1021202,1021202,,threequarter,sparkling-2,Sparkling-02,irisal__1021202__threequarter__sparkling-2.webp,Irisal__1021202__ThreeQuarter__Sparkling-02.webp,Images/Irisal__1021202__ThreeQuarter__Sparkling-02.webp
Irisal,irisal,1021202,1021202,,threequarter,sparkling-3,Sparkling-03,irisal__1021202__threequarter__sparkling-3.webp,Irisal__1021202__ThreeQuarter__Sparkling-03.webp,Images/Irisal__1021202__ThreeQuarter__Sparkling-03.webp
Irisal,irisal,1021202,1021202,,threequarter,sparkling-4,Sparkling-04,irisal__1021202__threequarter__sparkling-4.webp,Irisal__1021202__ThreeQuarter__Sparkling-04.webp,Images/Irisal__1021202__ThreeQuarter__Sparkling-04.webp
Irisal,irisal,1021202,1021202,,threequarter,sparkling-5,Sparkling-05,irisal__1021202__threequarter__sparkling-5.webp,Irisal__1021202__ThreeQuarter__Sparkling-05.webp,Images/Irisal__1021202__ThreeQuarter__Sparkling-05.webp
Irisal,irisal,1021202,1021202,,threequarter,sparkling-6,Sparkling-06,irisal__1021202__threequarter__sparkling-6.webp,Irisal__1021202__ThreeQuarter__Sparkling-06.webp,Images/Irisal__1021202__ThreeQuarter__Sparkling-06.webp
Irisal,irisal,1021202,1021202,,threequarter,sparkling-7,Sparkling-07,irisal__1021202__threequarter__sparkling-7.webp,Irisal__1021202__ThreeQuarter__Sparkling-07.webp,Images/Irisal__1021202__ThreeQuarter__Sparkling-07.webp
Irisal,irisal,1021202,1021202,,threequarter,sparkling-8,Sparkling-08,irisal__1021202__threequarter__sparkling-8.webp,Irisal__1021202__ThreeQuarter__Sparkling-08.webp,Images/Irisal__1021202__ThreeQuarter__Sparkling-08.webp
Irisal,irisal,1021202,1021202,,threequarter,sparkling-9,Sparkling-09,irisal__1021202__threequarter__sparkling-9.webp,Irisal__1021202__ThreeQuarter__Sparkling-09.webp,Images/Irisal__1021202__ThreeQuarter__Sparkling-09.webp
Irisal,irisal,1021202,1021202,,threequarter,sparkling-10,Sparkling-10,irisal__1021202__threequarter__sparkling-10.webp,Irisal__1021202__ThreeQuarter__Sparkling-10.webp,Images/Irisal__1021202__ThreeQuarter__Sparkling-10.webp
Irisal,irisal,1021202,1021202,,threequarter,sparkling-11,Sparkling-11,irisal__1021202__threequarter__sparkling-11.webp,Irisal__1021202__ThreeQuarter__Sparkling-11.webp,Images/Irisal__1021202__ThreeQuarter__Sparkling-11.webp
Irisal,irisal,1021202,1021202,,threequarter,sparkling-12,Sparkling-12,irisal__1021202__threequarter__sparkling-12.webp,Irisal__1021202__ThreeQuarter__Sparkling-12.webp,Images/Irisal__1021202__ThreeQuarter__Sparkling-12.webp
Irisal,irisal,1021202,1021202,,threequarter,umbral,Umbral,irisal__1021202__threequarter__umbral.webp,Irisal__1021202__ThreeQuarter__Umbral.webp,Images/Irisal__1021202__ThreeQuarter__Umbral.webp
Irisal,irisal,1021203,1021203,,threequarter,normal,Normal,irisal__1021203__threequarter__normal.webp,Irisal__1021203__ThreeQuarter__Normal.webp,Images/Irisal__1021203__ThreeQuarter__Normal.webp
Irisal,irisal,1021203,1021203,,threequarter,sparkling-1,Sparkling-01,irisal__1021203__threequarter__sparkling-1.webp,Irisal__1021203__ThreeQuarter__Sparkling-01.webp,Images/Irisal__1021203__ThreeQuarter__Sparkling-01.webp
Irisal,irisal,1021203,1021203,,threequarter,sparkling-2,Sparkling-02,irisal__1021203__threequarter__sparkling-2.webp,Irisal__1021203__ThreeQuarter__Sparkling-02.webp,Images/Irisal__1021203__ThreeQuarter__Sparkling-02.webp
Irisal,irisal,1021203,1021203,,threequarter,sparkling-3,Sparkling-03,irisal__1021203__threequarter__sparkling-3.webp,Irisal__1021203__ThreeQuarter__Sparkling-03.webp,Images/Irisal__1021203__ThreeQuarter__Sparkling-03.webp
Irisal,irisal,1021203,1021203,,threequarter,sparkling-4,Sparkling-04,irisal__1021203__threequarter__sparkling-4.webp,Irisal__1021203__ThreeQuarter__Sparkling-04.webp,Images/Irisal__1021203__ThreeQuarter__Sparkling-04.webp
Irisal,irisal,1021203,1021203,,threequarter,sparkling-5,Sparkling-05,irisal__1021203__threequarter__sparkling-5.webp,Irisal__1021203__ThreeQuarter__Sparkling-05.webp,Images/Irisal__1021203__ThreeQuarter__Sparkling-05.webp
Irisal,irisal,1021203,1021203,,threequarter,sparkling-6,Sparkling-06,irisal__1021203__threequarter__sparkling-6.webp,Irisal__1021203__ThreeQuarter__Sparkling-06.webp,Images/Irisal__1021203__ThreeQuarter__Sparkling-06.webp
Irisal,irisal,1021203,1021203,,threequarter,sparkling-7,Sparkling-07,irisal__1021203__threequarter__sparkling-7.webp,Irisal__1021203__ThreeQuarter__Sparkling-07.webp,Images/Irisal__1021203__ThreeQuarter__Sparkling-07.webp
Irisal,irisal,1021203,1021203,,threequarter,sparkling-8,Sparkling-08,irisal__1021203__threequarter__sparkling-8.webp,Irisal__1021203__ThreeQuarter__Sparkling-08.webp,Images/Irisal__1021203__ThreeQuarter__Sparkling-08.webp
Irisal,irisal,1021203,1021203,,threequarter,sparkling-9,Sparkling-09,irisal__1021203__threequarter__sparkling-9.webp,Irisal__1021203__ThreeQuarter__Sparkling-09.webp,Images/Irisal__1021203__ThreeQuarter__Sparkling-09.webp
Irisal,irisal,1021203,1021203,,threequarter,sparkling-10,Sparkling-10,irisal__1021203__threequarter__sparkling-10.webp,Irisal__1021203__ThreeQuarter__Sparkling-10.webp,Images/Irisal__1021203__ThreeQuarter__Sparkling-10.webp
Irisal,irisal,1021203,1021203,,threequarter,sparkling-11,Sparkling-11,irisal__1021203__threequarter__sparkling-11.webp,Irisal__1021203__ThreeQuarter__Sparkling-11.webp,Images/Irisal__1021203__ThreeQuarter__Sparkling-11.webp
Irisal,irisal,1021203,1021203,,threequarter,sparkling-12,Sparkling-12,irisal__1021203__threequarter__sparkling-12.webp,Irisal__1021203__ThreeQuarter__Sparkling-12.webp,Images/Irisal__1021203__ThreeQuarter__Sparkling-12.webp
Irisal,irisal,1021203,1021203,,threequarter,umbral,Umbral,irisal__1021203__threequarter__umbral.webp,Irisal__1021203__ThreeQuarter__Umbral.webp,Images/Irisal__1021203__ThreeQuarter__Umbral.webp
Irisal,irisal,1021204,1021204,,threequarter,normal,Normal,irisal__1021204__threequarter__normal.webp,Irisal__1021204__ThreeQuarter__Normal.webp,Images/Irisal__1021204__ThreeQuarter__Normal.webp
Irisal,irisal,1021204,1021204,,threequarter,sparkling-1,Sparkling-01,irisal__1021204__threequarter__sparkling-1.webp,Irisal__1021204__ThreeQuarter__Sparkling-01.webp,Images/Irisal__1021204__ThreeQuarter__Sparkling-01.webp
Irisal,irisal,1021204,1021204,,threequarter,sparkling-2,Sparkling-02,irisal__1021204__threequarter__sparkling-2.webp,Irisal__1021204__ThreeQuarter__Sparkling-02.webp,Images/Irisal__1021204__ThreeQuarter__Sparkling-02.webp
Irisal,irisal,1021204,1021204,,threequarter,sparkling-3,Sparkling-03,irisal__1021204__threequarter__sparkling-3.webp,Irisal__1021204__ThreeQuarter__Sparkling-03.webp,Images/Irisal__1021204__ThreeQuarter__Sparkling-03.webp
Irisal,irisal,1021204,1021204,,threequarter,sparkling-4,Sparkling-04,irisal__1021204__threequarter__sparkling-4.webp,Irisal__1021204__ThreeQuarter__Sparkling-04.webp,Images/Irisal__1021204__ThreeQuarter__Sparkling-04.webp
Irisal,irisal,1021204,1021204,,threequarter,sparkling-5,Sparkling-05,irisal__1021204__threequarter__sparkling-5.webp,Irisal__1021204__ThreeQuarter__Sparkling-05.webp,Images/Irisal__1021204__ThreeQuarter__Sparkling-05.webp
Irisal,irisal,1021204,1021204,,threequarter,sparkling-6,Sparkling-06,irisal__1021204__threequarter__sparkling-6.webp,Irisal__1021204__ThreeQuarter__Sparkling-06.webp,Images/Irisal__1021204__ThreeQuarter__Sparkling-06.webp
Irisal,irisal,1021204,1021204,,threequarter,sparkling-7,Sparkling-07,irisal__1021204__threequarter__sparkling-7.webp,Irisal__1021204__ThreeQuarter__Sparkling-07.webp,Images/Irisal__1021204__ThreeQuarter__Sparkling-07.webp
Irisal,irisal,1021204,1021204,,threequarter,sparkling-8,Sparkling-08,irisal__1021204__threequarter__sparkling-8.webp,Irisal__1021204__ThreeQuarter__Sparkling-08.webp,Images/Irisal__1021204__ThreeQuarter__Sparkling-08.webp
Irisal,irisal,1021204,1021204,,threequarter,sparkling-9,Sparkling-09,irisal__1021204__threequarter__sparkling-9.webp,Irisal__1021204__ThreeQuarter__Sparkling-09.webp,Images/Irisal__1021204__ThreeQuarter__Sparkling-09.webp
Irisal,irisal,1021204,1021204,,threequarter,sparkling-10,Sparkling-10,irisal__1021204__threequarter__sparkling-10.webp,Irisal__1021204__ThreeQuarter__Sparkling-10.webp,Images/Irisal__1021204__ThreeQuarter__Sparkling-10.webp
Irisal,irisal,1021204,1021204,,threequarter,sparkling-11,Sparkling-11,irisal__1021204__threequarter__sparkling-11.webp,Irisal__1021204__ThreeQuarter__Sparkling-11.webp,Images/Irisal__1021204__ThreeQuarter__Sparkling-11.webp
Irisal,irisal,1021204,1021204,,threequarter,sparkling-12,Sparkling-12,irisal__1021204__threequarter__sparkling-12.webp,Irisal__1021204__ThreeQuarter__Sparkling-12.webp,Images/Irisal__1021204__ThreeQuarter__Sparkling-12.webp
Irisal,irisal,1021205,1021205,,threequarter,normal,Normal,irisal__1021205__threequarter__normal.webp,Irisal__1021205__ThreeQuarter__Normal.webp,Images/Irisal__1021205__ThreeQuarter__Normal.webp
Irisal,irisal,1021205,1021205,,threequarter,sparkling-1,Sparkling-01,irisal__1021205__threequarter__sparkling-1.webp,Irisal__1021205__ThreeQuarter__Sparkling-01.webp,Images/Irisal__1021205__ThreeQuarter__Sparkling-01.webp
Irisal,irisal,1021205,1021205,,threequarter,sparkling-2,Sparkling-02,irisal__1021205__threequarter__sparkling-2.webp,Irisal__1021205__ThreeQuarter__Sparkling-02.webp,Images/Irisal__1021205__ThreeQuarter__Sparkling-02.webp
Irisal,irisal,1021205,1021205,,threequarter,sparkling-3,Sparkling-03,irisal__1021205__threequarter__sparkling-3.webp,Irisal__1021205__ThreeQuarter__Sparkling-03.webp,Images/Irisal__1021205__ThreeQuarter__Sparkling-03.webp
Irisal,irisal,1021205,1021205,,threequarter,sparkling-4,Sparkling-04,irisal__1021205__threequarter__sparkling-4.webp,Irisal__1021205__ThreeQuarter__Sparkling-04.webp,Images/Irisal__1021205__ThreeQuarter__Sparkling-04.webp
Irisal,irisal,1021205,1021205,,threequarter,sparkling-5,Sparkling-05,irisal__1021205__threequarter__sparkling-5.webp,Irisal__1021205__ThreeQuarter__Sparkling-05.webp,Images/Irisal__1021205__ThreeQuarter__Sparkling-05.webp
Irisal,irisal,1021205,1021205,,threequarter,sparkling-6,Sparkling-06,irisal__1021205__threequarter__sparkling-6.webp,Irisal__1021205__ThreeQuarter__Sparkling-06.webp,Images/Irisal__1021205__ThreeQuarter__Sparkling-06.webp
Irisal,irisal,1021205,1021205,,threequarter,sparkling-7,Sparkling-07,irisal__1021205__threequarter__sparkling-7.webp,Irisal__1021205__ThreeQuarter__Sparkling-07.webp,Images/Irisal__1021205__ThreeQuarter__Sparkling-07.webp
Irisal,irisal,1021205,1021205,,threequarter,sparkling-8,Sparkling-08,irisal__1021205__threequarter__sparkling-8.webp,Irisal__1021205__ThreeQuarter__Sparkling-08.webp,Images/Irisal__1021205__ThreeQuarter__Sparkling-08.webp
Irisal,irisal,1021205,1021205,,threequarter,sparkling-9,Sparkling-09,irisal__1021205__threequarter__sparkling-9.webp,Irisal__1021205__ThreeQuarter__Sparkling-09.webp,Images/Irisal__1021205__ThreeQuarter__Sparkling-09.webp
Irisal,irisal,1021205,1021205,,threequarter,sparkling-10,Sparkling-10,irisal__1021205__threequarter__sparkling-10.webp,Irisal__1021205__ThreeQuarter__Sparkling-10.webp,Images/Irisal__1021205__ThreeQuarter__Sparkling-10.webp
Irisal,irisal,1021205,1021205,,threequarter,sparkling-11,Sparkling-11,irisal__1021205__threequarter__sparkling-11.webp,Irisal__1021205__ThreeQuarter__Sparkling-11.webp,Images/Irisal__1021205__ThreeQuarter__Sparkling-11.webp
Irisal,irisal,1021205,1021205,,threequarter,sparkling-12,Sparkling-12,irisal__1021205__threequarter__sparkling-12.webp,Irisal__1021205__ThreeQuarter__Sparkling-12.webp,Images/Irisal__1021205__ThreeQuarter__Sparkling-12.webp
Irisal,irisal,1021205,1021205,,threequarter,umbral,Umbral,irisal__1021205__threequarter__umbral.webp,Irisal__1021205__ThreeQuarter__Umbral.webp,Images/Irisal__1021205__ThreeQuarter__Umbral.webp
Irisal,irisal,1021206,1021206,,threequarter,normal,Normal,irisal__1021206__threequarter__normal.webp,Irisal__1021206__ThreeQuarter__Normal.webp,Images/Irisal__1021206__ThreeQuarter__Normal.webp
Irisal,irisal,1021206,1021206,,threequarter,sparkling-1,Sparkling-01,irisal__1021206__threequarter__sparkling-1.webp,Irisal__1021206__ThreeQuarter__Sparkling-01.webp,Images/Irisal__1021206__ThreeQuarter__Sparkling-01.webp
Irisal,irisal,1021206,1021206,,threequarter,sparkling-2,Sparkling-02,irisal__1021206__threequarter__sparkling-2.webp,Irisal__1021206__ThreeQuarter__Sparkling-02.webp,Images/Irisal__1021206__ThreeQuarter__Sparkling-02.webp
Irisal,irisal,1021206,1021206,,threequarter,sparkling-3,Sparkling-03,irisal__1021206__threequarter__sparkling-3.webp,Irisal__1021206__ThreeQuarter__Sparkling-03.webp,Images/Irisal__1021206__ThreeQuarter__Sparkling-03.webp
Irisal,irisal,1021206,1021206,,threequarter,sparkling-4,Sparkling-04,irisal__1021206__threequarter__sparkling-4.webp,Irisal__1021206__ThreeQuarter__Sparkling-04.webp,Images/Irisal__1021206__ThreeQuarter__Sparkling-04.webp
Irisal,irisal,1021206,1021206,,threequarter,sparkling-5,Sparkling-05,irisal__1021206__threequarter__sparkling-5.webp,Irisal__1021206__ThreeQuarter__Sparkling-05.webp,Images/Irisal__1021206__ThreeQuarter__Sparkling-05.webp
Irisal,irisal,1021206,1021206,,threequarter,sparkling-6,Sparkling-06,irisal__1021206__threequarter__sparkling-6.webp,Irisal__1021206__ThreeQuarter__Sparkling-06.webp,Images/Irisal__1021206__ThreeQuarter__Sparkling-06.webp
Irisal,irisal,1021206,1021206,,threequarter,sparkling-7,Sparkling-07,irisal__1021206__threequarter__sparkling-7.webp,Irisal__1021206__ThreeQuarter__Sparkling-07.webp,Images/Irisal__1021206__ThreeQuarter__Sparkling-07.webp
Irisal,irisal,1021206,1021206,,threequarter,sparkling-8,Sparkling-08,irisal__1021206__threequarter__sparkling-8.webp,Irisal__1021206__ThreeQuarter__Sparkling-08.webp,Images/Irisal__1021206__ThreeQuarter__Sparkling-08.webp
Irisal,irisal,1021206,1021206,,threequarter,sparkling-9,Sparkling-09,irisal__1021206__threequarter__sparkling-9.webp,Irisal__1021206__ThreeQuarter__Sparkling-09.webp,Images/Irisal__1021206__ThreeQuarter__Sparkling-09.webp
Irisal,irisal,1021206,1021206,,threequarter,sparkling-10,Sparkling-10,irisal__1021206__threequarter__sparkling-10.webp,Irisal__1021206__ThreeQuarter__Sparkling-10.webp,Images/Irisal__1021206__ThreeQuarter__Sparkling-10.webp
Irisal,irisal,1021206,1021206,,threequarter,sparkling-11,Sparkling-11,irisal__1021206__threequarter__sparkling-11.webp,Irisal__1021206__ThreeQuarter__Sparkling-11.webp,Images/Irisal__1021206__ThreeQuarter__Sparkling-11.webp
Irisal,irisal,1021206,1021206,,threequarter,sparkling-12,Sparkling-12,irisal__1021206__threequarter__sparkling-12.webp,Irisal__1021206__ThreeQuarter__Sparkling-12.webp,Images/Irisal__1021206__ThreeQuarter__Sparkling-12.webp
Irisal,irisal,1021206,1021206,,threequarter,umbral,Umbral,irisal__1021206__threequarter__umbral.webp,Irisal__1021206__ThreeQuarter__Umbral.webp,Images/Irisal__1021206__ThreeQuarter__Umbral.webp
Irisalis,irisalis,1021300,1021300,,threequarter,normal,Normal,irisalis__1021300__threequarter__normal.webp,Irisalis__1021300__ThreeQuarter__Normal.webp,Images/Irisalis__1021300__ThreeQuarter__Normal.webp
Irisalis,irisalis,1021300,1021300,,threequarter,tint-a01,Tint-A01,irisalis__1021300__threequarter__tint-a01.webp,Irisalis__1021300__ThreeQuarter__Tint-A01.webp,Images/Irisalis__1021300__ThreeQuarter__Tint-A01.webp
Irisalis,irisalis,1021300,1021300,,threequarter,tint-a02,Tint-A02,irisalis__1021300__threequarter__tint-a02.webp,Irisalis__1021300__ThreeQuarter__Tint-A02.webp,Images/Irisalis__1021300__ThreeQuarter__Tint-A02.webp
Irisalis,irisalis,1021300,1021300,,threequarter,tint-a03,Tint-A03,irisalis__1021300__threequarter__tint-a03.webp,Irisalis__1021300__ThreeQuarter__Tint-A03.webp,Images/Irisalis__1021300__ThreeQuarter__Tint-A03.webp
Irisalis,irisalis,1021300,1021300,,threequarter,tint-a04,Tint-A04,irisalis__1021300__threequarter__tint-a04.webp,Irisalis__1021300__ThreeQuarter__Tint-A04.webp,Images/Irisalis__1021300__ThreeQuarter__Tint-A04.webp
Irisalis,irisalis,1021300,1021300,,threequarter,tint-a05,Tint-A05,irisalis__1021300__threequarter__tint-a05.webp,Irisalis__1021300__ThreeQuarter__Tint-A05.webp,Images/Irisalis__1021300__ThreeQuarter__Tint-A05.webp
Irisalis,irisalis,1021300,1021300,,threequarter,tint-a06,Tint-A06,irisalis__1021300__threequarter__tint-a06.webp,Irisalis__1021300__ThreeQuarter__Tint-A06.webp,Images/Irisalis__1021300__ThreeQuarter__Tint-A06.webp
Irisalis,irisalis,1021300,1021300,,threequarter,tint-b02,Tint-B02,irisalis__1021300__threequarter__tint-b02.webp,Irisalis__1021300__ThreeQuarter__Tint-B02.webp,Images/Irisalis__1021300__ThreeQuarter__Tint-B02.webp
Irisalis,irisalis,1021300,1021300,,threequarter,tint-b03,Tint-B03,irisalis__1021300__threequarter__tint-b03.webp,Irisalis__1021300__ThreeQuarter__Tint-B03.webp,Images/Irisalis__1021300__ThreeQuarter__Tint-B03.webp
Irisalis,irisalis,1021300,1021300,,threequarter,tint-b04,Tint-B04,irisalis__1021300__threequarter__tint-b04.webp,Irisalis__1021300__ThreeQuarter__Tint-B04.webp,Images/Irisalis__1021300__ThreeQuarter__Tint-B04.webp
Irisalis,irisalis,1021300,1021300,,threequarter,tint-b05,Tint-B05,irisalis__1021300__threequarter__tint-b05.webp,Irisalis__1021300__ThreeQuarter__Tint-B05.webp,Images/Irisalis__1021300__ThreeQuarter__Tint-B05.webp
Irisalis,irisalis,1021300,1021300,,threequarter,tint-c01,Tint-C01,irisalis__1021300__threequarter__tint-c01.webp,Irisalis__1021300__ThreeQuarter__Tint-C01.webp,Images/Irisalis__1021300__ThreeQuarter__Tint-C01.webp
Irisalis,irisalis,1021300,1021300,,threequarter,tint-c02,Tint-C02,irisalis__1021300__threequarter__tint-c02.webp,Irisalis__1021300__ThreeQuarter__Tint-C02.webp,Images/Irisalis__1021300__ThreeQuarter__Tint-C02.webp
Irisalis,irisalis,1021300,1021300,,threequarter,tint-c03,Tint-C03,irisalis__1021300__threequarter__tint-c03.webp,Irisalis__1021300__ThreeQuarter__Tint-C03.webp,Images/Irisalis__1021300__ThreeQuarter__Tint-C03.webp
Irisalis,irisalis,1021300,1021300,,threequarter,tint-c04,Tint-C04,irisalis__1021300__threequarter__tint-c04.webp,Irisalis__1021300__ThreeQuarter__Tint-C04.webp,Images/Irisalis__1021300__ThreeQuarter__Tint-C04.webp
Irisalis,irisalis,1021300,1021300,,threequarter,tint-c05,Tint-C05,irisalis__1021300__threequarter__tint-c05.webp,Irisalis__1021300__ThreeQuarter__Tint-C05.webp,Images/Irisalis__1021300__ThreeQuarter__Tint-C05.webp
Irisalis,irisalis,1021300-first-bloom,1021300,first-bloom,threequarter,normal,Normal,irisalis__1021300-first-bloom__threequarter__normal.webp,Irisalis__1021300-first-bloom__ThreeQuarter__Normal.webp,Images/Irisalis__1021300-first-bloom__ThreeQuarter__Normal.webp
Irisalis,irisalis,1021300-first-bloom,1021300,first-bloom,threequarter,tint-a02,Tint-A02,irisalis__1021300-first-bloom__threequarter__tint-a02.webp,Irisalis__1021300-first-bloom__ThreeQuarter__Tint-A02.webp,Images/Irisalis__1021300-first-bloom__ThreeQuarter__Tint-A02.webp
Irisalis,irisalis,1021300-first-bloom,1021300,first-bloom,threequarter,tint-a03,Tint-A03,irisalis__1021300-first-bloom__threequarter__tint-a03.webp,Irisalis__1021300-first-bloom__ThreeQuarter__Tint-A03.webp,Images/Irisalis__1021300-first-bloom__ThreeQuarter__Tint-A03.webp
Irisalis,irisalis,1021300-first-bloom,1021300,first-bloom,threequarter,tint-a04,Tint-A04,irisalis__1021300-first-bloom__threequarter__tint-a04.webp,Irisalis__1021300-first-bloom__ThreeQuarter__Tint-A04.webp,Images/Irisalis__1021300-first-bloom__ThreeQuarter__Tint-A04.webp
Irisalis,irisalis,1021300-first-bloom,1021300,first-bloom,threequarter,tint-a05,Tint-A05,irisalis__1021300-first-bloom__threequarter__tint-a05.webp,Irisalis__1021300-first-bloom__ThreeQuarter__Tint-A05.webp,Images/Irisalis__1021300-first-bloom__ThreeQuarter__Tint-A05.webp
Irisalis,irisalis,1021300-first-bloom,1021300,first-bloom,threequarter,tint-a06,Tint-A06,irisalis__1021300-first-bloom__threequarter__tint-a06.webp,Irisalis__1021300-first-bloom__ThreeQuarter__Tint-A06.webp,Images/Irisalis__1021300-first-bloom__ThreeQuarter__Tint-A06.webp
Irisalis,irisalis,1021300-first-bloom,1021300,first-bloom,threequarter,tint-b01,Tint-B01,irisalis__1021300-first-bloom__threequarter__tint-b01.webp,Irisalis__1021300-first-bloom__ThreeQuarter__Tint-B01.webp,Images/Irisalis__1021300-first-bloom__ThreeQuarter__Tint-B01.webp
Irisalis,irisalis,1021300-first-bloom,1021300,first-bloom,threequarter,tint-b02,Tint-B02,irisalis__1021300-first-bloom__threequarter__tint-b02.webp,Irisalis__1021300-first-bloom__ThreeQuarter__Tint-B02.webp,Images/Irisalis__1021300-first-bloom__ThreeQuarter__Tint-B02.webp
Irisalis,irisalis,1021300-first-bloom,1021300,first-bloom,threequarter,tint-b03,Tint-B03,irisalis__1021300-first-bloom__threequarter__tint-b03.webp,Irisalis__1021300-first-bloom__ThreeQuarter__Tint-B03.webp,Images/Irisalis__1021300-first-bloom__ThreeQuarter__Tint-B03.webp
Irisalis,irisalis,1021300-first-bloom,1021300,first-bloom,threequarter,tint-b04,Tint-B04,irisalis__1021300-first-bloom__threequarter__tint-b04.webp,Irisalis__1021300-first-bloom__ThreeQuarter__Tint-B04.webp,Images/Irisalis__1021300-first-bloom__ThreeQuarter__Tint-B04.webp
Irisalis,irisalis,1021300-first-bloom,1021300,first-bloom,threequarter,tint-b05,Tint-B05,irisalis__1021300-first-bloom__threequarter__tint-b05.webp,Irisalis__1021300-first-bloom__ThreeQuarter__Tint-B05.webp,Images/Irisalis__1021300-first-bloom__ThreeQuarter__Tint-B05.webp
Irisalis,irisalis,1021300-first-bloom,1021300,first-bloom,threequarter,tint-c01,Tint-C01,irisalis__1021300-first-bloom__threequarter__tint-c01.webp,Irisalis__1021300-first-bloom__ThreeQuarter__Tint-C01.webp,Images/Irisalis__1021300-first-bloom__ThreeQuarter__Tint-C01.webp
Irisalis,irisalis,1021300-first-bloom,1021300,first-bloom,threequarter,tint-c02,Tint-C02,irisalis__1021300-first-bloom__threequarter__tint-c02.webp,Irisalis__1021300-first-bloom__ThreeQuarter__Tint-C02.webp,Images/Irisalis__1021300-first-bloom__ThreeQuarter__Tint-C02.webp
Irisalis,irisalis,1021300-first-bloom,1021300,first-bloom,threequarter,tint-c03,Tint-C03,irisalis__1021300-first-bloom__threequarter__tint-c03.webp,Irisalis__1021300-first-bloom__ThreeQuarter__Tint-C03.webp,Images/Irisalis__1021300-first-bloom__ThreeQuarter__Tint-C03.webp
Irisalis,irisalis,1021300-first-bloom,1021300,first-bloom,threequarter,tint-c04,Tint-C04,irisalis__1021300-first-bloom__threequarter__tint-c04.webp,Irisalis__1021300-first-bloom__ThreeQuarter__Tint-C04.webp,Images/Irisalis__1021300-first-bloom__ThreeQuarter__Tint-C04.webp
Irisalis,irisalis,1021300-first-bloom,1021300,first-bloom,threequarter,tint-c05,Tint-C05,irisalis__1021300-first-bloom__threequarter__tint-c05.webp,Irisalis__1021300-first-bloom__ThreeQuarter__Tint-C05.webp,Images/Irisalis__1021300-first-bloom__ThreeQuarter__Tint-C05.webp
Irisalis,irisalis,1021300-shadowthorn-phantom,1021300,shadowthorn-phantom,threequarter,normal,Normal,irisalis__1021300-shadowthorn-phantom__threequarter__normal.webp,Irisalis__1021300-shadowthorn-phantom__ThreeQuarter__Normal.webp,Images/Irisalis__1021300-shadowthorn-phantom__ThreeQuarter__Normal.webp
Irisalis,irisalis,1021300-shadowthorn-phantom,1021300,shadowthorn-phantom,threequarter,tint-a01,Tint-A01,irisalis__1021300-shadowthorn-phantom__threequarter__tint-a01.webp,Irisalis__1021300-shadowthorn-phantom__ThreeQuarter__Tint-A01.webp,Images/Irisalis__1021300-shadowthorn-phantom__ThreeQuarter__Tint-A01.webp
Irisalis,irisalis,1021300-shadowthorn-phantom,1021300,shadowthorn-phantom,threequarter,tint-a02,Tint-A02,irisalis__1021300-shadowthorn-phantom__threequarter__tint-a02.webp,Irisalis__1021300-shadowthorn-phantom__ThreeQuarter__Tint-A02.webp,Images/Irisalis__1021300-shadowthorn-phantom__ThreeQuarter__Tint-A02.webp
Irisalis,irisalis,1021300-shadowthorn-phantom,1021300,shadowthorn-phantom,threequarter,tint-a03,Tint-A03,irisalis__1021300-shadowthorn-phantom__threequarter__tint-a03.webp,Irisalis__1021300-shadowthorn-phantom__ThreeQuarter__Tint-A03.webp,Images/Irisalis__1021300-shadowthorn-phantom__ThreeQuarter__Tint-A03.webp
Irisalis,irisalis,1021300-shadowthorn-phantom,1021300,shadowthorn-phantom,threequarter,tint-a04,Tint-A04,irisalis__1021300-shadowthorn-phantom__threequarter__tint-a04.webp,Irisalis__1021300-shadowthorn-phantom__ThreeQuarter__Tint-A04.webp,Images/Irisalis__1021300-shadowthorn-phantom__ThreeQuarter__Tint-A04.webp
Irisalis,irisalis,1021300-shadowthorn-phantom,1021300,shadowthorn-phantom,threequarter,tint-a05,Tint-A05,irisalis__1021300-shadowthorn-phantom__threequarter__tint-a05.webp,Irisalis__1021300-shadowthorn-phantom__ThreeQuarter__Tint-A05.webp,Images/Irisalis__1021300-shadowthorn-phantom__ThreeQuarter__Tint-A05.webp
Irisalis,irisalis,1021300-shadowthorn-phantom,1021300,shadowthorn-phantom,threequarter,tint-a06,Tint-A06,irisalis__1021300-shadowthorn-phantom__threequarter__tint-a06.webp,Irisalis__1021300-shadowthorn-phantom__ThreeQuarter__Tint-A06.webp,Images/Irisalis__1021300-shadowthorn-phantom__ThreeQuarter__Tint-A06.webp
Irisalis,irisalis,1021300-shadowthorn-phantom,1021300,shadowthorn-phantom,threequarter,tint-b01,Tint-B01,irisalis__1021300-shadowthorn-phantom__threequarter__tint-b01.webp,Irisalis__1021300-shadowthorn-phantom__ThreeQuarter__Tint-B01.webp,Images/Irisalis__1021300-shadowthorn-phantom__ThreeQuarter__Tint-B01.webp
Irisalis,irisalis,1021300-shadowthorn-phantom,1021300,shadowthorn-phantom,threequarter,tint-b03,Tint-B03,irisalis__1021300-shadowthorn-phantom__threequarter__tint-b03.webp,Irisalis__1021300-shadowthorn-phantom__ThreeQuarter__Tint-B03.webp,Images/Irisalis__1021300-shadowthorn-phantom__ThreeQuarter__Tint-B03.webp
Irisalis,irisalis,1021300-shadowthorn-phantom,1021300,shadowthorn-phantom,threequarter,tint-b04,Tint-B04,irisalis__1021300-shadowthorn-phantom__threequarter__tint-b04.webp,Irisalis__1021300-shadowthorn-phantom__ThreeQuarter__Tint-B04.webp,Images/Irisalis__1021300-shadowthorn-phantom__ThreeQuarter__Tint-B04.webp
Irisalis,irisalis,1021300-shadowthorn-phantom,1021300,shadowthorn-phantom,threequarter,tint-b05,Tint-B05,irisalis__1021300-shadowthorn-phantom__threequarter__tint-b05.webp,Irisalis__1021300-shadowthorn-phantom__ThreeQuarter__Tint-B05.webp,Images/Irisalis__1021300-shadowthorn-phantom__ThreeQuarter__Tint-B05.webp
Irisalis,irisalis,1021300-shadowthorn-phantom,1021300,shadowthorn-phantom,threequarter,tint-c01,Tint-C01,irisalis__1021300-shadowthorn-phantom__threequarter__tint-c01.webp,Irisalis__1021300-shadowthorn-phantom__ThreeQuarter__Tint-C01.webp,Images/Irisalis__1021300-shadowthorn-phantom__ThreeQuarter__Tint-C01.webp
Irisalis,irisalis,1021300-shadowthorn-phantom,1021300,shadowthorn-phantom,threequarter,tint-c02,Tint-C02,irisalis__1021300-shadowthorn-phantom__threequarter__tint-c02.webp,Irisalis__1021300-shadowthorn-phantom__ThreeQuarter__Tint-C02.webp,Images/Irisalis__1021300-shadowthorn-phantom__ThreeQuarter__Tint-C02.webp
Irisalis,irisalis,1021300-shadowthorn-phantom,1021300,shadowthorn-phantom,threequarter,tint-c03,Tint-C03,irisalis__1021300-shadowthorn-phantom__threequarter__tint-c03.webp,Irisalis__1021300-shadowthorn-phantom__ThreeQuarter__Tint-C03.webp,Images/Irisalis__1021300-shadowthorn-phantom__ThreeQuarter__Tint-C03.webp
Irisalis,irisalis,1021300-shadowthorn-phantom,1021300,shadowthorn-phantom,threequarter,tint-c04,Tint-C04,irisalis__1021300-shadowthorn-phantom__threequarter__tint-c04.webp,Irisalis__1021300-shadowthorn-phantom__ThreeQuarter__Tint-C04.webp,Images/Irisalis__1021300-shadowthorn-phantom__ThreeQuarter__Tint-C04.webp
Irisalis,irisalis,1021300-shadowthorn-phantom,1021300,shadowthorn-phantom,threequarter,tint-c05,Tint-C05,irisalis__1021300-shadowthorn-phantom__threequarter__tint-c05.webp,Irisalis__1021300-shadowthorn-phantom__ThreeQuarter__Tint-C05.webp,Images/Irisalis__1021300-shadowthorn-phantom__ThreeQuarter__Tint-C05.webp
Irisalis,irisalis,1021300-starbloom-moonlight,1021300,starbloom-moonlight,threequarter,normal,Normal,irisalis__1021300-starbloom-moonlight__threequarter__normal.webp,Irisalis__1021300-starbloom-moonlight__ThreeQuarter__Normal.webp,Images/Irisalis__1021300-starbloom-moonlight__ThreeQuarter__Normal.webp
Irisalis,irisalis,1021300-starbloom-moonlight,1021300,starbloom-moonlight,threequarter,tint-a01,Tint-A01,irisalis__1021300-starbloom-moonlight__threequarter__tint-a01.webp,Irisalis__1021300-starbloom-moonlight__ThreeQuarter__Tint-A01.webp,Images/Irisalis__1021300-starbloom-moonlight__ThreeQuarter__Tint-A01.webp
Irisalis,irisalis,1021300-starbloom-moonlight,1021300,starbloom-moonlight,threequarter,tint-a02,Tint-A02,irisalis__1021300-starbloom-moonlight__threequarter__tint-a02.webp,Irisalis__1021300-starbloom-moonlight__ThreeQuarter__Tint-A02.webp,Images/Irisalis__1021300-starbloom-moonlight__ThreeQuarter__Tint-A02.webp
Irisalis,irisalis,1021300-starbloom-moonlight,1021300,starbloom-moonlight,threequarter,tint-a03,Tint-A03,irisalis__1021300-starbloom-moonlight__threequarter__tint-a03.webp,Irisalis__1021300-starbloom-moonlight__ThreeQuarter__Tint-A03.webp,Images/Irisalis__1021300-starbloom-moonlight__ThreeQuarter__Tint-A03.webp
Irisalis,irisalis,1021300-starbloom-moonlight,1021300,starbloom-moonlight,threequarter,tint-a04,Tint-A04,irisalis__1021300-starbloom-moonlight__threequarter__tint-a04.webp,Irisalis__1021300-starbloom-moonlight__ThreeQuarter__Tint-A04.webp,Images/Irisalis__1021300-starbloom-moonlight__ThreeQuarter__Tint-A04.webp
Irisalis,irisalis,1021300-starbloom-moonlight,1021300,starbloom-moonlight,threequarter,tint-a05,Tint-A05,irisalis__1021300-starbloom-moonlight__threequarter__tint-a05.webp,Irisalis__1021300-starbloom-moonlight__ThreeQuarter__Tint-A05.webp,Images/Irisalis__1021300-starbloom-moonlight__ThreeQuarter__Tint-A05.webp
Irisalis,irisalis,1021300-starbloom-moonlight,1021300,starbloom-moonlight,threequarter,tint-a06,Tint-A06,irisalis__1021300-starbloom-moonlight__threequarter__tint-a06.webp,Irisalis__1021300-starbloom-moonlight__ThreeQuarter__Tint-A06.webp,Images/Irisalis__1021300-starbloom-moonlight__ThreeQuarter__Tint-A06.webp
Irisalis,irisalis,1021300-starbloom-moonlight,1021300,starbloom-moonlight,threequarter,tint-b01,Tint-B01,irisalis__1021300-starbloom-moonlight__threequarter__tint-b01.webp,Irisalis__1021300-starbloom-moonlight__ThreeQuarter__Tint-B01.webp,Images/Irisalis__1021300-starbloom-moonlight__ThreeQuarter__Tint-B01.webp
Irisalis,irisalis,1021300-starbloom-moonlight,1021300,starbloom-moonlight,threequarter,tint-b02,Tint-B02,irisalis__1021300-starbloom-moonlight__threequarter__tint-b02.webp,Irisalis__1021300-starbloom-moonlight__ThreeQuarter__Tint-B02.webp,Images/Irisalis__1021300-starbloom-moonlight__ThreeQuarter__Tint-B02.webp
Irisalis,irisalis,1021300-starbloom-moonlight,1021300,starbloom-moonlight,threequarter,tint-b03,Tint-B03,irisalis__1021300-starbloom-moonlight__threequarter__tint-b03.webp,Irisalis__1021300-starbloom-moonlight__ThreeQuarter__Tint-B03.webp,Images/Irisalis__1021300-starbloom-moonlight__ThreeQuarter__Tint-B03.webp
Irisalis,irisalis,1021300-starbloom-moonlight,1021300,starbloom-moonlight,threequarter,tint-b04,Tint-B04,irisalis__1021300-starbloom-moonlight__threequarter__tint-b04.webp,Irisalis__1021300-starbloom-moonlight__ThreeQuarter__Tint-B04.webp,Images/Irisalis__1021300-starbloom-moonlight__ThreeQuarter__Tint-B04.webp
Irisalis,irisalis,1021300-starbloom-moonlight,1021300,starbloom-moonlight,threequarter,tint-b05,Tint-B05,irisalis__1021300-starbloom-moonlight__threequarter__tint-b05.webp,Irisalis__1021300-starbloom-moonlight__ThreeQuarter__Tint-B05.webp,Images/Irisalis__1021300-starbloom-moonlight__ThreeQuarter__Tint-B05.webp
Irisalis,irisalis,1021300-starbloom-moonlight,1021300,starbloom-moonlight,threequarter,tint-c01,Tint-C01,irisalis__1021300-starbloom-moonlight__threequarter__tint-c01.webp,Irisalis__1021300-starbloom-moonlight__ThreeQuarter__Tint-C01.webp,Images/Irisalis__1021300-starbloom-moonlight__ThreeQuarter__Tint-C01.webp
Irisalis,irisalis,1021300-starbloom-moonlight,1021300,starbloom-moonlight,threequarter,tint-c03,Tint-C03,irisalis__1021300-starbloom-moonlight__threequarter__tint-c03.webp,Irisalis__1021300-starbloom-moonlight__ThreeQuarter__Tint-C03.webp,Images/Irisalis__1021300-starbloom-moonlight__ThreeQuarter__Tint-C03.webp
Irisalis,irisalis,1021300-starbloom-moonlight,1021300,starbloom-moonlight,threequarter,tint-c04,Tint-C04,irisalis__1021300-starbloom-moonlight__threequarter__tint-c04.webp,Irisalis__1021300-starbloom-moonlight__ThreeQuarter__Tint-C04.webp,Images/Irisalis__1021300-starbloom-moonlight__ThreeQuarter__Tint-C04.webp
Irisalis,irisalis,1021300-starbloom-moonlight,1021300,starbloom-moonlight,threequarter,tint-c05,Tint-C05,irisalis__1021300-starbloom-moonlight__threequarter__tint-c05.webp,Irisalis__1021300-starbloom-moonlight__ThreeQuarter__Tint-C05.webp,Images/Irisalis__1021300-starbloom-moonlight__ThreeQuarter__Tint-C05.webp
Irisalis,irisalis,1021300-sunflare-rose,1021300,sunflare-rose,threequarter,normal,Normal,irisalis__1021300-sunflare-rose__threequarter__normal.webp,Irisalis__1021300-sunflare-rose__ThreeQuarter__Normal.webp,Images/Irisalis__1021300-sunflare-rose__ThreeQuarter__Normal.webp
Irisalis,irisalis,1021300-sunflare-rose,1021300,sunflare-rose,threequarter,tint-a01,Tint-A01,irisalis__1021300-sunflare-rose__threequarter__tint-a01.webp,Irisalis__1021300-sunflare-rose__ThreeQuarter__Tint-A01.webp,Images/Irisalis__1021300-sunflare-rose__ThreeQuarter__Tint-A01.webp
Irisalis,irisalis,1021300-sunflare-rose,1021300,sunflare-rose,threequarter,tint-a02,Tint-A02,irisalis__1021300-sunflare-rose__threequarter__tint-a02.webp,Irisalis__1021300-sunflare-rose__ThreeQuarter__Tint-A02.webp,Images/Irisalis__1021300-sunflare-rose__ThreeQuarter__Tint-A02.webp
Irisalis,irisalis,1021300-sunflare-rose,1021300,sunflare-rose,threequarter,tint-a03,Tint-A03,irisalis__1021300-sunflare-rose__threequarter__tint-a03.webp,Irisalis__1021300-sunflare-rose__ThreeQuarter__Tint-A03.webp,Images/Irisalis__1021300-sunflare-rose__ThreeQuarter__Tint-A03.webp
Irisalis,irisalis,1021300-sunflare-rose,1021300,sunflare-rose,threequarter,tint-a04,Tint-A04,irisalis__1021300-sunflare-rose__threequarter__tint-a04.webp,Irisalis__1021300-sunflare-rose__ThreeQuarter__Tint-A04.webp,Images/Irisalis__1021300-sunflare-rose__ThreeQuarter__Tint-A04.webp
Irisalis,irisalis,1021300-sunflare-rose,1021300,sunflare-rose,threequarter,tint-a05,Tint-A05,irisalis__1021300-sunflare-rose__threequarter__tint-a05.webp,Irisalis__1021300-sunflare-rose__ThreeQuarter__Tint-A05.webp,Images/Irisalis__1021300-sunflare-rose__ThreeQuarter__Tint-A05.webp
Irisalis,irisalis,1021300-sunflare-rose,1021300,sunflare-rose,threequarter,tint-a06,Tint-A06,irisalis__1021300-sunflare-rose__threequarter__tint-a06.webp,Irisalis__1021300-sunflare-rose__ThreeQuarter__Tint-A06.webp,Images/Irisalis__1021300-sunflare-rose__ThreeQuarter__Tint-A06.webp
Irisalis,irisalis,1021300-sunflare-rose,1021300,sunflare-rose,threequarter,tint-b01,Tint-B01,irisalis__1021300-sunflare-rose__threequarter__tint-b01.webp,Irisalis__1021300-sunflare-rose__ThreeQuarter__Tint-B01.webp,Images/Irisalis__1021300-sunflare-rose__ThreeQuarter__Tint-B01.webp
Irisalis,irisalis,1021300-sunflare-rose,1021300,sunflare-rose,threequarter,tint-b02,Tint-B02,irisalis__1021300-sunflare-rose__threequarter__tint-b02.webp,Irisalis__1021300-sunflare-rose__ThreeQuarter__Tint-B02.webp,Images/Irisalis__1021300-sunflare-rose__ThreeQuarter__Tint-B02.webp
Irisalis,irisalis,1021300-sunflare-rose,1021300,sunflare-rose,threequarter,tint-b03,Tint-B03,irisalis__1021300-sunflare-rose__threequarter__tint-b03.webp,Irisalis__1021300-sunflare-rose__ThreeQuarter__Tint-B03.webp,Images/Irisalis__1021300-sunflare-rose__ThreeQuarter__Tint-B03.webp
Irisalis,irisalis,1021300-sunflare-rose,1021300,sunflare-rose,threequarter,tint-b04,Tint-B04,irisalis__1021300-sunflare-rose__threequarter__tint-b04.webp,Irisalis__1021300-sunflare-rose__ThreeQuarter__Tint-B04.webp,Images/Irisalis__1021300-sunflare-rose__ThreeQuarter__Tint-B04.webp
Irisalis,irisalis,1021300-sunflare-rose,1021300,sunflare-rose,threequarter,tint-b05,Tint-B05,irisalis__1021300-sunflare-rose__threequarter__tint-b05.webp,Irisalis__1021300-sunflare-rose__ThreeQuarter__Tint-B05.webp,Images/Irisalis__1021300-sunflare-rose__ThreeQuarter__Tint-B05.webp
Irisalis,irisalis,1021300-sunflare-rose,1021300,sunflare-rose,threequarter,tint-c02,Tint-C02,irisalis__1021300-sunflare-rose__threequarter__tint-c02.webp,Irisalis__1021300-sunflare-rose__ThreeQuarter__Tint-C02.webp,Images/Irisalis__1021300-sunflare-rose__ThreeQuarter__Tint-C02.webp
Irisalis,irisalis,1021300-sunflare-rose,1021300,sunflare-rose,threequarter,tint-c03,Tint-C03,irisalis__1021300-sunflare-rose__threequarter__tint-c03.webp,Irisalis__1021300-sunflare-rose__ThreeQuarter__Tint-C03.webp,Images/Irisalis__1021300-sunflare-rose__ThreeQuarter__Tint-C03.webp
Irisalis,irisalis,1021300-sunflare-rose,1021300,sunflare-rose,threequarter,tint-c04,Tint-C04,irisalis__1021300-sunflare-rose__threequarter__tint-c04.webp,Irisalis__1021300-sunflare-rose__ThreeQuarter__Tint-C04.webp,Images/Irisalis__1021300-sunflare-rose__ThreeQuarter__Tint-C04.webp
Irisalis,irisalis,1021300-sunflare-rose,1021300,sunflare-rose,threequarter,tint-c05,Tint-C05,irisalis__1021300-sunflare-rose__threequarter__tint-c05.webp,Irisalis__1021300-sunflare-rose__ThreeQuarter__Tint-C05.webp,Images/Irisalis__1021300-sunflare-rose__ThreeQuarter__Tint-C05.webp
Jabster,jabster,1040300,1040300,,threequarter,normal,Normal,jabster__1040300__threequarter__normal.webp,Jabster__1040300__ThreeQuarter__Normal.webp,Images/Jabster__1040300__ThreeQuarter__Normal.webp
Jabster,jabster,1040300,1040300,,threequarter,sparkling-1,Sparkling-01,jabster__1040300__threequarter__sparkling-1.webp,Jabster__1040300__ThreeQuarter__Sparkling-01.webp,Images/Jabster__1040300__ThreeQuarter__Sparkling-01.webp
Jabster,jabster,1040300,1040300,,threequarter,sparkling-2,Sparkling-02,jabster__1040300__threequarter__sparkling-2.webp,Jabster__1040300__ThreeQuarter__Sparkling-02.webp,Images/Jabster__1040300__ThreeQuarter__Sparkling-02.webp
Jabster,jabster,1040300,1040300,,threequarter,sparkling-3,Sparkling-03,jabster__1040300__threequarter__sparkling-3.webp,Jabster__1040300__ThreeQuarter__Sparkling-03.webp,Images/Jabster__1040300__ThreeQuarter__Sparkling-03.webp
Jabster,jabster,1040300,1040300,,threequarter,sparkling-4,Sparkling-04,jabster__1040300__threequarter__sparkling-4.webp,Jabster__1040300__ThreeQuarter__Sparkling-04.webp,Images/Jabster__1040300__ThreeQuarter__Sparkling-04.webp
Jabster,jabster,1040300,1040300,,threequarter,sparkling-5,Sparkling-05,jabster__1040300__threequarter__sparkling-5.webp,Jabster__1040300__ThreeQuarter__Sparkling-05.webp,Images/Jabster__1040300__ThreeQuarter__Sparkling-05.webp
Jabster,jabster,1040300,1040300,,threequarter,sparkling-6,Sparkling-06,jabster__1040300__threequarter__sparkling-6.webp,Jabster__1040300__ThreeQuarter__Sparkling-06.webp,Images/Jabster__1040300__ThreeQuarter__Sparkling-06.webp
Jabster,jabster,1040300,1040300,,threequarter,sparkling-7,Sparkling-07,jabster__1040300__threequarter__sparkling-7.webp,Jabster__1040300__ThreeQuarter__Sparkling-07.webp,Images/Jabster__1040300__ThreeQuarter__Sparkling-07.webp
Jabster,jabster,1040300,1040300,,threequarter,sparkling-8,Sparkling-08,jabster__1040300__threequarter__sparkling-8.webp,Jabster__1040300__ThreeQuarter__Sparkling-08.webp,Images/Jabster__1040300__ThreeQuarter__Sparkling-08.webp
Jabster,jabster,1040300,1040300,,threequarter,sparkling-9,Sparkling-09,jabster__1040300__threequarter__sparkling-9.webp,Jabster__1040300__ThreeQuarter__Sparkling-09.webp,Images/Jabster__1040300__ThreeQuarter__Sparkling-09.webp
Jabster,jabster,1040300,1040300,,threequarter,sparkling-10,Sparkling-10,jabster__1040300__threequarter__sparkling-10.webp,Jabster__1040300__ThreeQuarter__Sparkling-10.webp,Images/Jabster__1040300__ThreeQuarter__Sparkling-10.webp
Jabster,jabster,1040300,1040300,,threequarter,sparkling-11,Sparkling-11,jabster__1040300__threequarter__sparkling-11.webp,Jabster__1040300__ThreeQuarter__Sparkling-11.webp,Images/Jabster__1040300__ThreeQuarter__Sparkling-11.webp
Jabster,jabster,1040300,1040300,,threequarter,sparkling-12,Sparkling-12,jabster__1040300__threequarter__sparkling-12.webp,Jabster__1040300__ThreeQuarter__Sparkling-12.webp,Images/Jabster__1040300__ThreeQuarter__Sparkling-12.webp
Jabster,jabster,1040300,1040300,,threequarter,umbral,Umbral,jabster__1040300__threequarter__umbral.webp,Jabster__1040300__ThreeQuarter__Umbral.webp,Images/Jabster__1040300__ThreeQuarter__Umbral.webp
Jawling,jawling,1002400,1002400,,threequarter,normal,Normal,jawling__1002400__threequarter__normal.webp,Jawling__1002400__ThreeQuarter__Normal.webp,Images/Jawling__1002400__ThreeQuarter__Normal.webp
Jawling,jawling,1002400,1002400,,threequarter,sparkling-1,Sparkling-01,jawling__1002400__threequarter__sparkling-1.webp,Jawling__1002400__ThreeQuarter__Sparkling-01.webp,Images/Jawling__1002400__ThreeQuarter__Sparkling-01.webp
Jawling,jawling,1002400,1002400,,threequarter,sparkling-2,Sparkling-02,jawling__1002400__threequarter__sparkling-2.webp,Jawling__1002400__ThreeQuarter__Sparkling-02.webp,Images/Jawling__1002400__ThreeQuarter__Sparkling-02.webp
Jawling,jawling,1002400,1002400,,threequarter,sparkling-3,Sparkling-03,jawling__1002400__threequarter__sparkling-3.webp,Jawling__1002400__ThreeQuarter__Sparkling-03.webp,Images/Jawling__1002400__ThreeQuarter__Sparkling-03.webp
Jawling,jawling,1002400,1002400,,threequarter,sparkling-4,Sparkling-04,jawling__1002400__threequarter__sparkling-4.webp,Jawling__1002400__ThreeQuarter__Sparkling-04.webp,Images/Jawling__1002400__ThreeQuarter__Sparkling-04.webp
Jawling,jawling,1002400,1002400,,threequarter,sparkling-5,Sparkling-05,jawling__1002400__threequarter__sparkling-5.webp,Jawling__1002400__ThreeQuarter__Sparkling-05.webp,Images/Jawling__1002400__ThreeQuarter__Sparkling-05.webp
Jawling,jawling,1002400,1002400,,threequarter,sparkling-6,Sparkling-06,jawling__1002400__threequarter__sparkling-6.webp,Jawling__1002400__ThreeQuarter__Sparkling-06.webp,Images/Jawling__1002400__ThreeQuarter__Sparkling-06.webp
Jawling,jawling,1002400,1002400,,threequarter,sparkling-7,Sparkling-07,jawling__1002400__threequarter__sparkling-7.webp,Jawling__1002400__ThreeQuarter__Sparkling-07.webp,Images/Jawling__1002400__ThreeQuarter__Sparkling-07.webp
Jawling,jawling,1002400,1002400,,threequarter,sparkling-8,Sparkling-08,jawling__1002400__threequarter__sparkling-8.webp,Jawling__1002400__ThreeQuarter__Sparkling-08.webp,Images/Jawling__1002400__ThreeQuarter__Sparkling-08.webp
Jawling,jawling,1002400,1002400,,threequarter,sparkling-9,Sparkling-09,jawling__1002400__threequarter__sparkling-9.webp,Jawling__1002400__ThreeQuarter__Sparkling-09.webp,Images/Jawling__1002400__ThreeQuarter__Sparkling-09.webp
Jawling,jawling,1002400,1002400,,threequarter,sparkling-10,Sparkling-10,jawling__1002400__threequarter__sparkling-10.webp,Jawling__1002400__ThreeQuarter__Sparkling-10.webp,Images/Jawling__1002400__ThreeQuarter__Sparkling-10.webp
Jawling,jawling,1002400,1002400,,threequarter,sparkling-11,Sparkling-11,jawling__1002400__threequarter__sparkling-11.webp,Jawling__1002400__ThreeQuarter__Sparkling-11.webp,Images/Jawling__1002400__ThreeQuarter__Sparkling-11.webp
Jawling,jawling,1002400,1002400,,threequarter,sparkling-12,Sparkling-12,jawling__1002400__threequarter__sparkling-12.webp,Jawling__1002400__ThreeQuarter__Sparkling-12.webp,Images/Jawling__1002400__ThreeQuarter__Sparkling-12.webp
Jawling,jawling,1002400,1002400,,threequarter,umbral,Umbral,jawling__1002400__threequarter__umbral.webp,Jawling__1002400__ThreeQuarter__Umbral.webp,Images/Jawling__1002400__ThreeQuarter__Umbral.webp
Jawling,jawling,1002401,1002401,,threequarter,normal,Normal,jawling__1002401__threequarter__normal.webp,Jawling__1002401__ThreeQuarter__Normal.webp,Images/Jawling__1002401__ThreeQuarter__Normal.webp
Jawling,jawling,1002401,1002401,,threequarter,sparkling-1,Sparkling-01,jawling__1002401__threequarter__sparkling-1.webp,Jawling__1002401__ThreeQuarter__Sparkling-01.webp,Images/Jawling__1002401__ThreeQuarter__Sparkling-01.webp
Jawling,jawling,1002401,1002401,,threequarter,sparkling-2,Sparkling-02,jawling__1002401__threequarter__sparkling-2.webp,Jawling__1002401__ThreeQuarter__Sparkling-02.webp,Images/Jawling__1002401__ThreeQuarter__Sparkling-02.webp
Jawling,jawling,1002401,1002401,,threequarter,sparkling-3,Sparkling-03,jawling__1002401__threequarter__sparkling-3.webp,Jawling__1002401__ThreeQuarter__Sparkling-03.webp,Images/Jawling__1002401__ThreeQuarter__Sparkling-03.webp
Jawling,jawling,1002401,1002401,,threequarter,sparkling-4,Sparkling-04,jawling__1002401__threequarter__sparkling-4.webp,Jawling__1002401__ThreeQuarter__Sparkling-04.webp,Images/Jawling__1002401__ThreeQuarter__Sparkling-04.webp
Jawling,jawling,1002401,1002401,,threequarter,sparkling-5,Sparkling-05,jawling__1002401__threequarter__sparkling-5.webp,Jawling__1002401__ThreeQuarter__Sparkling-05.webp,Images/Jawling__1002401__ThreeQuarter__Sparkling-05.webp
Jawling,jawling,1002401,1002401,,threequarter,sparkling-6,Sparkling-06,jawling__1002401__threequarter__sparkling-6.webp,Jawling__1002401__ThreeQuarter__Sparkling-06.webp,Images/Jawling__1002401__ThreeQuarter__Sparkling-06.webp
Jawling,jawling,1002401,1002401,,threequarter,sparkling-7,Sparkling-07,jawling__1002401__threequarter__sparkling-7.webp,Jawling__1002401__ThreeQuarter__Sparkling-07.webp,Images/Jawling__1002401__ThreeQuarter__Sparkling-07.webp
Jawling,jawling,1002401,1002401,,threequarter,sparkling-8,Sparkling-08,jawling__1002401__threequarter__sparkling-8.webp,Jawling__1002401__ThreeQuarter__Sparkling-08.webp,Images/Jawling__1002401__ThreeQuarter__Sparkling-08.webp
Jawling,jawling,1002401,1002401,,threequarter,sparkling-9,Sparkling-09,jawling__1002401__threequarter__sparkling-9.webp,Jawling__1002401__ThreeQuarter__Sparkling-09.webp,Images/Jawling__1002401__ThreeQuarter__Sparkling-09.webp
Jawling,jawling,1002401,1002401,,threequarter,sparkling-10,Sparkling-10,jawling__1002401__threequarter__sparkling-10.webp,Jawling__1002401__ThreeQuarter__Sparkling-10.webp,Images/Jawling__1002401__ThreeQuarter__Sparkling-10.webp
Jawling,jawling,1002401,1002401,,threequarter,sparkling-11,Sparkling-11,jawling__1002401__threequarter__sparkling-11.webp,Jawling__1002401__ThreeQuarter__Sparkling-11.webp,Images/Jawling__1002401__ThreeQuarter__Sparkling-11.webp
Jawling,jawling,1002401,1002401,,threequarter,sparkling-12,Sparkling-12,jawling__1002401__threequarter__sparkling-12.webp,Jawling__1002401__ThreeQuarter__Sparkling-12.webp,Images/Jawling__1002401__ThreeQuarter__Sparkling-12.webp
Jawling,jawling,1002401,1002401,,threequarter,umbral,Umbral,jawling__1002401__threequarter__umbral.webp,Jawling__1002401__ThreeQuarter__Umbral.webp,Images/Jawling__1002401__ThreeQuarter__Umbral.webp
Lavazar,lavazar,1028200,1028200,,threequarter,normal,Normal,lavazar__1028200__threequarter__normal.webp,Lavazar__1028200__ThreeQuarter__Normal.webp,Images/Lavazar__1028200__ThreeQuarter__Normal.webp
Lavazar,lavazar,1028200,1028200,,threequarter,sparkling-1,Sparkling-01,lavazar__1028200__threequarter__sparkling-1.webp,Lavazar__1028200__ThreeQuarter__Sparkling-01.webp,Images/Lavazar__1028200__ThreeQuarter__Sparkling-01.webp
Lavazar,lavazar,1028200,1028200,,threequarter,sparkling-2,Sparkling-02,lavazar__1028200__threequarter__sparkling-2.webp,Lavazar__1028200__ThreeQuarter__Sparkling-02.webp,Images/Lavazar__1028200__ThreeQuarter__Sparkling-02.webp
Lavazar,lavazar,1028200,1028200,,threequarter,sparkling-3,Sparkling-03,lavazar__1028200__threequarter__sparkling-3.webp,Lavazar__1028200__ThreeQuarter__Sparkling-03.webp,Images/Lavazar__1028200__ThreeQuarter__Sparkling-03.webp
Lavazar,lavazar,1028200,1028200,,threequarter,sparkling-4,Sparkling-04,lavazar__1028200__threequarter__sparkling-4.webp,Lavazar__1028200__ThreeQuarter__Sparkling-04.webp,Images/Lavazar__1028200__ThreeQuarter__Sparkling-04.webp
Lavazar,lavazar,1028200,1028200,,threequarter,sparkling-5,Sparkling-05,lavazar__1028200__threequarter__sparkling-5.webp,Lavazar__1028200__ThreeQuarter__Sparkling-05.webp,Images/Lavazar__1028200__ThreeQuarter__Sparkling-05.webp
Lavazar,lavazar,1028200,1028200,,threequarter,sparkling-6,Sparkling-06,lavazar__1028200__threequarter__sparkling-6.webp,Lavazar__1028200__ThreeQuarter__Sparkling-06.webp,Images/Lavazar__1028200__ThreeQuarter__Sparkling-06.webp
Lavazar,lavazar,1028200,1028200,,threequarter,sparkling-7,Sparkling-07,lavazar__1028200__threequarter__sparkling-7.webp,Lavazar__1028200__ThreeQuarter__Sparkling-07.webp,Images/Lavazar__1028200__ThreeQuarter__Sparkling-07.webp
Lavazar,lavazar,1028200,1028200,,threequarter,sparkling-8,Sparkling-08,lavazar__1028200__threequarter__sparkling-8.webp,Lavazar__1028200__ThreeQuarter__Sparkling-08.webp,Images/Lavazar__1028200__ThreeQuarter__Sparkling-08.webp
Lavazar,lavazar,1028200,1028200,,threequarter,sparkling-9,Sparkling-09,lavazar__1028200__threequarter__sparkling-9.webp,Lavazar__1028200__ThreeQuarter__Sparkling-09.webp,Images/Lavazar__1028200__ThreeQuarter__Sparkling-09.webp
Lavazar,lavazar,1028200,1028200,,threequarter,sparkling-10,Sparkling-10,lavazar__1028200__threequarter__sparkling-10.webp,Lavazar__1028200__ThreeQuarter__Sparkling-10.webp,Images/Lavazar__1028200__ThreeQuarter__Sparkling-10.webp
Lavazar,lavazar,1028200,1028200,,threequarter,sparkling-11,Sparkling-11,lavazar__1028200__threequarter__sparkling-11.webp,Lavazar__1028200__ThreeQuarter__Sparkling-11.webp,Images/Lavazar__1028200__ThreeQuarter__Sparkling-11.webp
Lavazar,lavazar,1028200,1028200,,threequarter,sparkling-12,Sparkling-12,lavazar__1028200__threequarter__sparkling-12.webp,Lavazar__1028200__ThreeQuarter__Sparkling-12.webp,Images/Lavazar__1028200__ThreeQuarter__Sparkling-12.webp
Lavazar,lavazar,1028200,1028200,,threequarter,umbral,Umbral,lavazar__1028200__threequarter__umbral.webp,Lavazar__1028200__ThreeQuarter__Umbral.webp,Images/Lavazar__1028200__ThreeQuarter__Umbral.webp
Leafy,leafy,1004500,1004500,,threequarter,normal,Normal,leafy__1004500__threequarter__normal.webp,Leafy__1004500__ThreeQuarter__Normal.webp,Images/Leafy__1004500__ThreeQuarter__Normal.webp
Leafy,leafy,1004500,1004500,,threequarter,sparkling-1,Sparkling-01,leafy__1004500__threequarter__sparkling-1.webp,Leafy__1004500__ThreeQuarter__Sparkling-01.webp,Images/Leafy__1004500__ThreeQuarter__Sparkling-01.webp
Leafy,leafy,1004500,1004500,,threequarter,sparkling-2,Sparkling-02,leafy__1004500__threequarter__sparkling-2.webp,Leafy__1004500__ThreeQuarter__Sparkling-02.webp,Images/Leafy__1004500__ThreeQuarter__Sparkling-02.webp
Leafy,leafy,1004500,1004500,,threequarter,sparkling-3,Sparkling-03,leafy__1004500__threequarter__sparkling-3.webp,Leafy__1004500__ThreeQuarter__Sparkling-03.webp,Images/Leafy__1004500__ThreeQuarter__Sparkling-03.webp
Leafy,leafy,1004500,1004500,,threequarter,sparkling-4,Sparkling-04,leafy__1004500__threequarter__sparkling-4.webp,Leafy__1004500__ThreeQuarter__Sparkling-04.webp,Images/Leafy__1004500__ThreeQuarter__Sparkling-04.webp
Leafy,leafy,1004500,1004500,,threequarter,sparkling-5,Sparkling-05,leafy__1004500__threequarter__sparkling-5.webp,Leafy__1004500__ThreeQuarter__Sparkling-05.webp,Images/Leafy__1004500__ThreeQuarter__Sparkling-05.webp
Leafy,leafy,1004500,1004500,,threequarter,sparkling-6,Sparkling-06,leafy__1004500__threequarter__sparkling-6.webp,Leafy__1004500__ThreeQuarter__Sparkling-06.webp,Images/Leafy__1004500__ThreeQuarter__Sparkling-06.webp
Leafy,leafy,1004500,1004500,,threequarter,sparkling-7,Sparkling-07,leafy__1004500__threequarter__sparkling-7.webp,Leafy__1004500__ThreeQuarter__Sparkling-07.webp,Images/Leafy__1004500__ThreeQuarter__Sparkling-07.webp
Leafy,leafy,1004500,1004500,,threequarter,sparkling-8,Sparkling-08,leafy__1004500__threequarter__sparkling-8.webp,Leafy__1004500__ThreeQuarter__Sparkling-08.webp,Images/Leafy__1004500__ThreeQuarter__Sparkling-08.webp
Leafy,leafy,1004500,1004500,,threequarter,sparkling-9,Sparkling-09,leafy__1004500__threequarter__sparkling-9.webp,Leafy__1004500__ThreeQuarter__Sparkling-09.webp,Images/Leafy__1004500__ThreeQuarter__Sparkling-09.webp
Leafy,leafy,1004500,1004500,,threequarter,sparkling-10,Sparkling-10,leafy__1004500__threequarter__sparkling-10.webp,Leafy__1004500__ThreeQuarter__Sparkling-10.webp,Images/Leafy__1004500__ThreeQuarter__Sparkling-10.webp
Leafy,leafy,1004500,1004500,,threequarter,sparkling-11,Sparkling-11,leafy__1004500__threequarter__sparkling-11.webp,Leafy__1004500__ThreeQuarter__Sparkling-11.webp,Images/Leafy__1004500__ThreeQuarter__Sparkling-11.webp
Leafy,leafy,1004500,1004500,,threequarter,sparkling-12,Sparkling-12,leafy__1004500__threequarter__sparkling-12.webp,Leafy__1004500__ThreeQuarter__Sparkling-12.webp,Images/Leafy__1004500__ThreeQuarter__Sparkling-12.webp
Leafy,leafy,1004500,1004500,,threequarter,umbral,Umbral,leafy__1004500__threequarter__umbral.webp,Leafy__1004500__ThreeQuarter__Umbral.webp,Images/Leafy__1004500__ThreeQuarter__Umbral.webp
Luminelle,luminelle,1014300,1014300,,threequarter,normal,Normal,luminelle__1014300__threequarter__normal.webp,Luminelle__1014300__ThreeQuarter__Normal.webp,Images/Luminelle__1014300__ThreeQuarter__Normal.webp
Luminelle,luminelle,1014300,1014300,,threequarter,sparkling-1,Sparkling-01,luminelle__1014300__threequarter__sparkling-1.webp,Luminelle__1014300__ThreeQuarter__Sparkling-01.webp,Images/Luminelle__1014300__ThreeQuarter__Sparkling-01.webp
Luminelle,luminelle,1014300,1014300,,threequarter,sparkling-2,Sparkling-02,luminelle__1014300__threequarter__sparkling-2.webp,Luminelle__1014300__ThreeQuarter__Sparkling-02.webp,Images/Luminelle__1014300__ThreeQuarter__Sparkling-02.webp
Luminelle,luminelle,1014300,1014300,,threequarter,sparkling-3,Sparkling-03,luminelle__1014300__threequarter__sparkling-3.webp,Luminelle__1014300__ThreeQuarter__Sparkling-03.webp,Images/Luminelle__1014300__ThreeQuarter__Sparkling-03.webp
Luminelle,luminelle,1014300,1014300,,threequarter,sparkling-4,Sparkling-04,luminelle__1014300__threequarter__sparkling-4.webp,Luminelle__1014300__ThreeQuarter__Sparkling-04.webp,Images/Luminelle__1014300__ThreeQuarter__Sparkling-04.webp
Luminelle,luminelle,1014300,1014300,,threequarter,sparkling-5,Sparkling-05,luminelle__1014300__threequarter__sparkling-5.webp,Luminelle__1014300__ThreeQuarter__Sparkling-05.webp,Images/Luminelle__1014300__ThreeQuarter__Sparkling-05.webp
Luminelle,luminelle,1014300,1014300,,threequarter,sparkling-6,Sparkling-06,luminelle__1014300__threequarter__sparkling-6.webp,Luminelle__1014300__ThreeQuarter__Sparkling-06.webp,Images/Luminelle__1014300__ThreeQuarter__Sparkling-06.webp
Luminelle,luminelle,1014300,1014300,,threequarter,sparkling-7,Sparkling-07,luminelle__1014300__threequarter__sparkling-7.webp,Luminelle__1014300__ThreeQuarter__Sparkling-07.webp,Images/Luminelle__1014300__ThreeQuarter__Sparkling-07.webp
Luminelle,luminelle,1014300,1014300,,threequarter,sparkling-8,Sparkling-08,luminelle__1014300__threequarter__sparkling-8.webp,Luminelle__1014300__ThreeQuarter__Sparkling-08.webp,Images/Luminelle__1014300__ThreeQuarter__Sparkling-08.webp
Luminelle,luminelle,1014300,1014300,,threequarter,sparkling-9,Sparkling-09,luminelle__1014300__threequarter__sparkling-9.webp,Luminelle__1014300__ThreeQuarter__Sparkling-09.webp,Images/Luminelle__1014300__ThreeQuarter__Sparkling-09.webp
Luminelle,luminelle,1014300,1014300,,threequarter,sparkling-10,Sparkling-10,luminelle__1014300__threequarter__sparkling-10.webp,Luminelle__1014300__ThreeQuarter__Sparkling-10.webp,Images/Luminelle__1014300__ThreeQuarter__Sparkling-10.webp
Luminelle,luminelle,1014300,1014300,,threequarter,sparkling-11,Sparkling-11,luminelle__1014300__threequarter__sparkling-11.webp,Luminelle__1014300__ThreeQuarter__Sparkling-11.webp,Images/Luminelle__1014300__ThreeQuarter__Sparkling-11.webp
Luminelle,luminelle,1014300,1014300,,threequarter,sparkling-12,Sparkling-12,luminelle__1014300__threequarter__sparkling-12.webp,Luminelle__1014300__ThreeQuarter__Sparkling-12.webp,Images/Luminelle__1014300__ThreeQuarter__Sparkling-12.webp
Luminelle,luminelle,1014300,1014300,,threequarter,umbral,Umbral,luminelle__1014300__threequarter__umbral.webp,Luminelle__1014300__ThreeQuarter__Umbral.webp,Images/Luminelle__1014300__ThreeQuarter__Umbral.webp
Luminelle,luminelle,1014301,1014301,,threequarter,normal,Normal,luminelle__1014301__threequarter__normal.webp,Luminelle__1014301__ThreeQuarter__Normal.webp,Images/Luminelle__1014301__ThreeQuarter__Normal.webp
Luminelle,luminelle,1014301,1014301,,threequarter,sparkling-1,Sparkling-01,luminelle__1014301__threequarter__sparkling-1.webp,Luminelle__1014301__ThreeQuarter__Sparkling-01.webp,Images/Luminelle__1014301__ThreeQuarter__Sparkling-01.webp
Luminelle,luminelle,1014301,1014301,,threequarter,sparkling-2,Sparkling-02,luminelle__1014301__threequarter__sparkling-2.webp,Luminelle__1014301__ThreeQuarter__Sparkling-02.webp,Images/Luminelle__1014301__ThreeQuarter__Sparkling-02.webp
Luminelle,luminelle,1014301,1014301,,threequarter,sparkling-3,Sparkling-03,luminelle__1014301__threequarter__sparkling-3.webp,Luminelle__1014301__ThreeQuarter__Sparkling-03.webp,Images/Luminelle__1014301__ThreeQuarter__Sparkling-03.webp
Luminelle,luminelle,1014301,1014301,,threequarter,sparkling-4,Sparkling-04,luminelle__1014301__threequarter__sparkling-4.webp,Luminelle__1014301__ThreeQuarter__Sparkling-04.webp,Images/Luminelle__1014301__ThreeQuarter__Sparkling-04.webp
Luminelle,luminelle,1014301,1014301,,threequarter,sparkling-5,Sparkling-05,luminelle__1014301__threequarter__sparkling-5.webp,Luminelle__1014301__ThreeQuarter__Sparkling-05.webp,Images/Luminelle__1014301__ThreeQuarter__Sparkling-05.webp
Luminelle,luminelle,1014301,1014301,,threequarter,sparkling-6,Sparkling-06,luminelle__1014301__threequarter__sparkling-6.webp,Luminelle__1014301__ThreeQuarter__Sparkling-06.webp,Images/Luminelle__1014301__ThreeQuarter__Sparkling-06.webp
Luminelle,luminelle,1014301,1014301,,threequarter,sparkling-7,Sparkling-07,luminelle__1014301__threequarter__sparkling-7.webp,Luminelle__1014301__ThreeQuarter__Sparkling-07.webp,Images/Luminelle__1014301__ThreeQuarter__Sparkling-07.webp
Luminelle,luminelle,1014301,1014301,,threequarter,sparkling-8,Sparkling-08,luminelle__1014301__threequarter__sparkling-8.webp,Luminelle__1014301__ThreeQuarter__Sparkling-08.webp,Images/Luminelle__1014301__ThreeQuarter__Sparkling-08.webp
Luminelle,luminelle,1014301,1014301,,threequarter,sparkling-9,Sparkling-09,luminelle__1014301__threequarter__sparkling-9.webp,Luminelle__1014301__ThreeQuarter__Sparkling-09.webp,Images/Luminelle__1014301__ThreeQuarter__Sparkling-09.webp
Luminelle,luminelle,1014301,1014301,,threequarter,sparkling-10,Sparkling-10,luminelle__1014301__threequarter__sparkling-10.webp,Luminelle__1014301__ThreeQuarter__Sparkling-10.webp,Images/Luminelle__1014301__ThreeQuarter__Sparkling-10.webp
Luminelle,luminelle,1014301,1014301,,threequarter,sparkling-11,Sparkling-11,luminelle__1014301__threequarter__sparkling-11.webp,Luminelle__1014301__ThreeQuarter__Sparkling-11.webp,Images/Luminelle__1014301__ThreeQuarter__Sparkling-11.webp
Luminelle,luminelle,1014301,1014301,,threequarter,sparkling-12,Sparkling-12,luminelle__1014301__threequarter__sparkling-12.webp,Luminelle__1014301__ThreeQuarter__Sparkling-12.webp,Images/Luminelle__1014301__ThreeQuarter__Sparkling-12.webp
Luminelle,luminelle,1014301,1014301,,threequarter,umbral,Umbral,luminelle__1014301__threequarter__umbral.webp,Luminelle__1014301__ThreeQuarter__Umbral.webp,Images/Luminelle__1014301__ThreeQuarter__Umbral.webp
Luminelle,luminelle,1014302,1014302,,threequarter,normal,Normal,luminelle__1014302__threequarter__normal.webp,Luminelle__1014302__ThreeQuarter__Normal.webp,Images/Luminelle__1014302__ThreeQuarter__Normal.webp
Luminelle,luminelle,1014302,1014302,,threequarter,sparkling-1,Sparkling-01,luminelle__1014302__threequarter__sparkling-1.webp,Luminelle__1014302__ThreeQuarter__Sparkling-01.webp,Images/Luminelle__1014302__ThreeQuarter__Sparkling-01.webp
Luminelle,luminelle,1014302,1014302,,threequarter,sparkling-2,Sparkling-02,luminelle__1014302__threequarter__sparkling-2.webp,Luminelle__1014302__ThreeQuarter__Sparkling-02.webp,Images/Luminelle__1014302__ThreeQuarter__Sparkling-02.webp
Luminelle,luminelle,1014302,1014302,,threequarter,sparkling-3,Sparkling-03,luminelle__1014302__threequarter__sparkling-3.webp,Luminelle__1014302__ThreeQuarter__Sparkling-03.webp,Images/Luminelle__1014302__ThreeQuarter__Sparkling-03.webp
Luminelle,luminelle,1014302,1014302,,threequarter,sparkling-4,Sparkling-04,luminelle__1014302__threequarter__sparkling-4.webp,Luminelle__1014302__ThreeQuarter__Sparkling-04.webp,Images/Luminelle__1014302__ThreeQuarter__Sparkling-04.webp
Luminelle,luminelle,1014302,1014302,,threequarter,sparkling-5,Sparkling-05,luminelle__1014302__threequarter__sparkling-5.webp,Luminelle__1014302__ThreeQuarter__Sparkling-05.webp,Images/Luminelle__1014302__ThreeQuarter__Sparkling-05.webp
Luminelle,luminelle,1014302,1014302,,threequarter,sparkling-6,Sparkling-06,luminelle__1014302__threequarter__sparkling-6.webp,Luminelle__1014302__ThreeQuarter__Sparkling-06.webp,Images/Luminelle__1014302__ThreeQuarter__Sparkling-06.webp
Luminelle,luminelle,1014302,1014302,,threequarter,sparkling-7,Sparkling-07,luminelle__1014302__threequarter__sparkling-7.webp,Luminelle__1014302__ThreeQuarter__Sparkling-07.webp,Images/Luminelle__1014302__ThreeQuarter__Sparkling-07.webp
Luminelle,luminelle,1014302,1014302,,threequarter,sparkling-8,Sparkling-08,luminelle__1014302__threequarter__sparkling-8.webp,Luminelle__1014302__ThreeQuarter__Sparkling-08.webp,Images/Luminelle__1014302__ThreeQuarter__Sparkling-08.webp
Luminelle,luminelle,1014302,1014302,,threequarter,sparkling-9,Sparkling-09,luminelle__1014302__threequarter__sparkling-9.webp,Luminelle__1014302__ThreeQuarter__Sparkling-09.webp,Images/Luminelle__1014302__ThreeQuarter__Sparkling-09.webp
Luminelle,luminelle,1014302,1014302,,threequarter,sparkling-10,Sparkling-10,luminelle__1014302__threequarter__sparkling-10.webp,Luminelle__1014302__ThreeQuarter__Sparkling-10.webp,Images/Luminelle__1014302__ThreeQuarter__Sparkling-10.webp
Luminelle,luminelle,1014302,1014302,,threequarter,sparkling-11,Sparkling-11,luminelle__1014302__threequarter__sparkling-11.webp,Luminelle__1014302__ThreeQuarter__Sparkling-11.webp,Images/Luminelle__1014302__ThreeQuarter__Sparkling-11.webp
Luminelle,luminelle,1014302,1014302,,threequarter,sparkling-12,Sparkling-12,luminelle__1014302__threequarter__sparkling-12.webp,Luminelle__1014302__ThreeQuarter__Sparkling-12.webp,Images/Luminelle__1014302__ThreeQuarter__Sparkling-12.webp
Lunara,lunara,1037100,1037100,,threequarter,normal,Normal,lunara__1037100__threequarter__normal.webp,Lunara__1037100__ThreeQuarter__Normal.webp,Images/Lunara__1037100__ThreeQuarter__Normal.webp
Lunara,lunara,1037100,1037100,,threequarter,sparkling-1,Sparkling-01,lunara__1037100__threequarter__sparkling-1.webp,Lunara__1037100__ThreeQuarter__Sparkling-01.webp,Images/Lunara__1037100__ThreeQuarter__Sparkling-01.webp
Lunara,lunara,1037100,1037100,,threequarter,sparkling-2,Sparkling-02,lunara__1037100__threequarter__sparkling-2.webp,Lunara__1037100__ThreeQuarter__Sparkling-02.webp,Images/Lunara__1037100__ThreeQuarter__Sparkling-02.webp
Lunara,lunara,1037100,1037100,,threequarter,sparkling-3,Sparkling-03,lunara__1037100__threequarter__sparkling-3.webp,Lunara__1037100__ThreeQuarter__Sparkling-03.webp,Images/Lunara__1037100__ThreeQuarter__Sparkling-03.webp
Lunara,lunara,1037100,1037100,,threequarter,sparkling-4,Sparkling-04,lunara__1037100__threequarter__sparkling-4.webp,Lunara__1037100__ThreeQuarter__Sparkling-04.webp,Images/Lunara__1037100__ThreeQuarter__Sparkling-04.webp
Lunara,lunara,1037100,1037100,,threequarter,sparkling-5,Sparkling-05,lunara__1037100__threequarter__sparkling-5.webp,Lunara__1037100__ThreeQuarter__Sparkling-05.webp,Images/Lunara__1037100__ThreeQuarter__Sparkling-05.webp
Lunara,lunara,1037100,1037100,,threequarter,sparkling-6,Sparkling-06,lunara__1037100__threequarter__sparkling-6.webp,Lunara__1037100__ThreeQuarter__Sparkling-06.webp,Images/Lunara__1037100__ThreeQuarter__Sparkling-06.webp
Lunara,lunara,1037100,1037100,,threequarter,sparkling-7,Sparkling-07,lunara__1037100__threequarter__sparkling-7.webp,Lunara__1037100__ThreeQuarter__Sparkling-07.webp,Images/Lunara__1037100__ThreeQuarter__Sparkling-07.webp
Lunara,lunara,1037100,1037100,,threequarter,sparkling-8,Sparkling-08,lunara__1037100__threequarter__sparkling-8.webp,Lunara__1037100__ThreeQuarter__Sparkling-08.webp,Images/Lunara__1037100__ThreeQuarter__Sparkling-08.webp
Lunara,lunara,1037100,1037100,,threequarter,sparkling-9,Sparkling-09,lunara__1037100__threequarter__sparkling-9.webp,Lunara__1037100__ThreeQuarter__Sparkling-09.webp,Images/Lunara__1037100__ThreeQuarter__Sparkling-09.webp
Lunara,lunara,1037100,1037100,,threequarter,sparkling-10,Sparkling-10,lunara__1037100__threequarter__sparkling-10.webp,Lunara__1037100__ThreeQuarter__Sparkling-10.webp,Images/Lunara__1037100__ThreeQuarter__Sparkling-10.webp
Lunara,lunara,1037100,1037100,,threequarter,sparkling-11,Sparkling-11,lunara__1037100__threequarter__sparkling-11.webp,Lunara__1037100__ThreeQuarter__Sparkling-11.webp,Images/Lunara__1037100__ThreeQuarter__Sparkling-11.webp
Lunara,lunara,1037100,1037100,,threequarter,sparkling-12,Sparkling-12,lunara__1037100__threequarter__sparkling-12.webp,Lunara__1037100__ThreeQuarter__Sparkling-12.webp,Images/Lunara__1037100__ThreeQuarter__Sparkling-12.webp
Magmarex,magmarex,1028300,1028300,,threequarter,normal,Normal,magmarex__1028300__threequarter__normal.webp,Magmarex__1028300__ThreeQuarter__Normal.webp,Images/Magmarex__1028300__ThreeQuarter__Normal.webp
Magmarex,magmarex,1028300,1028300,,threequarter,sparkling-1,Sparkling-01,magmarex__1028300__threequarter__sparkling-1.webp,Magmarex__1028300__ThreeQuarter__Sparkling-01.webp,Images/Magmarex__1028300__ThreeQuarter__Sparkling-01.webp
Magmarex,magmarex,1028300,1028300,,threequarter,sparkling-2,Sparkling-02,magmarex__1028300__threequarter__sparkling-2.webp,Magmarex__1028300__ThreeQuarter__Sparkling-02.webp,Images/Magmarex__1028300__ThreeQuarter__Sparkling-02.webp
Magmarex,magmarex,1028300,1028300,,threequarter,sparkling-3,Sparkling-03,magmarex__1028300__threequarter__sparkling-3.webp,Magmarex__1028300__ThreeQuarter__Sparkling-03.webp,Images/Magmarex__1028300__ThreeQuarter__Sparkling-03.webp
Magmarex,magmarex,1028300,1028300,,threequarter,sparkling-4,Sparkling-04,magmarex__1028300__threequarter__sparkling-4.webp,Magmarex__1028300__ThreeQuarter__Sparkling-04.webp,Images/Magmarex__1028300__ThreeQuarter__Sparkling-04.webp
Magmarex,magmarex,1028300,1028300,,threequarter,sparkling-5,Sparkling-05,magmarex__1028300__threequarter__sparkling-5.webp,Magmarex__1028300__ThreeQuarter__Sparkling-05.webp,Images/Magmarex__1028300__ThreeQuarter__Sparkling-05.webp
Magmarex,magmarex,1028300,1028300,,threequarter,sparkling-6,Sparkling-06,magmarex__1028300__threequarter__sparkling-6.webp,Magmarex__1028300__ThreeQuarter__Sparkling-06.webp,Images/Magmarex__1028300__ThreeQuarter__Sparkling-06.webp
Magmarex,magmarex,1028300,1028300,,threequarter,sparkling-7,Sparkling-07,magmarex__1028300__threequarter__sparkling-7.webp,Magmarex__1028300__ThreeQuarter__Sparkling-07.webp,Images/Magmarex__1028300__ThreeQuarter__Sparkling-07.webp
Magmarex,magmarex,1028300,1028300,,threequarter,sparkling-8,Sparkling-08,magmarex__1028300__threequarter__sparkling-8.webp,Magmarex__1028300__ThreeQuarter__Sparkling-08.webp,Images/Magmarex__1028300__ThreeQuarter__Sparkling-08.webp
Magmarex,magmarex,1028300,1028300,,threequarter,sparkling-9,Sparkling-09,magmarex__1028300__threequarter__sparkling-9.webp,Magmarex__1028300__ThreeQuarter__Sparkling-09.webp,Images/Magmarex__1028300__ThreeQuarter__Sparkling-09.webp
Magmarex,magmarex,1028300,1028300,,threequarter,sparkling-10,Sparkling-10,magmarex__1028300__threequarter__sparkling-10.webp,Magmarex__1028300__ThreeQuarter__Sparkling-10.webp,Images/Magmarex__1028300__ThreeQuarter__Sparkling-10.webp
Magmarex,magmarex,1028300,1028300,,threequarter,sparkling-11,Sparkling-11,magmarex__1028300__threequarter__sparkling-11.webp,Magmarex__1028300__ThreeQuarter__Sparkling-11.webp,Images/Magmarex__1028300__ThreeQuarter__Sparkling-11.webp
Magmarex,magmarex,1028300,1028300,,threequarter,sparkling-12,Sparkling-12,magmarex__1028300__threequarter__sparkling-12.webp,Magmarex__1028300__ThreeQuarter__Sparkling-12.webp,Images/Magmarex__1028300__ThreeQuarter__Sparkling-12.webp
Magmarex,magmarex,1028300,1028300,,threequarter,umbral,Umbral,magmarex__1028300__threequarter__umbral.webp,Magmarex__1028300__ThreeQuarter__Umbral.webp,Images/Magmarex__1028300__ThreeQuarter__Umbral.webp
Magmarex,magmarex,1028301,1028301,,threequarter,normal,Normal,magmarex__1028301__threequarter__normal.webp,Magmarex__1028301__ThreeQuarter__Normal.webp,Images/Magmarex__1028301__ThreeQuarter__Normal.webp
Magmarex,magmarex,1028301,1028301,,threequarter,sparkling-1,Sparkling-01,magmarex__1028301__threequarter__sparkling-1.webp,Magmarex__1028301__ThreeQuarter__Sparkling-01.webp,Images/Magmarex__1028301__ThreeQuarter__Sparkling-01.webp
Magmarex,magmarex,1028301,1028301,,threequarter,sparkling-2,Sparkling-02,magmarex__1028301__threequarter__sparkling-2.webp,Magmarex__1028301__ThreeQuarter__Sparkling-02.webp,Images/Magmarex__1028301__ThreeQuarter__Sparkling-02.webp
Magmarex,magmarex,1028301,1028301,,threequarter,sparkling-3,Sparkling-03,magmarex__1028301__threequarter__sparkling-3.webp,Magmarex__1028301__ThreeQuarter__Sparkling-03.webp,Images/Magmarex__1028301__ThreeQuarter__Sparkling-03.webp
Magmarex,magmarex,1028301,1028301,,threequarter,sparkling-4,Sparkling-04,magmarex__1028301__threequarter__sparkling-4.webp,Magmarex__1028301__ThreeQuarter__Sparkling-04.webp,Images/Magmarex__1028301__ThreeQuarter__Sparkling-04.webp
Magmarex,magmarex,1028301,1028301,,threequarter,sparkling-5,Sparkling-05,magmarex__1028301__threequarter__sparkling-5.webp,Magmarex__1028301__ThreeQuarter__Sparkling-05.webp,Images/Magmarex__1028301__ThreeQuarter__Sparkling-05.webp
Magmarex,magmarex,1028301,1028301,,threequarter,sparkling-6,Sparkling-06,magmarex__1028301__threequarter__sparkling-6.webp,Magmarex__1028301__ThreeQuarter__Sparkling-06.webp,Images/Magmarex__1028301__ThreeQuarter__Sparkling-06.webp
Magmarex,magmarex,1028301,1028301,,threequarter,sparkling-7,Sparkling-07,magmarex__1028301__threequarter__sparkling-7.webp,Magmarex__1028301__ThreeQuarter__Sparkling-07.webp,Images/Magmarex__1028301__ThreeQuarter__Sparkling-07.webp
Magmarex,magmarex,1028301,1028301,,threequarter,sparkling-8,Sparkling-08,magmarex__1028301__threequarter__sparkling-8.webp,Magmarex__1028301__ThreeQuarter__Sparkling-08.webp,Images/Magmarex__1028301__ThreeQuarter__Sparkling-08.webp
Magmarex,magmarex,1028301,1028301,,threequarter,sparkling-9,Sparkling-09,magmarex__1028301__threequarter__sparkling-9.webp,Magmarex__1028301__ThreeQuarter__Sparkling-09.webp,Images/Magmarex__1028301__ThreeQuarter__Sparkling-09.webp
Magmarex,magmarex,1028301,1028301,,threequarter,sparkling-10,Sparkling-10,magmarex__1028301__threequarter__sparkling-10.webp,Magmarex__1028301__ThreeQuarter__Sparkling-10.webp,Images/Magmarex__1028301__ThreeQuarter__Sparkling-10.webp
Magmarex,magmarex,1028301,1028301,,threequarter,sparkling-11,Sparkling-11,magmarex__1028301__threequarter__sparkling-11.webp,Magmarex__1028301__ThreeQuarter__Sparkling-11.webp,Images/Magmarex__1028301__ThreeQuarter__Sparkling-11.webp
Magmarex,magmarex,1028301,1028301,,threequarter,sparkling-12,Sparkling-12,magmarex__1028301__threequarter__sparkling-12.webp,Magmarex__1028301__ThreeQuarter__Sparkling-12.webp,Images/Magmarex__1028301__ThreeQuarter__Sparkling-12.webp
Melloblum,melloblum,1032400,1032400,,threequarter,normal,Normal,melloblum__1032400__threequarter__normal.webp,Melloblum__1032400__ThreeQuarter__Normal.webp,Images/Melloblum__1032400__ThreeQuarter__Normal.webp
Melloblum,melloblum,1032400,1032400,,threequarter,sparkling-1,Sparkling-01,melloblum__1032400__threequarter__sparkling-1.webp,Melloblum__1032400__ThreeQuarter__Sparkling-01.webp,Images/Melloblum__1032400__ThreeQuarter__Sparkling-01.webp
Melloblum,melloblum,1032400,1032400,,threequarter,sparkling-2,Sparkling-02,melloblum__1032400__threequarter__sparkling-2.webp,Melloblum__1032400__ThreeQuarter__Sparkling-02.webp,Images/Melloblum__1032400__ThreeQuarter__Sparkling-02.webp
Melloblum,melloblum,1032400,1032400,,threequarter,sparkling-3,Sparkling-03,melloblum__1032400__threequarter__sparkling-3.webp,Melloblum__1032400__ThreeQuarter__Sparkling-03.webp,Images/Melloblum__1032400__ThreeQuarter__Sparkling-03.webp
Melloblum,melloblum,1032400,1032400,,threequarter,sparkling-4,Sparkling-04,melloblum__1032400__threequarter__sparkling-4.webp,Melloblum__1032400__ThreeQuarter__Sparkling-04.webp,Images/Melloblum__1032400__ThreeQuarter__Sparkling-04.webp
Melloblum,melloblum,1032400,1032400,,threequarter,sparkling-5,Sparkling-05,melloblum__1032400__threequarter__sparkling-5.webp,Melloblum__1032400__ThreeQuarter__Sparkling-05.webp,Images/Melloblum__1032400__ThreeQuarter__Sparkling-05.webp
Melloblum,melloblum,1032400,1032400,,threequarter,sparkling-6,Sparkling-06,melloblum__1032400__threequarter__sparkling-6.webp,Melloblum__1032400__ThreeQuarter__Sparkling-06.webp,Images/Melloblum__1032400__ThreeQuarter__Sparkling-06.webp
Melloblum,melloblum,1032400,1032400,,threequarter,sparkling-7,Sparkling-07,melloblum__1032400__threequarter__sparkling-7.webp,Melloblum__1032400__ThreeQuarter__Sparkling-07.webp,Images/Melloblum__1032400__ThreeQuarter__Sparkling-07.webp
Melloblum,melloblum,1032400,1032400,,threequarter,sparkling-8,Sparkling-08,melloblum__1032400__threequarter__sparkling-8.webp,Melloblum__1032400__ThreeQuarter__Sparkling-08.webp,Images/Melloblum__1032400__ThreeQuarter__Sparkling-08.webp
Melloblum,melloblum,1032400,1032400,,threequarter,sparkling-9,Sparkling-09,melloblum__1032400__threequarter__sparkling-9.webp,Melloblum__1032400__ThreeQuarter__Sparkling-09.webp,Images/Melloblum__1032400__ThreeQuarter__Sparkling-09.webp
Melloblum,melloblum,1032400,1032400,,threequarter,sparkling-10,Sparkling-10,melloblum__1032400__threequarter__sparkling-10.webp,Melloblum__1032400__ThreeQuarter__Sparkling-10.webp,Images/Melloblum__1032400__ThreeQuarter__Sparkling-10.webp
Melloblum,melloblum,1032400,1032400,,threequarter,sparkling-11,Sparkling-11,melloblum__1032400__threequarter__sparkling-11.webp,Melloblum__1032400__ThreeQuarter__Sparkling-11.webp,Images/Melloblum__1032400__ThreeQuarter__Sparkling-11.webp
Melloblum,melloblum,1032400,1032400,,threequarter,sparkling-12,Sparkling-12,melloblum__1032400__threequarter__sparkling-12.webp,Melloblum__1032400__ThreeQuarter__Sparkling-12.webp,Images/Melloblum__1032400__ThreeQuarter__Sparkling-12.webp
Melloblum,melloblum,1032400,1032400,,threequarter,umbral,Umbral,melloblum__1032400__threequarter__umbral.webp,Melloblum__1032400__ThreeQuarter__Umbral.webp,Images/Melloblum__1032400__ThreeQuarter__Umbral.webp
Melloblum,melloblum,1032402,1032402,,threequarter,normal,Normal,melloblum__1032402__threequarter__normal.webp,Melloblum__1032402__ThreeQuarter__Normal.webp,Images/Melloblum__1032402__ThreeQuarter__Normal.webp
Melloblum,melloblum,1032402,1032402,,threequarter,sparkling-1,Sparkling-01,melloblum__1032402__threequarter__sparkling-1.webp,Melloblum__1032402__ThreeQuarter__Sparkling-01.webp,Images/Melloblum__1032402__ThreeQuarter__Sparkling-01.webp
Melloblum,melloblum,1032402,1032402,,threequarter,sparkling-2,Sparkling-02,melloblum__1032402__threequarter__sparkling-2.webp,Melloblum__1032402__ThreeQuarter__Sparkling-02.webp,Images/Melloblum__1032402__ThreeQuarter__Sparkling-02.webp
Melloblum,melloblum,1032402,1032402,,threequarter,sparkling-3,Sparkling-03,melloblum__1032402__threequarter__sparkling-3.webp,Melloblum__1032402__ThreeQuarter__Sparkling-03.webp,Images/Melloblum__1032402__ThreeQuarter__Sparkling-03.webp
Melloblum,melloblum,1032402,1032402,,threequarter,sparkling-4,Sparkling-04,melloblum__1032402__threequarter__sparkling-4.webp,Melloblum__1032402__ThreeQuarter__Sparkling-04.webp,Images/Melloblum__1032402__ThreeQuarter__Sparkling-04.webp
Melloblum,melloblum,1032402,1032402,,threequarter,sparkling-5,Sparkling-05,melloblum__1032402__threequarter__sparkling-5.webp,Melloblum__1032402__ThreeQuarter__Sparkling-05.webp,Images/Melloblum__1032402__ThreeQuarter__Sparkling-05.webp
Melloblum,melloblum,1032402,1032402,,threequarter,sparkling-6,Sparkling-06,melloblum__1032402__threequarter__sparkling-6.webp,Melloblum__1032402__ThreeQuarter__Sparkling-06.webp,Images/Melloblum__1032402__ThreeQuarter__Sparkling-06.webp
Melloblum,melloblum,1032402,1032402,,threequarter,sparkling-7,Sparkling-07,melloblum__1032402__threequarter__sparkling-7.webp,Melloblum__1032402__ThreeQuarter__Sparkling-07.webp,Images/Melloblum__1032402__ThreeQuarter__Sparkling-07.webp
Melloblum,melloblum,1032402,1032402,,threequarter,sparkling-8,Sparkling-08,melloblum__1032402__threequarter__sparkling-8.webp,Melloblum__1032402__ThreeQuarter__Sparkling-08.webp,Images/Melloblum__1032402__ThreeQuarter__Sparkling-08.webp
Melloblum,melloblum,1032402,1032402,,threequarter,sparkling-9,Sparkling-09,melloblum__1032402__threequarter__sparkling-9.webp,Melloblum__1032402__ThreeQuarter__Sparkling-09.webp,Images/Melloblum__1032402__ThreeQuarter__Sparkling-09.webp
Melloblum,melloblum,1032402,1032402,,threequarter,sparkling-10,Sparkling-10,melloblum__1032402__threequarter__sparkling-10.webp,Melloblum__1032402__ThreeQuarter__Sparkling-10.webp,Images/Melloblum__1032402__ThreeQuarter__Sparkling-10.webp
Melloblum,melloblum,1032402,1032402,,threequarter,sparkling-11,Sparkling-11,melloblum__1032402__threequarter__sparkling-11.webp,Melloblum__1032402__ThreeQuarter__Sparkling-11.webp,Images/Melloblum__1032402__ThreeQuarter__Sparkling-11.webp
Melloblum,melloblum,1032402,1032402,,threequarter,sparkling-12,Sparkling-12,melloblum__1032402__threequarter__sparkling-12.webp,Melloblum__1032402__ThreeQuarter__Sparkling-12.webp,Images/Melloblum__1032402__ThreeQuarter__Sparkling-12.webp
Minespine,minespine,1028500,1028500,,threequarter,normal,Normal,minespine__1028500__threequarter__normal.webp,Minespine__1028500__ThreeQuarter__Normal.webp,Images/Minespine__1028500__ThreeQuarter__Normal.webp
Minespine,minespine,1028500,1028500,,threequarter,sparkling-1,Sparkling-01,minespine__1028500__threequarter__sparkling-1.webp,Minespine__1028500__ThreeQuarter__Sparkling-01.webp,Images/Minespine__1028500__ThreeQuarter__Sparkling-01.webp
Minespine,minespine,1028500,1028500,,threequarter,sparkling-2,Sparkling-02,minespine__1028500__threequarter__sparkling-2.webp,Minespine__1028500__ThreeQuarter__Sparkling-02.webp,Images/Minespine__1028500__ThreeQuarter__Sparkling-02.webp
Minespine,minespine,1028500,1028500,,threequarter,sparkling-3,Sparkling-03,minespine__1028500__threequarter__sparkling-3.webp,Minespine__1028500__ThreeQuarter__Sparkling-03.webp,Images/Minespine__1028500__ThreeQuarter__Sparkling-03.webp
Minespine,minespine,1028500,1028500,,threequarter,sparkling-4,Sparkling-04,minespine__1028500__threequarter__sparkling-4.webp,Minespine__1028500__ThreeQuarter__Sparkling-04.webp,Images/Minespine__1028500__ThreeQuarter__Sparkling-04.webp
Minespine,minespine,1028500,1028500,,threequarter,sparkling-5,Sparkling-05,minespine__1028500__threequarter__sparkling-5.webp,Minespine__1028500__ThreeQuarter__Sparkling-05.webp,Images/Minespine__1028500__ThreeQuarter__Sparkling-05.webp
Minespine,minespine,1028500,1028500,,threequarter,sparkling-6,Sparkling-06,minespine__1028500__threequarter__sparkling-6.webp,Minespine__1028500__ThreeQuarter__Sparkling-06.webp,Images/Minespine__1028500__ThreeQuarter__Sparkling-06.webp
Minespine,minespine,1028500,1028500,,threequarter,sparkling-7,Sparkling-07,minespine__1028500__threequarter__sparkling-7.webp,Minespine__1028500__ThreeQuarter__Sparkling-07.webp,Images/Minespine__1028500__ThreeQuarter__Sparkling-07.webp
Minespine,minespine,1028500,1028500,,threequarter,sparkling-8,Sparkling-08,minespine__1028500__threequarter__sparkling-8.webp,Minespine__1028500__ThreeQuarter__Sparkling-08.webp,Images/Minespine__1028500__ThreeQuarter__Sparkling-08.webp
Minespine,minespine,1028500,1028500,,threequarter,sparkling-9,Sparkling-09,minespine__1028500__threequarter__sparkling-9.webp,Minespine__1028500__ThreeQuarter__Sparkling-09.webp,Images/Minespine__1028500__ThreeQuarter__Sparkling-09.webp
Minespine,minespine,1028500,1028500,,threequarter,sparkling-10,Sparkling-10,minespine__1028500__threequarter__sparkling-10.webp,Minespine__1028500__ThreeQuarter__Sparkling-10.webp,Images/Minespine__1028500__ThreeQuarter__Sparkling-10.webp
Minespine,minespine,1028500,1028500,,threequarter,sparkling-11,Sparkling-11,minespine__1028500__threequarter__sparkling-11.webp,Minespine__1028500__ThreeQuarter__Sparkling-11.webp,Images/Minespine__1028500__ThreeQuarter__Sparkling-11.webp
Minespine,minespine,1028500,1028500,,threequarter,sparkling-12,Sparkling-12,minespine__1028500__threequarter__sparkling-12.webp,Minespine__1028500__ThreeQuarter__Sparkling-12.webp,Images/Minespine__1028500__ThreeQuarter__Sparkling-12.webp
Minespine,minespine,1028500,1028500,,threequarter,umbral,Umbral,minespine__1028500__threequarter__umbral.webp,Minespine__1028500__ThreeQuarter__Umbral.webp,Images/Minespine__1028500__ThreeQuarter__Umbral.webp
Morphling,morphling,1024100,1024100,,threequarter,normal,Normal,morphling__1024100__threequarter__normal.webp,Morphling__1024100__ThreeQuarter__Normal.webp,Images/Morphling__1024100__ThreeQuarter__Normal.webp
Morphling,morphling,1024100,1024100,,threequarter,sparkling-1,Sparkling-01,morphling__1024100__threequarter__sparkling-1.webp,Morphling__1024100__ThreeQuarter__Sparkling-01.webp,Images/Morphling__1024100__ThreeQuarter__Sparkling-01.webp
Morphling,morphling,1024100,1024100,,threequarter,sparkling-2,Sparkling-02,morphling__1024100__threequarter__sparkling-2.webp,Morphling__1024100__ThreeQuarter__Sparkling-02.webp,Images/Morphling__1024100__ThreeQuarter__Sparkling-02.webp
Morphling,morphling,1024100,1024100,,threequarter,sparkling-3,Sparkling-03,morphling__1024100__threequarter__sparkling-3.webp,Morphling__1024100__ThreeQuarter__Sparkling-03.webp,Images/Morphling__1024100__ThreeQuarter__Sparkling-03.webp
Morphling,morphling,1024100,1024100,,threequarter,sparkling-4,Sparkling-04,morphling__1024100__threequarter__sparkling-4.webp,Morphling__1024100__ThreeQuarter__Sparkling-04.webp,Images/Morphling__1024100__ThreeQuarter__Sparkling-04.webp
Morphling,morphling,1024100,1024100,,threequarter,sparkling-5,Sparkling-05,morphling__1024100__threequarter__sparkling-5.webp,Morphling__1024100__ThreeQuarter__Sparkling-05.webp,Images/Morphling__1024100__ThreeQuarter__Sparkling-05.webp
Morphling,morphling,1024100,1024100,,threequarter,sparkling-6,Sparkling-06,morphling__1024100__threequarter__sparkling-6.webp,Morphling__1024100__ThreeQuarter__Sparkling-06.webp,Images/Morphling__1024100__ThreeQuarter__Sparkling-06.webp
Morphling,morphling,1024100,1024100,,threequarter,sparkling-7,Sparkling-07,morphling__1024100__threequarter__sparkling-7.webp,Morphling__1024100__ThreeQuarter__Sparkling-07.webp,Images/Morphling__1024100__ThreeQuarter__Sparkling-07.webp
Morphling,morphling,1024100,1024100,,threequarter,sparkling-8,Sparkling-08,morphling__1024100__threequarter__sparkling-8.webp,Morphling__1024100__ThreeQuarter__Sparkling-08.webp,Images/Morphling__1024100__ThreeQuarter__Sparkling-08.webp
Morphling,morphling,1024100,1024100,,threequarter,sparkling-9,Sparkling-09,morphling__1024100__threequarter__sparkling-9.webp,Morphling__1024100__ThreeQuarter__Sparkling-09.webp,Images/Morphling__1024100__ThreeQuarter__Sparkling-09.webp
Morphling,morphling,1024100,1024100,,threequarter,sparkling-10,Sparkling-10,morphling__1024100__threequarter__sparkling-10.webp,Morphling__1024100__ThreeQuarter__Sparkling-10.webp,Images/Morphling__1024100__ThreeQuarter__Sparkling-10.webp
Morphling,morphling,1024100,1024100,,threequarter,sparkling-11,Sparkling-11,morphling__1024100__threequarter__sparkling-11.webp,Morphling__1024100__ThreeQuarter__Sparkling-11.webp,Images/Morphling__1024100__ThreeQuarter__Sparkling-11.webp
Morphling,morphling,1024100,1024100,,threequarter,sparkling-12,Sparkling-12,morphling__1024100__threequarter__sparkling-12.webp,Morphling__1024100__ThreeQuarter__Sparkling-12.webp,Images/Morphling__1024100__ThreeQuarter__Sparkling-12.webp
Morphling,morphling,1024100,1024100,,threequarter,umbral,Umbral,morphling__1024100__threequarter__umbral.webp,Morphling__1024100__ThreeQuarter__Umbral.webp,Images/Morphling__1024100__ThreeQuarter__Umbral.webp
Nimbi,nimbi,1026100,1026100,,threequarter,normal,Normal,nimbi__1026100__threequarter__normal.webp,Nimbi__1026100__ThreeQuarter__Normal.webp,Images/Nimbi__1026100__ThreeQuarter__Normal.webp
Nimbi,nimbi,1026100,1026100,,threequarter,sparkling-1,Sparkling-01,nimbi__1026100__threequarter__sparkling-1.webp,Nimbi__1026100__ThreeQuarter__Sparkling-01.webp,Images/Nimbi__1026100__ThreeQuarter__Sparkling-01.webp
Nimbi,nimbi,1026100,1026100,,threequarter,sparkling-2,Sparkling-02,nimbi__1026100__threequarter__sparkling-2.webp,Nimbi__1026100__ThreeQuarter__Sparkling-02.webp,Images/Nimbi__1026100__ThreeQuarter__Sparkling-02.webp
Nimbi,nimbi,1026100,1026100,,threequarter,sparkling-3,Sparkling-03,nimbi__1026100__threequarter__sparkling-3.webp,Nimbi__1026100__ThreeQuarter__Sparkling-03.webp,Images/Nimbi__1026100__ThreeQuarter__Sparkling-03.webp
Nimbi,nimbi,1026100,1026100,,threequarter,sparkling-4,Sparkling-04,nimbi__1026100__threequarter__sparkling-4.webp,Nimbi__1026100__ThreeQuarter__Sparkling-04.webp,Images/Nimbi__1026100__ThreeQuarter__Sparkling-04.webp
Nimbi,nimbi,1026100,1026100,,threequarter,sparkling-5,Sparkling-05,nimbi__1026100__threequarter__sparkling-5.webp,Nimbi__1026100__ThreeQuarter__Sparkling-05.webp,Images/Nimbi__1026100__ThreeQuarter__Sparkling-05.webp
Nimbi,nimbi,1026100,1026100,,threequarter,sparkling-6,Sparkling-06,nimbi__1026100__threequarter__sparkling-6.webp,Nimbi__1026100__ThreeQuarter__Sparkling-06.webp,Images/Nimbi__1026100__ThreeQuarter__Sparkling-06.webp
Nimbi,nimbi,1026100,1026100,,threequarter,sparkling-7,Sparkling-07,nimbi__1026100__threequarter__sparkling-7.webp,Nimbi__1026100__ThreeQuarter__Sparkling-07.webp,Images/Nimbi__1026100__ThreeQuarter__Sparkling-07.webp
Nimbi,nimbi,1026100,1026100,,threequarter,sparkling-8,Sparkling-08,nimbi__1026100__threequarter__sparkling-8.webp,Nimbi__1026100__ThreeQuarter__Sparkling-08.webp,Images/Nimbi__1026100__ThreeQuarter__Sparkling-08.webp
Nimbi,nimbi,1026100,1026100,,threequarter,sparkling-9,Sparkling-09,nimbi__1026100__threequarter__sparkling-9.webp,Nimbi__1026100__ThreeQuarter__Sparkling-09.webp,Images/Nimbi__1026100__ThreeQuarter__Sparkling-09.webp
Nimbi,nimbi,1026100,1026100,,threequarter,sparkling-10,Sparkling-10,nimbi__1026100__threequarter__sparkling-10.webp,Nimbi__1026100__ThreeQuarter__Sparkling-10.webp,Images/Nimbi__1026100__ThreeQuarter__Sparkling-10.webp
Nimbi,nimbi,1026100,1026100,,threequarter,sparkling-11,Sparkling-11,nimbi__1026100__threequarter__sparkling-11.webp,Nimbi__1026100__ThreeQuarter__Sparkling-11.webp,Images/Nimbi__1026100__ThreeQuarter__Sparkling-11.webp
Nimbi,nimbi,1026100,1026100,,threequarter,sparkling-12,Sparkling-12,nimbi__1026100__threequarter__sparkling-12.webp,Nimbi__1026100__ThreeQuarter__Sparkling-12.webp,Images/Nimbi__1026100__ThreeQuarter__Sparkling-12.webp
Nimbi,nimbi,1026100,1026100,,threequarter,umbral,Umbral,nimbi__1026100__threequarter__umbral.webp,Nimbi__1026100__ThreeQuarter__Umbral.webp,Images/Nimbi__1026100__ThreeQuarter__Umbral.webp
Nimbi,nimbi,1026101,1026101,,threequarter,normal,Normal,nimbi__1026101__threequarter__normal.webp,Nimbi__1026101__ThreeQuarter__Normal.webp,Images/Nimbi__1026101__ThreeQuarter__Normal.webp
Nimbi,nimbi,1026101,1026101,,threequarter,sparkling-1,Sparkling-01,nimbi__1026101__threequarter__sparkling-1.webp,Nimbi__1026101__ThreeQuarter__Sparkling-01.webp,Images/Nimbi__1026101__ThreeQuarter__Sparkling-01.webp
Nimbi,nimbi,1026101,1026101,,threequarter,sparkling-2,Sparkling-02,nimbi__1026101__threequarter__sparkling-2.webp,Nimbi__1026101__ThreeQuarter__Sparkling-02.webp,Images/Nimbi__1026101__ThreeQuarter__Sparkling-02.webp
Nimbi,nimbi,1026101,1026101,,threequarter,sparkling-3,Sparkling-03,nimbi__1026101__threequarter__sparkling-3.webp,Nimbi__1026101__ThreeQuarter__Sparkling-03.webp,Images/Nimbi__1026101__ThreeQuarter__Sparkling-03.webp
Nimbi,nimbi,1026101,1026101,,threequarter,sparkling-4,Sparkling-04,nimbi__1026101__threequarter__sparkling-4.webp,Nimbi__1026101__ThreeQuarter__Sparkling-04.webp,Images/Nimbi__1026101__ThreeQuarter__Sparkling-04.webp
Nimbi,nimbi,1026101,1026101,,threequarter,sparkling-5,Sparkling-05,nimbi__1026101__threequarter__sparkling-5.webp,Nimbi__1026101__ThreeQuarter__Sparkling-05.webp,Images/Nimbi__1026101__ThreeQuarter__Sparkling-05.webp
Nimbi,nimbi,1026101,1026101,,threequarter,sparkling-6,Sparkling-06,nimbi__1026101__threequarter__sparkling-6.webp,Nimbi__1026101__ThreeQuarter__Sparkling-06.webp,Images/Nimbi__1026101__ThreeQuarter__Sparkling-06.webp
Nimbi,nimbi,1026101,1026101,,threequarter,sparkling-7,Sparkling-07,nimbi__1026101__threequarter__sparkling-7.webp,Nimbi__1026101__ThreeQuarter__Sparkling-07.webp,Images/Nimbi__1026101__ThreeQuarter__Sparkling-07.webp
Nimbi,nimbi,1026101,1026101,,threequarter,sparkling-8,Sparkling-08,nimbi__1026101__threequarter__sparkling-8.webp,Nimbi__1026101__ThreeQuarter__Sparkling-08.webp,Images/Nimbi__1026101__ThreeQuarter__Sparkling-08.webp
Nimbi,nimbi,1026101,1026101,,threequarter,sparkling-9,Sparkling-09,nimbi__1026101__threequarter__sparkling-9.webp,Nimbi__1026101__ThreeQuarter__Sparkling-09.webp,Images/Nimbi__1026101__ThreeQuarter__Sparkling-09.webp
Nimbi,nimbi,1026101,1026101,,threequarter,sparkling-10,Sparkling-10,nimbi__1026101__threequarter__sparkling-10.webp,Nimbi__1026101__ThreeQuarter__Sparkling-10.webp,Images/Nimbi__1026101__ThreeQuarter__Sparkling-10.webp
Nimbi,nimbi,1026101,1026101,,threequarter,sparkling-11,Sparkling-11,nimbi__1026101__threequarter__sparkling-11.webp,Nimbi__1026101__ThreeQuarter__Sparkling-11.webp,Images/Nimbi__1026101__ThreeQuarter__Sparkling-11.webp
Nimbi,nimbi,1026101,1026101,,threequarter,sparkling-12,Sparkling-12,nimbi__1026101__threequarter__sparkling-12.webp,Nimbi__1026101__ThreeQuarter__Sparkling-12.webp,Images/Nimbi__1026101__ThreeQuarter__Sparkling-12.webp
Nimbi,nimbi,1026101,1026101,,threequarter,umbral,Umbral,nimbi__1026101__threequarter__umbral.webp,Nimbi__1026101__ThreeQuarter__Umbral.webp,Images/Nimbi__1026101__ThreeQuarter__Umbral.webp
Nimbi,nimbi,1026102,1026102,,threequarter,normal,Normal,nimbi__1026102__threequarter__normal.webp,Nimbi__1026102__ThreeQuarter__Normal.webp,Images/Nimbi__1026102__ThreeQuarter__Normal.webp
Nimbi,nimbi,1026102,1026102,,threequarter,sparkling-1,Sparkling-01,nimbi__1026102__threequarter__sparkling-1.webp,Nimbi__1026102__ThreeQuarter__Sparkling-01.webp,Images/Nimbi__1026102__ThreeQuarter__Sparkling-01.webp
Nimbi,nimbi,1026102,1026102,,threequarter,sparkling-2,Sparkling-02,nimbi__1026102__threequarter__sparkling-2.webp,Nimbi__1026102__ThreeQuarter__Sparkling-02.webp,Images/Nimbi__1026102__ThreeQuarter__Sparkling-02.webp
Nimbi,nimbi,1026102,1026102,,threequarter,sparkling-3,Sparkling-03,nimbi__1026102__threequarter__sparkling-3.webp,Nimbi__1026102__ThreeQuarter__Sparkling-03.webp,Images/Nimbi__1026102__ThreeQuarter__Sparkling-03.webp
Nimbi,nimbi,1026102,1026102,,threequarter,sparkling-4,Sparkling-04,nimbi__1026102__threequarter__sparkling-4.webp,Nimbi__1026102__ThreeQuarter__Sparkling-04.webp,Images/Nimbi__1026102__ThreeQuarter__Sparkling-04.webp
Nimbi,nimbi,1026102,1026102,,threequarter,sparkling-5,Sparkling-05,nimbi__1026102__threequarter__sparkling-5.webp,Nimbi__1026102__ThreeQuarter__Sparkling-05.webp,Images/Nimbi__1026102__ThreeQuarter__Sparkling-05.webp
Nimbi,nimbi,1026102,1026102,,threequarter,sparkling-6,Sparkling-06,nimbi__1026102__threequarter__sparkling-6.webp,Nimbi__1026102__ThreeQuarter__Sparkling-06.webp,Images/Nimbi__1026102__ThreeQuarter__Sparkling-06.webp
Nimbi,nimbi,1026102,1026102,,threequarter,sparkling-7,Sparkling-07,nimbi__1026102__threequarter__sparkling-7.webp,Nimbi__1026102__ThreeQuarter__Sparkling-07.webp,Images/Nimbi__1026102__ThreeQuarter__Sparkling-07.webp
Nimbi,nimbi,1026102,1026102,,threequarter,sparkling-8,Sparkling-08,nimbi__1026102__threequarter__sparkling-8.webp,Nimbi__1026102__ThreeQuarter__Sparkling-08.webp,Images/Nimbi__1026102__ThreeQuarter__Sparkling-08.webp
Nimbi,nimbi,1026102,1026102,,threequarter,sparkling-9,Sparkling-09,nimbi__1026102__threequarter__sparkling-9.webp,Nimbi__1026102__ThreeQuarter__Sparkling-09.webp,Images/Nimbi__1026102__ThreeQuarter__Sparkling-09.webp
Nimbi,nimbi,1026102,1026102,,threequarter,sparkling-10,Sparkling-10,nimbi__1026102__threequarter__sparkling-10.webp,Nimbi__1026102__ThreeQuarter__Sparkling-10.webp,Images/Nimbi__1026102__ThreeQuarter__Sparkling-10.webp
Nimbi,nimbi,1026102,1026102,,threequarter,sparkling-11,Sparkling-11,nimbi__1026102__threequarter__sparkling-11.webp,Nimbi__1026102__ThreeQuarter__Sparkling-11.webp,Images/Nimbi__1026102__ThreeQuarter__Sparkling-11.webp
Nimbi,nimbi,1026102,1026102,,threequarter,sparkling-12,Sparkling-12,nimbi__1026102__threequarter__sparkling-12.webp,Nimbi__1026102__ThreeQuarter__Sparkling-12.webp,Images/Nimbi__1026102__ThreeQuarter__Sparkling-12.webp
Nimbi,nimbi,1026102,1026102,,threequarter,umbral,Umbral,nimbi__1026102__threequarter__umbral.webp,Nimbi__1026102__ThreeQuarter__Umbral.webp,Images/Nimbi__1026102__ThreeQuarter__Umbral.webp
Nimbi,nimbi,1026105,1026105,,threequarter,normal,Normal,nimbi__1026105__threequarter__normal.webp,Nimbi__1026105__ThreeQuarter__Normal.webp,Images/Nimbi__1026105__ThreeQuarter__Normal.webp
Nimbi,nimbi,1026105,1026105,,threequarter,sparkling-1,Sparkling-01,nimbi__1026105__threequarter__sparkling-1.webp,Nimbi__1026105__ThreeQuarter__Sparkling-01.webp,Images/Nimbi__1026105__ThreeQuarter__Sparkling-01.webp
Nimbi,nimbi,1026105,1026105,,threequarter,sparkling-2,Sparkling-02,nimbi__1026105__threequarter__sparkling-2.webp,Nimbi__1026105__ThreeQuarter__Sparkling-02.webp,Images/Nimbi__1026105__ThreeQuarter__Sparkling-02.webp
Nimbi,nimbi,1026105,1026105,,threequarter,sparkling-3,Sparkling-03,nimbi__1026105__threequarter__sparkling-3.webp,Nimbi__1026105__ThreeQuarter__Sparkling-03.webp,Images/Nimbi__1026105__ThreeQuarter__Sparkling-03.webp
Nimbi,nimbi,1026105,1026105,,threequarter,sparkling-4,Sparkling-04,nimbi__1026105__threequarter__sparkling-4.webp,Nimbi__1026105__ThreeQuarter__Sparkling-04.webp,Images/Nimbi__1026105__ThreeQuarter__Sparkling-04.webp
Nimbi,nimbi,1026105,1026105,,threequarter,sparkling-5,Sparkling-05,nimbi__1026105__threequarter__sparkling-5.webp,Nimbi__1026105__ThreeQuarter__Sparkling-05.webp,Images/Nimbi__1026105__ThreeQuarter__Sparkling-05.webp
Nimbi,nimbi,1026105,1026105,,threequarter,sparkling-6,Sparkling-06,nimbi__1026105__threequarter__sparkling-6.webp,Nimbi__1026105__ThreeQuarter__Sparkling-06.webp,Images/Nimbi__1026105__ThreeQuarter__Sparkling-06.webp
Nimbi,nimbi,1026105,1026105,,threequarter,sparkling-7,Sparkling-07,nimbi__1026105__threequarter__sparkling-7.webp,Nimbi__1026105__ThreeQuarter__Sparkling-07.webp,Images/Nimbi__1026105__ThreeQuarter__Sparkling-07.webp
Nimbi,nimbi,1026105,1026105,,threequarter,sparkling-8,Sparkling-08,nimbi__1026105__threequarter__sparkling-8.webp,Nimbi__1026105__ThreeQuarter__Sparkling-08.webp,Images/Nimbi__1026105__ThreeQuarter__Sparkling-08.webp
Nimbi,nimbi,1026105,1026105,,threequarter,sparkling-9,Sparkling-09,nimbi__1026105__threequarter__sparkling-9.webp,Nimbi__1026105__ThreeQuarter__Sparkling-09.webp,Images/Nimbi__1026105__ThreeQuarter__Sparkling-09.webp
Nimbi,nimbi,1026105,1026105,,threequarter,sparkling-10,Sparkling-10,nimbi__1026105__threequarter__sparkling-10.webp,Nimbi__1026105__ThreeQuarter__Sparkling-10.webp,Images/Nimbi__1026105__ThreeQuarter__Sparkling-10.webp
Nimbi,nimbi,1026105,1026105,,threequarter,sparkling-11,Sparkling-11,nimbi__1026105__threequarter__sparkling-11.webp,Nimbi__1026105__ThreeQuarter__Sparkling-11.webp,Images/Nimbi__1026105__ThreeQuarter__Sparkling-11.webp
Nimbi,nimbi,1026105,1026105,,threequarter,sparkling-12,Sparkling-12,nimbi__1026105__threequarter__sparkling-12.webp,Nimbi__1026105__ThreeQuarter__Sparkling-12.webp,Images/Nimbi__1026105__ThreeQuarter__Sparkling-12.webp
Nimbi,nimbi,1026105,1026105,,threequarter,umbral,Umbral,nimbi__1026105__threequarter__umbral.webp,Nimbi__1026105__ThreeQuarter__Umbral.webp,Images/Nimbi__1026105__ThreeQuarter__Umbral.webp
Panpanta,panpanta,1017400,1017400,,threequarter,normal,Normal,panpanta__1017400__threequarter__normal.webp,Panpanta__1017400__ThreeQuarter__Normal.webp,Images/Panpanta__1017400__ThreeQuarter__Normal.webp
Panpanta,panpanta,1017400,1017400,,threequarter,sparkling-1,Sparkling-01,panpanta__1017400__threequarter__sparkling-1.webp,Panpanta__1017400__ThreeQuarter__Sparkling-01.webp,Images/Panpanta__1017400__ThreeQuarter__Sparkling-01.webp
Panpanta,panpanta,1017400,1017400,,threequarter,sparkling-2,Sparkling-02,panpanta__1017400__threequarter__sparkling-2.webp,Panpanta__1017400__ThreeQuarter__Sparkling-02.webp,Images/Panpanta__1017400__ThreeQuarter__Sparkling-02.webp
Panpanta,panpanta,1017400,1017400,,threequarter,sparkling-3,Sparkling-03,panpanta__1017400__threequarter__sparkling-3.webp,Panpanta__1017400__ThreeQuarter__Sparkling-03.webp,Images/Panpanta__1017400__ThreeQuarter__Sparkling-03.webp
Panpanta,panpanta,1017400,1017400,,threequarter,sparkling-4,Sparkling-04,panpanta__1017400__threequarter__sparkling-4.webp,Panpanta__1017400__ThreeQuarter__Sparkling-04.webp,Images/Panpanta__1017400__ThreeQuarter__Sparkling-04.webp
Panpanta,panpanta,1017400,1017400,,threequarter,sparkling-5,Sparkling-05,panpanta__1017400__threequarter__sparkling-5.webp,Panpanta__1017400__ThreeQuarter__Sparkling-05.webp,Images/Panpanta__1017400__ThreeQuarter__Sparkling-05.webp
Panpanta,panpanta,1017400,1017400,,threequarter,sparkling-6,Sparkling-06,panpanta__1017400__threequarter__sparkling-6.webp,Panpanta__1017400__ThreeQuarter__Sparkling-06.webp,Images/Panpanta__1017400__ThreeQuarter__Sparkling-06.webp
Panpanta,panpanta,1017400,1017400,,threequarter,sparkling-7,Sparkling-07,panpanta__1017400__threequarter__sparkling-7.webp,Panpanta__1017400__ThreeQuarter__Sparkling-07.webp,Images/Panpanta__1017400__ThreeQuarter__Sparkling-07.webp
Panpanta,panpanta,1017400,1017400,,threequarter,sparkling-8,Sparkling-08,panpanta__1017400__threequarter__sparkling-8.webp,Panpanta__1017400__ThreeQuarter__Sparkling-08.webp,Images/Panpanta__1017400__ThreeQuarter__Sparkling-08.webp
Panpanta,panpanta,1017400,1017400,,threequarter,sparkling-9,Sparkling-09,panpanta__1017400__threequarter__sparkling-9.webp,Panpanta__1017400__ThreeQuarter__Sparkling-09.webp,Images/Panpanta__1017400__ThreeQuarter__Sparkling-09.webp
Panpanta,panpanta,1017400,1017400,,threequarter,sparkling-10,Sparkling-10,panpanta__1017400__threequarter__sparkling-10.webp,Panpanta__1017400__ThreeQuarter__Sparkling-10.webp,Images/Panpanta__1017400__ThreeQuarter__Sparkling-10.webp
Panpanta,panpanta,1017400,1017400,,threequarter,sparkling-11,Sparkling-11,panpanta__1017400__threequarter__sparkling-11.webp,Panpanta__1017400__ThreeQuarter__Sparkling-11.webp,Images/Panpanta__1017400__ThreeQuarter__Sparkling-11.webp
Panpanta,panpanta,1017400,1017400,,threequarter,sparkling-12,Sparkling-12,panpanta__1017400__threequarter__sparkling-12.webp,Panpanta__1017400__ThreeQuarter__Sparkling-12.webp,Images/Panpanta__1017400__ThreeQuarter__Sparkling-12.webp
Panpanta,panpanta,1017400,1017400,,threequarter,umbral,Umbral,panpanta__1017400__threequarter__umbral.webp,Panpanta__1017400__ThreeQuarter__Umbral.webp,Images/Panpanta__1017400__ThreeQuarter__Umbral.webp
Panpanta,panpanta,1017401,1017401,,threequarter,normal,Normal,panpanta__1017401__threequarter__normal.webp,Panpanta__1017401__ThreeQuarter__Normal.webp,Images/Panpanta__1017401__ThreeQuarter__Normal.webp
Panpanta,panpanta,1017401,1017401,,threequarter,sparkling-1,Sparkling-01,panpanta__1017401__threequarter__sparkling-1.webp,Panpanta__1017401__ThreeQuarter__Sparkling-01.webp,Images/Panpanta__1017401__ThreeQuarter__Sparkling-01.webp
Panpanta,panpanta,1017401,1017401,,threequarter,sparkling-2,Sparkling-02,panpanta__1017401__threequarter__sparkling-2.webp,Panpanta__1017401__ThreeQuarter__Sparkling-02.webp,Images/Panpanta__1017401__ThreeQuarter__Sparkling-02.webp
Panpanta,panpanta,1017401,1017401,,threequarter,sparkling-3,Sparkling-03,panpanta__1017401__threequarter__sparkling-3.webp,Panpanta__1017401__ThreeQuarter__Sparkling-03.webp,Images/Panpanta__1017401__ThreeQuarter__Sparkling-03.webp
Panpanta,panpanta,1017401,1017401,,threequarter,sparkling-4,Sparkling-04,panpanta__1017401__threequarter__sparkling-4.webp,Panpanta__1017401__ThreeQuarter__Sparkling-04.webp,Images/Panpanta__1017401__ThreeQuarter__Sparkling-04.webp
Panpanta,panpanta,1017401,1017401,,threequarter,sparkling-5,Sparkling-05,panpanta__1017401__threequarter__sparkling-5.webp,Panpanta__1017401__ThreeQuarter__Sparkling-05.webp,Images/Panpanta__1017401__ThreeQuarter__Sparkling-05.webp
Panpanta,panpanta,1017401,1017401,,threequarter,sparkling-6,Sparkling-06,panpanta__1017401__threequarter__sparkling-6.webp,Panpanta__1017401__ThreeQuarter__Sparkling-06.webp,Images/Panpanta__1017401__ThreeQuarter__Sparkling-06.webp
Panpanta,panpanta,1017401,1017401,,threequarter,sparkling-7,Sparkling-07,panpanta__1017401__threequarter__sparkling-7.webp,Panpanta__1017401__ThreeQuarter__Sparkling-07.webp,Images/Panpanta__1017401__ThreeQuarter__Sparkling-07.webp
Panpanta,panpanta,1017401,1017401,,threequarter,sparkling-8,Sparkling-08,panpanta__1017401__threequarter__sparkling-8.webp,Panpanta__1017401__ThreeQuarter__Sparkling-08.webp,Images/Panpanta__1017401__ThreeQuarter__Sparkling-08.webp
Panpanta,panpanta,1017401,1017401,,threequarter,sparkling-9,Sparkling-09,panpanta__1017401__threequarter__sparkling-9.webp,Panpanta__1017401__ThreeQuarter__Sparkling-09.webp,Images/Panpanta__1017401__ThreeQuarter__Sparkling-09.webp
Panpanta,panpanta,1017401,1017401,,threequarter,sparkling-10,Sparkling-10,panpanta__1017401__threequarter__sparkling-10.webp,Panpanta__1017401__ThreeQuarter__Sparkling-10.webp,Images/Panpanta__1017401__ThreeQuarter__Sparkling-10.webp
Panpanta,panpanta,1017401,1017401,,threequarter,sparkling-11,Sparkling-11,panpanta__1017401__threequarter__sparkling-11.webp,Panpanta__1017401__ThreeQuarter__Sparkling-11.webp,Images/Panpanta__1017401__ThreeQuarter__Sparkling-11.webp
Panpanta,panpanta,1017401,1017401,,threequarter,sparkling-12,Sparkling-12,panpanta__1017401__threequarter__sparkling-12.webp,Panpanta__1017401__ThreeQuarter__Sparkling-12.webp,Images/Panpanta__1017401__ThreeQuarter__Sparkling-12.webp
Panpanta,panpanta,1017401,1017401,,threequarter,umbral,Umbral,panpanta__1017401__threequarter__umbral.webp,Panpanta__1017401__ThreeQuarter__Umbral.webp,Images/Panpanta__1017401__ThreeQuarter__Umbral.webp
Panpanta,panpanta,1017402,1017402,,threequarter,normal,Normal,panpanta__1017402__threequarter__normal.webp,Panpanta__1017402__ThreeQuarter__Normal.webp,Images/Panpanta__1017402__ThreeQuarter__Normal.webp
Panpanta,panpanta,1017402,1017402,,threequarter,sparkling-1,Sparkling-01,panpanta__1017402__threequarter__sparkling-1.webp,Panpanta__1017402__ThreeQuarter__Sparkling-01.webp,Images/Panpanta__1017402__ThreeQuarter__Sparkling-01.webp
Panpanta,panpanta,1017402,1017402,,threequarter,sparkling-2,Sparkling-02,panpanta__1017402__threequarter__sparkling-2.webp,Panpanta__1017402__ThreeQuarter__Sparkling-02.webp,Images/Panpanta__1017402__ThreeQuarter__Sparkling-02.webp
Panpanta,panpanta,1017402,1017402,,threequarter,sparkling-3,Sparkling-03,panpanta__1017402__threequarter__sparkling-3.webp,Panpanta__1017402__ThreeQuarter__Sparkling-03.webp,Images/Panpanta__1017402__ThreeQuarter__Sparkling-03.webp
Panpanta,panpanta,1017402,1017402,,threequarter,sparkling-4,Sparkling-04,panpanta__1017402__threequarter__sparkling-4.webp,Panpanta__1017402__ThreeQuarter__Sparkling-04.webp,Images/Panpanta__1017402__ThreeQuarter__Sparkling-04.webp
Panpanta,panpanta,1017402,1017402,,threequarter,sparkling-5,Sparkling-05,panpanta__1017402__threequarter__sparkling-5.webp,Panpanta__1017402__ThreeQuarter__Sparkling-05.webp,Images/Panpanta__1017402__ThreeQuarter__Sparkling-05.webp
Panpanta,panpanta,1017402,1017402,,threequarter,sparkling-6,Sparkling-06,panpanta__1017402__threequarter__sparkling-6.webp,Panpanta__1017402__ThreeQuarter__Sparkling-06.webp,Images/Panpanta__1017402__ThreeQuarter__Sparkling-06.webp
Panpanta,panpanta,1017402,1017402,,threequarter,sparkling-7,Sparkling-07,panpanta__1017402__threequarter__sparkling-7.webp,Panpanta__1017402__ThreeQuarter__Sparkling-07.webp,Images/Panpanta__1017402__ThreeQuarter__Sparkling-07.webp
Panpanta,panpanta,1017402,1017402,,threequarter,sparkling-8,Sparkling-08,panpanta__1017402__threequarter__sparkling-8.webp,Panpanta__1017402__ThreeQuarter__Sparkling-08.webp,Images/Panpanta__1017402__ThreeQuarter__Sparkling-08.webp
Panpanta,panpanta,1017402,1017402,,threequarter,sparkling-9,Sparkling-09,panpanta__1017402__threequarter__sparkling-9.webp,Panpanta__1017402__ThreeQuarter__Sparkling-09.webp,Images/Panpanta__1017402__ThreeQuarter__Sparkling-09.webp
Panpanta,panpanta,1017402,1017402,,threequarter,sparkling-10,Sparkling-10,panpanta__1017402__threequarter__sparkling-10.webp,Panpanta__1017402__ThreeQuarter__Sparkling-10.webp,Images/Panpanta__1017402__ThreeQuarter__Sparkling-10.webp
Panpanta,panpanta,1017402,1017402,,threequarter,sparkling-11,Sparkling-11,panpanta__1017402__threequarter__sparkling-11.webp,Panpanta__1017402__ThreeQuarter__Sparkling-11.webp,Images/Panpanta__1017402__ThreeQuarter__Sparkling-11.webp
Panpanta,panpanta,1017402,1017402,,threequarter,sparkling-12,Sparkling-12,panpanta__1017402__threequarter__sparkling-12.webp,Panpanta__1017402__ThreeQuarter__Sparkling-12.webp,Images/Panpanta__1017402__ThreeQuarter__Sparkling-12.webp
Pawney,pawney,1002600,1002600,,threequarter,normal,Normal,pawney__1002600__threequarter__normal.webp,Pawney__1002600__ThreeQuarter__Normal.webp,Images/Pawney__1002600__ThreeQuarter__Normal.webp
Pawney,pawney,1002600,1002600,,threequarter,sparkling-1,Sparkling-01,pawney__1002600__threequarter__sparkling-1.webp,Pawney__1002600__ThreeQuarter__Sparkling-01.webp,Images/Pawney__1002600__ThreeQuarter__Sparkling-01.webp
Pawney,pawney,1002600,1002600,,threequarter,sparkling-2,Sparkling-02,pawney__1002600__threequarter__sparkling-2.webp,Pawney__1002600__ThreeQuarter__Sparkling-02.webp,Images/Pawney__1002600__ThreeQuarter__Sparkling-02.webp
Pawney,pawney,1002600,1002600,,threequarter,sparkling-3,Sparkling-03,pawney__1002600__threequarter__sparkling-3.webp,Pawney__1002600__ThreeQuarter__Sparkling-03.webp,Images/Pawney__1002600__ThreeQuarter__Sparkling-03.webp
Pawney,pawney,1002600,1002600,,threequarter,sparkling-4,Sparkling-04,pawney__1002600__threequarter__sparkling-4.webp,Pawney__1002600__ThreeQuarter__Sparkling-04.webp,Images/Pawney__1002600__ThreeQuarter__Sparkling-04.webp
Pawney,pawney,1002600,1002600,,threequarter,sparkling-5,Sparkling-05,pawney__1002600__threequarter__sparkling-5.webp,Pawney__1002600__ThreeQuarter__Sparkling-05.webp,Images/Pawney__1002600__ThreeQuarter__Sparkling-05.webp
Pawney,pawney,1002600,1002600,,threequarter,sparkling-6,Sparkling-06,pawney__1002600__threequarter__sparkling-6.webp,Pawney__1002600__ThreeQuarter__Sparkling-06.webp,Images/Pawney__1002600__ThreeQuarter__Sparkling-06.webp
Pawney,pawney,1002600,1002600,,threequarter,sparkling-7,Sparkling-07,pawney__1002600__threequarter__sparkling-7.webp,Pawney__1002600__ThreeQuarter__Sparkling-07.webp,Images/Pawney__1002600__ThreeQuarter__Sparkling-07.webp
Pawney,pawney,1002600,1002600,,threequarter,sparkling-8,Sparkling-08,pawney__1002600__threequarter__sparkling-8.webp,Pawney__1002600__ThreeQuarter__Sparkling-08.webp,Images/Pawney__1002600__ThreeQuarter__Sparkling-08.webp
Pawney,pawney,1002600,1002600,,threequarter,sparkling-9,Sparkling-09,pawney__1002600__threequarter__sparkling-9.webp,Pawney__1002600__ThreeQuarter__Sparkling-09.webp,Images/Pawney__1002600__ThreeQuarter__Sparkling-09.webp
Pawney,pawney,1002600,1002600,,threequarter,sparkling-10,Sparkling-10,pawney__1002600__threequarter__sparkling-10.webp,Pawney__1002600__ThreeQuarter__Sparkling-10.webp,Images/Pawney__1002600__ThreeQuarter__Sparkling-10.webp
Pawney,pawney,1002600,1002600,,threequarter,sparkling-11,Sparkling-11,pawney__1002600__threequarter__sparkling-11.webp,Pawney__1002600__ThreeQuarter__Sparkling-11.webp,Images/Pawney__1002600__ThreeQuarter__Sparkling-11.webp
Pawney,pawney,1002600,1002600,,threequarter,sparkling-12,Sparkling-12,pawney__1002600__threequarter__sparkling-12.webp,Pawney__1002600__ThreeQuarter__Sparkling-12.webp,Images/Pawney__1002600__ThreeQuarter__Sparkling-12.webp
Pawney,pawney,1002600,1002600,,threequarter,umbral,Umbral,pawney__1002600__threequarter__umbral.webp,Pawney__1002600__ThreeQuarter__Umbral.webp,Images/Pawney__1002600__ThreeQuarter__Umbral.webp
Pawney,pawney,1002601,1002601,,threequarter,normal,Normal,pawney__1002601__threequarter__normal.webp,Pawney__1002601__ThreeQuarter__Normal.webp,Images/Pawney__1002601__ThreeQuarter__Normal.webp
Pawney,pawney,1002601,1002601,,threequarter,sparkling-1,Sparkling-01,pawney__1002601__threequarter__sparkling-1.webp,Pawney__1002601__ThreeQuarter__Sparkling-01.webp,Images/Pawney__1002601__ThreeQuarter__Sparkling-01.webp
Pawney,pawney,1002601,1002601,,threequarter,sparkling-2,Sparkling-02,pawney__1002601__threequarter__sparkling-2.webp,Pawney__1002601__ThreeQuarter__Sparkling-02.webp,Images/Pawney__1002601__ThreeQuarter__Sparkling-02.webp
Pawney,pawney,1002601,1002601,,threequarter,sparkling-3,Sparkling-03,pawney__1002601__threequarter__sparkling-3.webp,Pawney__1002601__ThreeQuarter__Sparkling-03.webp,Images/Pawney__1002601__ThreeQuarter__Sparkling-03.webp
Pawney,pawney,1002601,1002601,,threequarter,sparkling-4,Sparkling-04,pawney__1002601__threequarter__sparkling-4.webp,Pawney__1002601__ThreeQuarter__Sparkling-04.webp,Images/Pawney__1002601__ThreeQuarter__Sparkling-04.webp
Pawney,pawney,1002601,1002601,,threequarter,sparkling-5,Sparkling-05,pawney__1002601__threequarter__sparkling-5.webp,Pawney__1002601__ThreeQuarter__Sparkling-05.webp,Images/Pawney__1002601__ThreeQuarter__Sparkling-05.webp
Pawney,pawney,1002601,1002601,,threequarter,sparkling-6,Sparkling-06,pawney__1002601__threequarter__sparkling-6.webp,Pawney__1002601__ThreeQuarter__Sparkling-06.webp,Images/Pawney__1002601__ThreeQuarter__Sparkling-06.webp
Pawney,pawney,1002601,1002601,,threequarter,sparkling-7,Sparkling-07,pawney__1002601__threequarter__sparkling-7.webp,Pawney__1002601__ThreeQuarter__Sparkling-07.webp,Images/Pawney__1002601__ThreeQuarter__Sparkling-07.webp
Pawney,pawney,1002601,1002601,,threequarter,sparkling-8,Sparkling-08,pawney__1002601__threequarter__sparkling-8.webp,Pawney__1002601__ThreeQuarter__Sparkling-08.webp,Images/Pawney__1002601__ThreeQuarter__Sparkling-08.webp
Pawney,pawney,1002601,1002601,,threequarter,sparkling-9,Sparkling-09,pawney__1002601__threequarter__sparkling-9.webp,Pawney__1002601__ThreeQuarter__Sparkling-09.webp,Images/Pawney__1002601__ThreeQuarter__Sparkling-09.webp
Pawney,pawney,1002601,1002601,,threequarter,sparkling-10,Sparkling-10,pawney__1002601__threequarter__sparkling-10.webp,Pawney__1002601__ThreeQuarter__Sparkling-10.webp,Images/Pawney__1002601__ThreeQuarter__Sparkling-10.webp
Pawney,pawney,1002601,1002601,,threequarter,sparkling-11,Sparkling-11,pawney__1002601__threequarter__sparkling-11.webp,Pawney__1002601__ThreeQuarter__Sparkling-11.webp,Images/Pawney__1002601__ThreeQuarter__Sparkling-11.webp
Pawney,pawney,1002601,1002601,,threequarter,sparkling-12,Sparkling-12,pawney__1002601__threequarter__sparkling-12.webp,Pawney__1002601__ThreeQuarter__Sparkling-12.webp,Images/Pawney__1002601__ThreeQuarter__Sparkling-12.webp
Pawney,pawney,1002601,1002601,,threequarter,umbral,Umbral,pawney__1002601__threequarter__umbral.webp,Pawney__1002601__ThreeQuarter__Umbral.webp,Images/Pawney__1002601__ThreeQuarter__Umbral.webp
Pawney,pawney,1002602,1002602,,threequarter,normal,Normal,pawney__1002602__threequarter__normal.webp,Pawney__1002602__ThreeQuarter__Normal.webp,Images/Pawney__1002602__ThreeQuarter__Normal.webp
Pawney,pawney,1002602,1002602,,threequarter,sparkling-1,Sparkling-01,pawney__1002602__threequarter__sparkling-1.webp,Pawney__1002602__ThreeQuarter__Sparkling-01.webp,Images/Pawney__1002602__ThreeQuarter__Sparkling-01.webp
Pawney,pawney,1002602,1002602,,threequarter,sparkling-2,Sparkling-02,pawney__1002602__threequarter__sparkling-2.webp,Pawney__1002602__ThreeQuarter__Sparkling-02.webp,Images/Pawney__1002602__ThreeQuarter__Sparkling-02.webp
Pawney,pawney,1002602,1002602,,threequarter,sparkling-3,Sparkling-03,pawney__1002602__threequarter__sparkling-3.webp,Pawney__1002602__ThreeQuarter__Sparkling-03.webp,Images/Pawney__1002602__ThreeQuarter__Sparkling-03.webp
Pawney,pawney,1002602,1002602,,threequarter,sparkling-4,Sparkling-04,pawney__1002602__threequarter__sparkling-4.webp,Pawney__1002602__ThreeQuarter__Sparkling-04.webp,Images/Pawney__1002602__ThreeQuarter__Sparkling-04.webp
Pawney,pawney,1002602,1002602,,threequarter,sparkling-5,Sparkling-05,pawney__1002602__threequarter__sparkling-5.webp,Pawney__1002602__ThreeQuarter__Sparkling-05.webp,Images/Pawney__1002602__ThreeQuarter__Sparkling-05.webp
Pawney,pawney,1002602,1002602,,threequarter,sparkling-6,Sparkling-06,pawney__1002602__threequarter__sparkling-6.webp,Pawney__1002602__ThreeQuarter__Sparkling-06.webp,Images/Pawney__1002602__ThreeQuarter__Sparkling-06.webp
Pawney,pawney,1002602,1002602,,threequarter,sparkling-7,Sparkling-07,pawney__1002602__threequarter__sparkling-7.webp,Pawney__1002602__ThreeQuarter__Sparkling-07.webp,Images/Pawney__1002602__ThreeQuarter__Sparkling-07.webp
Pawney,pawney,1002602,1002602,,threequarter,sparkling-8,Sparkling-08,pawney__1002602__threequarter__sparkling-8.webp,Pawney__1002602__ThreeQuarter__Sparkling-08.webp,Images/Pawney__1002602__ThreeQuarter__Sparkling-08.webp
Pawney,pawney,1002602,1002602,,threequarter,sparkling-9,Sparkling-09,pawney__1002602__threequarter__sparkling-9.webp,Pawney__1002602__ThreeQuarter__Sparkling-09.webp,Images/Pawney__1002602__ThreeQuarter__Sparkling-09.webp
Pawney,pawney,1002602,1002602,,threequarter,sparkling-10,Sparkling-10,pawney__1002602__threequarter__sparkling-10.webp,Pawney__1002602__ThreeQuarter__Sparkling-10.webp,Images/Pawney__1002602__ThreeQuarter__Sparkling-10.webp
Pawney,pawney,1002602,1002602,,threequarter,sparkling-11,Sparkling-11,pawney__1002602__threequarter__sparkling-11.webp,Pawney__1002602__ThreeQuarter__Sparkling-11.webp,Images/Pawney__1002602__ThreeQuarter__Sparkling-11.webp
Pawney,pawney,1002602,1002602,,threequarter,sparkling-12,Sparkling-12,pawney__1002602__threequarter__sparkling-12.webp,Pawney__1002602__ThreeQuarter__Sparkling-12.webp,Images/Pawney__1002602__ThreeQuarter__Sparkling-12.webp
Pawney,pawney,1002602,1002602,,threequarter,umbral,Umbral,pawney__1002602__threequarter__umbral.webp,Pawney__1002602__ThreeQuarter__Umbral.webp,Images/Pawney__1002602__ThreeQuarter__Umbral.webp
Pawney,pawney,1002603,1002603,,threequarter,normal,Normal,pawney__1002603__threequarter__normal.webp,Pawney__1002603__ThreeQuarter__Normal.webp,Images/Pawney__1002603__ThreeQuarter__Normal.webp
Pawney,pawney,1002603,1002603,,threequarter,sparkling-1,Sparkling-01,pawney__1002603__threequarter__sparkling-1.webp,Pawney__1002603__ThreeQuarter__Sparkling-01.webp,Images/Pawney__1002603__ThreeQuarter__Sparkling-01.webp
Pawney,pawney,1002603,1002603,,threequarter,sparkling-2,Sparkling-02,pawney__1002603__threequarter__sparkling-2.webp,Pawney__1002603__ThreeQuarter__Sparkling-02.webp,Images/Pawney__1002603__ThreeQuarter__Sparkling-02.webp
Pawney,pawney,1002603,1002603,,threequarter,sparkling-3,Sparkling-03,pawney__1002603__threequarter__sparkling-3.webp,Pawney__1002603__ThreeQuarter__Sparkling-03.webp,Images/Pawney__1002603__ThreeQuarter__Sparkling-03.webp
Pawney,pawney,1002603,1002603,,threequarter,sparkling-4,Sparkling-04,pawney__1002603__threequarter__sparkling-4.webp,Pawney__1002603__ThreeQuarter__Sparkling-04.webp,Images/Pawney__1002603__ThreeQuarter__Sparkling-04.webp
Pawney,pawney,1002603,1002603,,threequarter,sparkling-5,Sparkling-05,pawney__1002603__threequarter__sparkling-5.webp,Pawney__1002603__ThreeQuarter__Sparkling-05.webp,Images/Pawney__1002603__ThreeQuarter__Sparkling-05.webp
Pawney,pawney,1002603,1002603,,threequarter,sparkling-6,Sparkling-06,pawney__1002603__threequarter__sparkling-6.webp,Pawney__1002603__ThreeQuarter__Sparkling-06.webp,Images/Pawney__1002603__ThreeQuarter__Sparkling-06.webp
Pawney,pawney,1002603,1002603,,threequarter,sparkling-7,Sparkling-07,pawney__1002603__threequarter__sparkling-7.webp,Pawney__1002603__ThreeQuarter__Sparkling-07.webp,Images/Pawney__1002603__ThreeQuarter__Sparkling-07.webp
Pawney,pawney,1002603,1002603,,threequarter,sparkling-8,Sparkling-08,pawney__1002603__threequarter__sparkling-8.webp,Pawney__1002603__ThreeQuarter__Sparkling-08.webp,Images/Pawney__1002603__ThreeQuarter__Sparkling-08.webp
Pawney,pawney,1002603,1002603,,threequarter,sparkling-9,Sparkling-09,pawney__1002603__threequarter__sparkling-9.webp,Pawney__1002603__ThreeQuarter__Sparkling-09.webp,Images/Pawney__1002603__ThreeQuarter__Sparkling-09.webp
Pawney,pawney,1002603,1002603,,threequarter,sparkling-10,Sparkling-10,pawney__1002603__threequarter__sparkling-10.webp,Pawney__1002603__ThreeQuarter__Sparkling-10.webp,Images/Pawney__1002603__ThreeQuarter__Sparkling-10.webp
Pawney,pawney,1002603,1002603,,threequarter,sparkling-11,Sparkling-11,pawney__1002603__threequarter__sparkling-11.webp,Pawney__1002603__ThreeQuarter__Sparkling-11.webp,Images/Pawney__1002603__ThreeQuarter__Sparkling-11.webp
Pawney,pawney,1002603,1002603,,threequarter,sparkling-12,Sparkling-12,pawney__1002603__threequarter__sparkling-12.webp,Pawney__1002603__ThreeQuarter__Sparkling-12.webp,Images/Pawney__1002603__ThreeQuarter__Sparkling-12.webp
Pebbling,pebbling,1028100,1028100,,threequarter,normal,Normal,pebbling__1028100__threequarter__normal.webp,Pebbling__1028100__ThreeQuarter__Normal.webp,Images/Pebbling__1028100__ThreeQuarter__Normal.webp
Pebbling,pebbling,1028100,1028100,,threequarter,sparkling-1,Sparkling-01,pebbling__1028100__threequarter__sparkling-1.webp,Pebbling__1028100__ThreeQuarter__Sparkling-01.webp,Images/Pebbling__1028100__ThreeQuarter__Sparkling-01.webp
Pebbling,pebbling,1028100,1028100,,threequarter,sparkling-2,Sparkling-02,pebbling__1028100__threequarter__sparkling-2.webp,Pebbling__1028100__ThreeQuarter__Sparkling-02.webp,Images/Pebbling__1028100__ThreeQuarter__Sparkling-02.webp
Pebbling,pebbling,1028100,1028100,,threequarter,sparkling-3,Sparkling-03,pebbling__1028100__threequarter__sparkling-3.webp,Pebbling__1028100__ThreeQuarter__Sparkling-03.webp,Images/Pebbling__1028100__ThreeQuarter__Sparkling-03.webp
Pebbling,pebbling,1028100,1028100,,threequarter,sparkling-4,Sparkling-04,pebbling__1028100__threequarter__sparkling-4.webp,Pebbling__1028100__ThreeQuarter__Sparkling-04.webp,Images/Pebbling__1028100__ThreeQuarter__Sparkling-04.webp
Pebbling,pebbling,1028100,1028100,,threequarter,sparkling-5,Sparkling-05,pebbling__1028100__threequarter__sparkling-5.webp,Pebbling__1028100__ThreeQuarter__Sparkling-05.webp,Images/Pebbling__1028100__ThreeQuarter__Sparkling-05.webp
Pebbling,pebbling,1028100,1028100,,threequarter,sparkling-6,Sparkling-06,pebbling__1028100__threequarter__sparkling-6.webp,Pebbling__1028100__ThreeQuarter__Sparkling-06.webp,Images/Pebbling__1028100__ThreeQuarter__Sparkling-06.webp
Pebbling,pebbling,1028100,1028100,,threequarter,sparkling-7,Sparkling-07,pebbling__1028100__threequarter__sparkling-7.webp,Pebbling__1028100__ThreeQuarter__Sparkling-07.webp,Images/Pebbling__1028100__ThreeQuarter__Sparkling-07.webp
Pebbling,pebbling,1028100,1028100,,threequarter,sparkling-8,Sparkling-08,pebbling__1028100__threequarter__sparkling-8.webp,Pebbling__1028100__ThreeQuarter__Sparkling-08.webp,Images/Pebbling__1028100__ThreeQuarter__Sparkling-08.webp
Pebbling,pebbling,1028100,1028100,,threequarter,sparkling-9,Sparkling-09,pebbling__1028100__threequarter__sparkling-9.webp,Pebbling__1028100__ThreeQuarter__Sparkling-09.webp,Images/Pebbling__1028100__ThreeQuarter__Sparkling-09.webp
Pebbling,pebbling,1028100,1028100,,threequarter,sparkling-10,Sparkling-10,pebbling__1028100__threequarter__sparkling-10.webp,Pebbling__1028100__ThreeQuarter__Sparkling-10.webp,Images/Pebbling__1028100__ThreeQuarter__Sparkling-10.webp
Pebbling,pebbling,1028100,1028100,,threequarter,sparkling-11,Sparkling-11,pebbling__1028100__threequarter__sparkling-11.webp,Pebbling__1028100__ThreeQuarter__Sparkling-11.webp,Images/Pebbling__1028100__ThreeQuarter__Sparkling-11.webp
Pebbling,pebbling,1028100,1028100,,threequarter,sparkling-12,Sparkling-12,pebbling__1028100__threequarter__sparkling-12.webp,Pebbling__1028100__ThreeQuarter__Sparkling-12.webp,Images/Pebbling__1028100__ThreeQuarter__Sparkling-12.webp
Pebbling,pebbling,1028100,1028100,,threequarter,umbral,Umbral,pebbling__1028100__threequarter__umbral.webp,Pebbling__1028100__ThreeQuarter__Umbral.webp,Images/Pebbling__1028100__ThreeQuarter__Umbral.webp
Piopiota,piopiota,1017300,1017300,,threequarter,normal,Normal,piopiota__1017300__threequarter__normal.webp,Piopiota__1017300__ThreeQuarter__Normal.webp,Images/Piopiota__1017300__ThreeQuarter__Normal.webp
Piopiota,piopiota,1017300,1017300,,threequarter,sparkling-1,Sparkling-01,piopiota__1017300__threequarter__sparkling-1.webp,Piopiota__1017300__ThreeQuarter__Sparkling-01.webp,Images/Piopiota__1017300__ThreeQuarter__Sparkling-01.webp
Piopiota,piopiota,1017300,1017300,,threequarter,sparkling-2,Sparkling-02,piopiota__1017300__threequarter__sparkling-2.webp,Piopiota__1017300__ThreeQuarter__Sparkling-02.webp,Images/Piopiota__1017300__ThreeQuarter__Sparkling-02.webp
Piopiota,piopiota,1017300,1017300,,threequarter,sparkling-3,Sparkling-03,piopiota__1017300__threequarter__sparkling-3.webp,Piopiota__1017300__ThreeQuarter__Sparkling-03.webp,Images/Piopiota__1017300__ThreeQuarter__Sparkling-03.webp
Piopiota,piopiota,1017300,1017300,,threequarter,sparkling-4,Sparkling-04,piopiota__1017300__threequarter__sparkling-4.webp,Piopiota__1017300__ThreeQuarter__Sparkling-04.webp,Images/Piopiota__1017300__ThreeQuarter__Sparkling-04.webp
Piopiota,piopiota,1017300,1017300,,threequarter,sparkling-5,Sparkling-05,piopiota__1017300__threequarter__sparkling-5.webp,Piopiota__1017300__ThreeQuarter__Sparkling-05.webp,Images/Piopiota__1017300__ThreeQuarter__Sparkling-05.webp
Piopiota,piopiota,1017300,1017300,,threequarter,sparkling-6,Sparkling-06,piopiota__1017300__threequarter__sparkling-6.webp,Piopiota__1017300__ThreeQuarter__Sparkling-06.webp,Images/Piopiota__1017300__ThreeQuarter__Sparkling-06.webp
Piopiota,piopiota,1017300,1017300,,threequarter,sparkling-7,Sparkling-07,piopiota__1017300__threequarter__sparkling-7.webp,Piopiota__1017300__ThreeQuarter__Sparkling-07.webp,Images/Piopiota__1017300__ThreeQuarter__Sparkling-07.webp
Piopiota,piopiota,1017300,1017300,,threequarter,sparkling-8,Sparkling-08,piopiota__1017300__threequarter__sparkling-8.webp,Piopiota__1017300__ThreeQuarter__Sparkling-08.webp,Images/Piopiota__1017300__ThreeQuarter__Sparkling-08.webp
Piopiota,piopiota,1017300,1017300,,threequarter,sparkling-9,Sparkling-09,piopiota__1017300__threequarter__sparkling-9.webp,Piopiota__1017300__ThreeQuarter__Sparkling-09.webp,Images/Piopiota__1017300__ThreeQuarter__Sparkling-09.webp
Piopiota,piopiota,1017300,1017300,,threequarter,sparkling-10,Sparkling-10,piopiota__1017300__threequarter__sparkling-10.webp,Piopiota__1017300__ThreeQuarter__Sparkling-10.webp,Images/Piopiota__1017300__ThreeQuarter__Sparkling-10.webp
Piopiota,piopiota,1017300,1017300,,threequarter,sparkling-11,Sparkling-11,piopiota__1017300__threequarter__sparkling-11.webp,Piopiota__1017300__ThreeQuarter__Sparkling-11.webp,Images/Piopiota__1017300__ThreeQuarter__Sparkling-11.webp
Piopiota,piopiota,1017300,1017300,,threequarter,sparkling-12,Sparkling-12,piopiota__1017300__threequarter__sparkling-12.webp,Piopiota__1017300__ThreeQuarter__Sparkling-12.webp,Images/Piopiota__1017300__ThreeQuarter__Sparkling-12.webp
Piopiota,piopiota,1017300,1017300,,threequarter,umbral,Umbral,piopiota__1017300__threequarter__umbral.webp,Piopiota__1017300__ThreeQuarter__Umbral.webp,Images/Piopiota__1017300__ThreeQuarter__Umbral.webp
Piopiota,piopiota,1017301,1017301,,threequarter,normal,Normal,piopiota__1017301__threequarter__normal.webp,Piopiota__1017301__ThreeQuarter__Normal.webp,Images/Piopiota__1017301__ThreeQuarter__Normal.webp
Piopiota,piopiota,1017301,1017301,,threequarter,sparkling-1,Sparkling-01,piopiota__1017301__threequarter__sparkling-1.webp,Piopiota__1017301__ThreeQuarter__Sparkling-01.webp,Images/Piopiota__1017301__ThreeQuarter__Sparkling-01.webp
Piopiota,piopiota,1017301,1017301,,threequarter,sparkling-2,Sparkling-02,piopiota__1017301__threequarter__sparkling-2.webp,Piopiota__1017301__ThreeQuarter__Sparkling-02.webp,Images/Piopiota__1017301__ThreeQuarter__Sparkling-02.webp
Piopiota,piopiota,1017301,1017301,,threequarter,sparkling-3,Sparkling-03,piopiota__1017301__threequarter__sparkling-3.webp,Piopiota__1017301__ThreeQuarter__Sparkling-03.webp,Images/Piopiota__1017301__ThreeQuarter__Sparkling-03.webp
Piopiota,piopiota,1017301,1017301,,threequarter,sparkling-4,Sparkling-04,piopiota__1017301__threequarter__sparkling-4.webp,Piopiota__1017301__ThreeQuarter__Sparkling-04.webp,Images/Piopiota__1017301__ThreeQuarter__Sparkling-04.webp
Piopiota,piopiota,1017301,1017301,,threequarter,sparkling-5,Sparkling-05,piopiota__1017301__threequarter__sparkling-5.webp,Piopiota__1017301__ThreeQuarter__Sparkling-05.webp,Images/Piopiota__1017301__ThreeQuarter__Sparkling-05.webp
Piopiota,piopiota,1017301,1017301,,threequarter,sparkling-6,Sparkling-06,piopiota__1017301__threequarter__sparkling-6.webp,Piopiota__1017301__ThreeQuarter__Sparkling-06.webp,Images/Piopiota__1017301__ThreeQuarter__Sparkling-06.webp
Piopiota,piopiota,1017301,1017301,,threequarter,sparkling-7,Sparkling-07,piopiota__1017301__threequarter__sparkling-7.webp,Piopiota__1017301__ThreeQuarter__Sparkling-07.webp,Images/Piopiota__1017301__ThreeQuarter__Sparkling-07.webp
Piopiota,piopiota,1017301,1017301,,threequarter,sparkling-8,Sparkling-08,piopiota__1017301__threequarter__sparkling-8.webp,Piopiota__1017301__ThreeQuarter__Sparkling-08.webp,Images/Piopiota__1017301__ThreeQuarter__Sparkling-08.webp
Piopiota,piopiota,1017301,1017301,,threequarter,sparkling-9,Sparkling-09,piopiota__1017301__threequarter__sparkling-9.webp,Piopiota__1017301__ThreeQuarter__Sparkling-09.webp,Images/Piopiota__1017301__ThreeQuarter__Sparkling-09.webp
Piopiota,piopiota,1017301,1017301,,threequarter,sparkling-10,Sparkling-10,piopiota__1017301__threequarter__sparkling-10.webp,Piopiota__1017301__ThreeQuarter__Sparkling-10.webp,Images/Piopiota__1017301__ThreeQuarter__Sparkling-10.webp
Piopiota,piopiota,1017301,1017301,,threequarter,sparkling-11,Sparkling-11,piopiota__1017301__threequarter__sparkling-11.webp,Piopiota__1017301__ThreeQuarter__Sparkling-11.webp,Images/Piopiota__1017301__ThreeQuarter__Sparkling-11.webp
Piopiota,piopiota,1017301,1017301,,threequarter,sparkling-12,Sparkling-12,piopiota__1017301__threequarter__sparkling-12.webp,Piopiota__1017301__ThreeQuarter__Sparkling-12.webp,Images/Piopiota__1017301__ThreeQuarter__Sparkling-12.webp
Piopiota,piopiota,1017301,1017301,,threequarter,umbral,Umbral,piopiota__1017301__threequarter__umbral.webp,Piopiota__1017301__ThreeQuarter__Umbral.webp,Images/Piopiota__1017301__ThreeQuarter__Umbral.webp
Pomawk,pomawk,1047500,1047500,,threequarter,normal,Normal,pomawk__1047500__threequarter__normal.webp,Pomawk__1047500__ThreeQuarter__Normal.webp,Images/Pomawk__1047500__ThreeQuarter__Normal.webp
Pomawk,pomawk,1047500,1047500,,threequarter,sparkling-1,Sparkling-01,pomawk__1047500__threequarter__sparkling-1.webp,Pomawk__1047500__ThreeQuarter__Sparkling-01.webp,Images/Pomawk__1047500__ThreeQuarter__Sparkling-01.webp
Pomawk,pomawk,1047500,1047500,,threequarter,sparkling-2,Sparkling-02,pomawk__1047500__threequarter__sparkling-2.webp,Pomawk__1047500__ThreeQuarter__Sparkling-02.webp,Images/Pomawk__1047500__ThreeQuarter__Sparkling-02.webp
Pomawk,pomawk,1047500,1047500,,threequarter,sparkling-3,Sparkling-03,pomawk__1047500__threequarter__sparkling-3.webp,Pomawk__1047500__ThreeQuarter__Sparkling-03.webp,Images/Pomawk__1047500__ThreeQuarter__Sparkling-03.webp
Pomawk,pomawk,1047500,1047500,,threequarter,sparkling-4,Sparkling-04,pomawk__1047500__threequarter__sparkling-4.webp,Pomawk__1047500__ThreeQuarter__Sparkling-04.webp,Images/Pomawk__1047500__ThreeQuarter__Sparkling-04.webp
Pomawk,pomawk,1047500,1047500,,threequarter,sparkling-5,Sparkling-05,pomawk__1047500__threequarter__sparkling-5.webp,Pomawk__1047500__ThreeQuarter__Sparkling-05.webp,Images/Pomawk__1047500__ThreeQuarter__Sparkling-05.webp
Pomawk,pomawk,1047500,1047500,,threequarter,sparkling-6,Sparkling-06,pomawk__1047500__threequarter__sparkling-6.webp,Pomawk__1047500__ThreeQuarter__Sparkling-06.webp,Images/Pomawk__1047500__ThreeQuarter__Sparkling-06.webp
Pomawk,pomawk,1047500,1047500,,threequarter,sparkling-7,Sparkling-07,pomawk__1047500__threequarter__sparkling-7.webp,Pomawk__1047500__ThreeQuarter__Sparkling-07.webp,Images/Pomawk__1047500__ThreeQuarter__Sparkling-07.webp
Pomawk,pomawk,1047500,1047500,,threequarter,sparkling-8,Sparkling-08,pomawk__1047500__threequarter__sparkling-8.webp,Pomawk__1047500__ThreeQuarter__Sparkling-08.webp,Images/Pomawk__1047500__ThreeQuarter__Sparkling-08.webp
Pomawk,pomawk,1047500,1047500,,threequarter,sparkling-9,Sparkling-09,pomawk__1047500__threequarter__sparkling-9.webp,Pomawk__1047500__ThreeQuarter__Sparkling-09.webp,Images/Pomawk__1047500__ThreeQuarter__Sparkling-09.webp
Pomawk,pomawk,1047500,1047500,,threequarter,sparkling-10,Sparkling-10,pomawk__1047500__threequarter__sparkling-10.webp,Pomawk__1047500__ThreeQuarter__Sparkling-10.webp,Images/Pomawk__1047500__ThreeQuarter__Sparkling-10.webp
Pomawk,pomawk,1047500,1047500,,threequarter,sparkling-11,Sparkling-11,pomawk__1047500__threequarter__sparkling-11.webp,Pomawk__1047500__ThreeQuarter__Sparkling-11.webp,Images/Pomawk__1047500__ThreeQuarter__Sparkling-11.webp
Pomawk,pomawk,1047500,1047500,,threequarter,sparkling-12,Sparkling-12,pomawk__1047500__threequarter__sparkling-12.webp,Pomawk__1047500__ThreeQuarter__Sparkling-12.webp,Images/Pomawk__1047500__ThreeQuarter__Sparkling-12.webp
Pomawk,pomawk,1047500,1047500,,threequarter,umbral,Umbral,pomawk__1047500__threequarter__umbral.webp,Pomawk__1047500__ThreeQuarter__Umbral.webp,Images/Pomawk__1047500__ThreeQuarter__Umbral.webp
Pomawk,pomawk,1047501,1047501,,threequarter,normal,Normal,pomawk__1047501__threequarter__normal.webp,Pomawk__1047501__ThreeQuarter__Normal.webp,Images/Pomawk__1047501__ThreeQuarter__Normal.webp
Pomawk,pomawk,1047501,1047501,,threequarter,sparkling-1,Sparkling-01,pomawk__1047501__threequarter__sparkling-1.webp,Pomawk__1047501__ThreeQuarter__Sparkling-01.webp,Images/Pomawk__1047501__ThreeQuarter__Sparkling-01.webp
Pomawk,pomawk,1047501,1047501,,threequarter,sparkling-2,Sparkling-02,pomawk__1047501__threequarter__sparkling-2.webp,Pomawk__1047501__ThreeQuarter__Sparkling-02.webp,Images/Pomawk__1047501__ThreeQuarter__Sparkling-02.webp
Pomawk,pomawk,1047501,1047501,,threequarter,sparkling-3,Sparkling-03,pomawk__1047501__threequarter__sparkling-3.webp,Pomawk__1047501__ThreeQuarter__Sparkling-03.webp,Images/Pomawk__1047501__ThreeQuarter__Sparkling-03.webp
Pomawk,pomawk,1047501,1047501,,threequarter,sparkling-4,Sparkling-04,pomawk__1047501__threequarter__sparkling-4.webp,Pomawk__1047501__ThreeQuarter__Sparkling-04.webp,Images/Pomawk__1047501__ThreeQuarter__Sparkling-04.webp
Pomawk,pomawk,1047501,1047501,,threequarter,sparkling-5,Sparkling-05,pomawk__1047501__threequarter__sparkling-5.webp,Pomawk__1047501__ThreeQuarter__Sparkling-05.webp,Images/Pomawk__1047501__ThreeQuarter__Sparkling-05.webp
Pomawk,pomawk,1047501,1047501,,threequarter,sparkling-6,Sparkling-06,pomawk__1047501__threequarter__sparkling-6.webp,Pomawk__1047501__ThreeQuarter__Sparkling-06.webp,Images/Pomawk__1047501__ThreeQuarter__Sparkling-06.webp
Pomawk,pomawk,1047501,1047501,,threequarter,sparkling-7,Sparkling-07,pomawk__1047501__threequarter__sparkling-7.webp,Pomawk__1047501__ThreeQuarter__Sparkling-07.webp,Images/Pomawk__1047501__ThreeQuarter__Sparkling-07.webp
Pomawk,pomawk,1047501,1047501,,threequarter,sparkling-8,Sparkling-08,pomawk__1047501__threequarter__sparkling-8.webp,Pomawk__1047501__ThreeQuarter__Sparkling-08.webp,Images/Pomawk__1047501__ThreeQuarter__Sparkling-08.webp
Pomawk,pomawk,1047501,1047501,,threequarter,sparkling-9,Sparkling-09,pomawk__1047501__threequarter__sparkling-9.webp,Pomawk__1047501__ThreeQuarter__Sparkling-09.webp,Images/Pomawk__1047501__ThreeQuarter__Sparkling-09.webp
Pomawk,pomawk,1047501,1047501,,threequarter,sparkling-10,Sparkling-10,pomawk__1047501__threequarter__sparkling-10.webp,Pomawk__1047501__ThreeQuarter__Sparkling-10.webp,Images/Pomawk__1047501__ThreeQuarter__Sparkling-10.webp
Pomawk,pomawk,1047501,1047501,,threequarter,sparkling-11,Sparkling-11,pomawk__1047501__threequarter__sparkling-11.webp,Pomawk__1047501__ThreeQuarter__Sparkling-11.webp,Images/Pomawk__1047501__ThreeQuarter__Sparkling-11.webp
Pomawk,pomawk,1047501,1047501,,threequarter,sparkling-12,Sparkling-12,pomawk__1047501__threequarter__sparkling-12.webp,Pomawk__1047501__ThreeQuarter__Sparkling-12.webp,Images/Pomawk__1047501__ThreeQuarter__Sparkling-12.webp
Pomawk,pomawk,1047501,1047501,,threequarter,umbral,Umbral,pomawk__1047501__threequarter__umbral.webp,Pomawk__1047501__ThreeQuarter__Umbral.webp,Images/Pomawk__1047501__ThreeQuarter__Umbral.webp
Pomawk,pomawk,1047502,1047502,,threequarter,normal,Normal,pomawk__1047502__threequarter__normal.webp,Pomawk__1047502__ThreeQuarter__Normal.webp,Images/Pomawk__1047502__ThreeQuarter__Normal.webp
Pomawk,pomawk,1047502,1047502,,threequarter,sparkling-1,Sparkling-01,pomawk__1047502__threequarter__sparkling-1.webp,Pomawk__1047502__ThreeQuarter__Sparkling-01.webp,Images/Pomawk__1047502__ThreeQuarter__Sparkling-01.webp
Pomawk,pomawk,1047502,1047502,,threequarter,sparkling-2,Sparkling-02,pomawk__1047502__threequarter__sparkling-2.webp,Pomawk__1047502__ThreeQuarter__Sparkling-02.webp,Images/Pomawk__1047502__ThreeQuarter__Sparkling-02.webp
Pomawk,pomawk,1047502,1047502,,threequarter,sparkling-3,Sparkling-03,pomawk__1047502__threequarter__sparkling-3.webp,Pomawk__1047502__ThreeQuarter__Sparkling-03.webp,Images/Pomawk__1047502__ThreeQuarter__Sparkling-03.webp
Pomawk,pomawk,1047502,1047502,,threequarter,sparkling-4,Sparkling-04,pomawk__1047502__threequarter__sparkling-4.webp,Pomawk__1047502__ThreeQuarter__Sparkling-04.webp,Images/Pomawk__1047502__ThreeQuarter__Sparkling-04.webp
Pomawk,pomawk,1047502,1047502,,threequarter,sparkling-5,Sparkling-05,pomawk__1047502__threequarter__sparkling-5.webp,Pomawk__1047502__ThreeQuarter__Sparkling-05.webp,Images/Pomawk__1047502__ThreeQuarter__Sparkling-05.webp
Pomawk,pomawk,1047502,1047502,,threequarter,sparkling-6,Sparkling-06,pomawk__1047502__threequarter__sparkling-6.webp,Pomawk__1047502__ThreeQuarter__Sparkling-06.webp,Images/Pomawk__1047502__ThreeQuarter__Sparkling-06.webp
Pomawk,pomawk,1047502,1047502,,threequarter,sparkling-7,Sparkling-07,pomawk__1047502__threequarter__sparkling-7.webp,Pomawk__1047502__ThreeQuarter__Sparkling-07.webp,Images/Pomawk__1047502__ThreeQuarter__Sparkling-07.webp
Pomawk,pomawk,1047502,1047502,,threequarter,sparkling-8,Sparkling-08,pomawk__1047502__threequarter__sparkling-8.webp,Pomawk__1047502__ThreeQuarter__Sparkling-08.webp,Images/Pomawk__1047502__ThreeQuarter__Sparkling-08.webp
Pomawk,pomawk,1047502,1047502,,threequarter,sparkling-9,Sparkling-09,pomawk__1047502__threequarter__sparkling-9.webp,Pomawk__1047502__ThreeQuarter__Sparkling-09.webp,Images/Pomawk__1047502__ThreeQuarter__Sparkling-09.webp
Pomawk,pomawk,1047502,1047502,,threequarter,sparkling-10,Sparkling-10,pomawk__1047502__threequarter__sparkling-10.webp,Pomawk__1047502__ThreeQuarter__Sparkling-10.webp,Images/Pomawk__1047502__ThreeQuarter__Sparkling-10.webp
Pomawk,pomawk,1047502,1047502,,threequarter,sparkling-11,Sparkling-11,pomawk__1047502__threequarter__sparkling-11.webp,Pomawk__1047502__ThreeQuarter__Sparkling-11.webp,Images/Pomawk__1047502__ThreeQuarter__Sparkling-11.webp
Pomawk,pomawk,1047502,1047502,,threequarter,sparkling-12,Sparkling-12,pomawk__1047502__threequarter__sparkling-12.webp,Pomawk__1047502__ThreeQuarter__Sparkling-12.webp,Images/Pomawk__1047502__ThreeQuarter__Sparkling-12.webp
Pomawk,pomawk,1047502,1047502,,threequarter,umbral,Umbral,pomawk__1047502__threequarter__umbral.webp,Pomawk__1047502__ThreeQuarter__Umbral.webp,Images/Pomawk__1047502__ThreeQuarter__Umbral.webp
Pomawk,pomawk,1047503,1047503,,threequarter,normal,Normal,pomawk__1047503__threequarter__normal.webp,Pomawk__1047503__ThreeQuarter__Normal.webp,Images/Pomawk__1047503__ThreeQuarter__Normal.webp
Pomawk,pomawk,1047503,1047503,,threequarter,sparkling-1,Sparkling-01,pomawk__1047503__threequarter__sparkling-1.webp,Pomawk__1047503__ThreeQuarter__Sparkling-01.webp,Images/Pomawk__1047503__ThreeQuarter__Sparkling-01.webp
Pomawk,pomawk,1047503,1047503,,threequarter,sparkling-2,Sparkling-02,pomawk__1047503__threequarter__sparkling-2.webp,Pomawk__1047503__ThreeQuarter__Sparkling-02.webp,Images/Pomawk__1047503__ThreeQuarter__Sparkling-02.webp
Pomawk,pomawk,1047503,1047503,,threequarter,sparkling-3,Sparkling-03,pomawk__1047503__threequarter__sparkling-3.webp,Pomawk__1047503__ThreeQuarter__Sparkling-03.webp,Images/Pomawk__1047503__ThreeQuarter__Sparkling-03.webp
Pomawk,pomawk,1047503,1047503,,threequarter,sparkling-4,Sparkling-04,pomawk__1047503__threequarter__sparkling-4.webp,Pomawk__1047503__ThreeQuarter__Sparkling-04.webp,Images/Pomawk__1047503__ThreeQuarter__Sparkling-04.webp
Pomawk,pomawk,1047503,1047503,,threequarter,sparkling-5,Sparkling-05,pomawk__1047503__threequarter__sparkling-5.webp,Pomawk__1047503__ThreeQuarter__Sparkling-05.webp,Images/Pomawk__1047503__ThreeQuarter__Sparkling-05.webp
Pomawk,pomawk,1047503,1047503,,threequarter,sparkling-6,Sparkling-06,pomawk__1047503__threequarter__sparkling-6.webp,Pomawk__1047503__ThreeQuarter__Sparkling-06.webp,Images/Pomawk__1047503__ThreeQuarter__Sparkling-06.webp
Pomawk,pomawk,1047503,1047503,,threequarter,sparkling-7,Sparkling-07,pomawk__1047503__threequarter__sparkling-7.webp,Pomawk__1047503__ThreeQuarter__Sparkling-07.webp,Images/Pomawk__1047503__ThreeQuarter__Sparkling-07.webp
Pomawk,pomawk,1047503,1047503,,threequarter,sparkling-8,Sparkling-08,pomawk__1047503__threequarter__sparkling-8.webp,Pomawk__1047503__ThreeQuarter__Sparkling-08.webp,Images/Pomawk__1047503__ThreeQuarter__Sparkling-08.webp
Pomawk,pomawk,1047503,1047503,,threequarter,sparkling-9,Sparkling-09,pomawk__1047503__threequarter__sparkling-9.webp,Pomawk__1047503__ThreeQuarter__Sparkling-09.webp,Images/Pomawk__1047503__ThreeQuarter__Sparkling-09.webp
Pomawk,pomawk,1047503,1047503,,threequarter,sparkling-10,Sparkling-10,pomawk__1047503__threequarter__sparkling-10.webp,Pomawk__1047503__ThreeQuarter__Sparkling-10.webp,Images/Pomawk__1047503__ThreeQuarter__Sparkling-10.webp
Pomawk,pomawk,1047503,1047503,,threequarter,sparkling-11,Sparkling-11,pomawk__1047503__threequarter__sparkling-11.webp,Pomawk__1047503__ThreeQuarter__Sparkling-11.webp,Images/Pomawk__1047503__ThreeQuarter__Sparkling-11.webp
Pomawk,pomawk,1047503,1047503,,threequarter,sparkling-12,Sparkling-12,pomawk__1047503__threequarter__sparkling-12.webp,Pomawk__1047503__ThreeQuarter__Sparkling-12.webp,Images/Pomawk__1047503__ThreeQuarter__Sparkling-12.webp
Pomawk,pomawk,1047503,1047503,,threequarter,umbral,Umbral,pomawk__1047503__threequarter__umbral.webp,Pomawk__1047503__ThreeQuarter__Umbral.webp,Images/Pomawk__1047503__ThreeQuarter__Umbral.webp
Pomegg,pomegg,1047100,1047100,,threequarter,normal,Normal,pomegg__1047100__threequarter__normal.webp,Pomegg__1047100__ThreeQuarter__Normal.webp,Images/Pomegg__1047100__ThreeQuarter__Normal.webp
Pomegg,pomegg,1047100,1047100,,threequarter,sparkling-1,Sparkling-01,pomegg__1047100__threequarter__sparkling-1.webp,Pomegg__1047100__ThreeQuarter__Sparkling-01.webp,Images/Pomegg__1047100__ThreeQuarter__Sparkling-01.webp
Pomegg,pomegg,1047100,1047100,,threequarter,sparkling-2,Sparkling-02,pomegg__1047100__threequarter__sparkling-2.webp,Pomegg__1047100__ThreeQuarter__Sparkling-02.webp,Images/Pomegg__1047100__ThreeQuarter__Sparkling-02.webp
Pomegg,pomegg,1047100,1047100,,threequarter,sparkling-3,Sparkling-03,pomegg__1047100__threequarter__sparkling-3.webp,Pomegg__1047100__ThreeQuarter__Sparkling-03.webp,Images/Pomegg__1047100__ThreeQuarter__Sparkling-03.webp
Pomegg,pomegg,1047100,1047100,,threequarter,sparkling-4,Sparkling-04,pomegg__1047100__threequarter__sparkling-4.webp,Pomegg__1047100__ThreeQuarter__Sparkling-04.webp,Images/Pomegg__1047100__ThreeQuarter__Sparkling-04.webp
Pomegg,pomegg,1047100,1047100,,threequarter,sparkling-5,Sparkling-05,pomegg__1047100__threequarter__sparkling-5.webp,Pomegg__1047100__ThreeQuarter__Sparkling-05.webp,Images/Pomegg__1047100__ThreeQuarter__Sparkling-05.webp
Pomegg,pomegg,1047100,1047100,,threequarter,sparkling-6,Sparkling-06,pomegg__1047100__threequarter__sparkling-6.webp,Pomegg__1047100__ThreeQuarter__Sparkling-06.webp,Images/Pomegg__1047100__ThreeQuarter__Sparkling-06.webp
Pomegg,pomegg,1047100,1047100,,threequarter,sparkling-7,Sparkling-07,pomegg__1047100__threequarter__sparkling-7.webp,Pomegg__1047100__ThreeQuarter__Sparkling-07.webp,Images/Pomegg__1047100__ThreeQuarter__Sparkling-07.webp
Pomegg,pomegg,1047100,1047100,,threequarter,sparkling-8,Sparkling-08,pomegg__1047100__threequarter__sparkling-8.webp,Pomegg__1047100__ThreeQuarter__Sparkling-08.webp,Images/Pomegg__1047100__ThreeQuarter__Sparkling-08.webp
Pomegg,pomegg,1047100,1047100,,threequarter,sparkling-9,Sparkling-09,pomegg__1047100__threequarter__sparkling-9.webp,Pomegg__1047100__ThreeQuarter__Sparkling-09.webp,Images/Pomegg__1047100__ThreeQuarter__Sparkling-09.webp
Pomegg,pomegg,1047100,1047100,,threequarter,sparkling-10,Sparkling-10,pomegg__1047100__threequarter__sparkling-10.webp,Pomegg__1047100__ThreeQuarter__Sparkling-10.webp,Images/Pomegg__1047100__ThreeQuarter__Sparkling-10.webp
Pomegg,pomegg,1047100,1047100,,threequarter,sparkling-11,Sparkling-11,pomegg__1047100__threequarter__sparkling-11.webp,Pomegg__1047100__ThreeQuarter__Sparkling-11.webp,Images/Pomegg__1047100__ThreeQuarter__Sparkling-11.webp
Pomegg,pomegg,1047100,1047100,,threequarter,sparkling-12,Sparkling-12,pomegg__1047100__threequarter__sparkling-12.webp,Pomegg__1047100__ThreeQuarter__Sparkling-12.webp,Images/Pomegg__1047100__ThreeQuarter__Sparkling-12.webp
Pomegg,pomegg,1047100,1047100,,threequarter,umbral,Umbral,pomegg__1047100__threequarter__umbral.webp,Pomegg__1047100__ThreeQuarter__Umbral.webp,Images/Pomegg__1047100__ThreeQuarter__Umbral.webp
Pomegg,pomegg,1047101,1047101,,threequarter,normal,Normal,pomegg__1047101__threequarter__normal.webp,Pomegg__1047101__ThreeQuarter__Normal.webp,Images/Pomegg__1047101__ThreeQuarter__Normal.webp
Pomegg,pomegg,1047101,1047101,,threequarter,sparkling-1,Sparkling-01,pomegg__1047101__threequarter__sparkling-1.webp,Pomegg__1047101__ThreeQuarter__Sparkling-01.webp,Images/Pomegg__1047101__ThreeQuarter__Sparkling-01.webp
Pomegg,pomegg,1047101,1047101,,threequarter,sparkling-2,Sparkling-02,pomegg__1047101__threequarter__sparkling-2.webp,Pomegg__1047101__ThreeQuarter__Sparkling-02.webp,Images/Pomegg__1047101__ThreeQuarter__Sparkling-02.webp
Pomegg,pomegg,1047101,1047101,,threequarter,sparkling-3,Sparkling-03,pomegg__1047101__threequarter__sparkling-3.webp,Pomegg__1047101__ThreeQuarter__Sparkling-03.webp,Images/Pomegg__1047101__ThreeQuarter__Sparkling-03.webp
Pomegg,pomegg,1047101,1047101,,threequarter,sparkling-4,Sparkling-04,pomegg__1047101__threequarter__sparkling-4.webp,Pomegg__1047101__ThreeQuarter__Sparkling-04.webp,Images/Pomegg__1047101__ThreeQuarter__Sparkling-04.webp
Pomegg,pomegg,1047101,1047101,,threequarter,sparkling-5,Sparkling-05,pomegg__1047101__threequarter__sparkling-5.webp,Pomegg__1047101__ThreeQuarter__Sparkling-05.webp,Images/Pomegg__1047101__ThreeQuarter__Sparkling-05.webp
Pomegg,pomegg,1047101,1047101,,threequarter,sparkling-6,Sparkling-06,pomegg__1047101__threequarter__sparkling-6.webp,Pomegg__1047101__ThreeQuarter__Sparkling-06.webp,Images/Pomegg__1047101__ThreeQuarter__Sparkling-06.webp
Pomegg,pomegg,1047101,1047101,,threequarter,sparkling-7,Sparkling-07,pomegg__1047101__threequarter__sparkling-7.webp,Pomegg__1047101__ThreeQuarter__Sparkling-07.webp,Images/Pomegg__1047101__ThreeQuarter__Sparkling-07.webp
Pomegg,pomegg,1047101,1047101,,threequarter,sparkling-8,Sparkling-08,pomegg__1047101__threequarter__sparkling-8.webp,Pomegg__1047101__ThreeQuarter__Sparkling-08.webp,Images/Pomegg__1047101__ThreeQuarter__Sparkling-08.webp
Pomegg,pomegg,1047101,1047101,,threequarter,sparkling-9,Sparkling-09,pomegg__1047101__threequarter__sparkling-9.webp,Pomegg__1047101__ThreeQuarter__Sparkling-09.webp,Images/Pomegg__1047101__ThreeQuarter__Sparkling-09.webp
Pomegg,pomegg,1047101,1047101,,threequarter,sparkling-10,Sparkling-10,pomegg__1047101__threequarter__sparkling-10.webp,Pomegg__1047101__ThreeQuarter__Sparkling-10.webp,Images/Pomegg__1047101__ThreeQuarter__Sparkling-10.webp
Pomegg,pomegg,1047101,1047101,,threequarter,sparkling-11,Sparkling-11,pomegg__1047101__threequarter__sparkling-11.webp,Pomegg__1047101__ThreeQuarter__Sparkling-11.webp,Images/Pomegg__1047101__ThreeQuarter__Sparkling-11.webp
Pomegg,pomegg,1047101,1047101,,threequarter,sparkling-12,Sparkling-12,pomegg__1047101__threequarter__sparkling-12.webp,Pomegg__1047101__ThreeQuarter__Sparkling-12.webp,Images/Pomegg__1047101__ThreeQuarter__Sparkling-12.webp
Pomegg,pomegg,1047101,1047101,,threequarter,umbral,Umbral,pomegg__1047101__threequarter__umbral.webp,Pomegg__1047101__ThreeQuarter__Umbral.webp,Images/Pomegg__1047101__ThreeQuarter__Umbral.webp
Pomegg,pomegg,1047102,1047102,,threequarter,normal,Normal,pomegg__1047102__threequarter__normal.webp,Pomegg__1047102__ThreeQuarter__Normal.webp,Images/Pomegg__1047102__ThreeQuarter__Normal.webp
Pomegg,pomegg,1047102,1047102,,threequarter,sparkling-1,Sparkling-01,pomegg__1047102__threequarter__sparkling-1.webp,Pomegg__1047102__ThreeQuarter__Sparkling-01.webp,Images/Pomegg__1047102__ThreeQuarter__Sparkling-01.webp
Pomegg,pomegg,1047102,1047102,,threequarter,sparkling-2,Sparkling-02,pomegg__1047102__threequarter__sparkling-2.webp,Pomegg__1047102__ThreeQuarter__Sparkling-02.webp,Images/Pomegg__1047102__ThreeQuarter__Sparkling-02.webp
Pomegg,pomegg,1047102,1047102,,threequarter,sparkling-3,Sparkling-03,pomegg__1047102__threequarter__sparkling-3.webp,Pomegg__1047102__ThreeQuarter__Sparkling-03.webp,Images/Pomegg__1047102__ThreeQuarter__Sparkling-03.webp
Pomegg,pomegg,1047102,1047102,,threequarter,sparkling-4,Sparkling-04,pomegg__1047102__threequarter__sparkling-4.webp,Pomegg__1047102__ThreeQuarter__Sparkling-04.webp,Images/Pomegg__1047102__ThreeQuarter__Sparkling-04.webp
Pomegg,pomegg,1047102,1047102,,threequarter,sparkling-5,Sparkling-05,pomegg__1047102__threequarter__sparkling-5.webp,Pomegg__1047102__ThreeQuarter__Sparkling-05.webp,Images/Pomegg__1047102__ThreeQuarter__Sparkling-05.webp
Pomegg,pomegg,1047102,1047102,,threequarter,sparkling-6,Sparkling-06,pomegg__1047102__threequarter__sparkling-6.webp,Pomegg__1047102__ThreeQuarter__Sparkling-06.webp,Images/Pomegg__1047102__ThreeQuarter__Sparkling-06.webp
Pomegg,pomegg,1047102,1047102,,threequarter,sparkling-7,Sparkling-07,pomegg__1047102__threequarter__sparkling-7.webp,Pomegg__1047102__ThreeQuarter__Sparkling-07.webp,Images/Pomegg__1047102__ThreeQuarter__Sparkling-07.webp
Pomegg,pomegg,1047102,1047102,,threequarter,sparkling-8,Sparkling-08,pomegg__1047102__threequarter__sparkling-8.webp,Pomegg__1047102__ThreeQuarter__Sparkling-08.webp,Images/Pomegg__1047102__ThreeQuarter__Sparkling-08.webp
Pomegg,pomegg,1047102,1047102,,threequarter,sparkling-9,Sparkling-09,pomegg__1047102__threequarter__sparkling-9.webp,Pomegg__1047102__ThreeQuarter__Sparkling-09.webp,Images/Pomegg__1047102__ThreeQuarter__Sparkling-09.webp
Pomegg,pomegg,1047102,1047102,,threequarter,sparkling-10,Sparkling-10,pomegg__1047102__threequarter__sparkling-10.webp,Pomegg__1047102__ThreeQuarter__Sparkling-10.webp,Images/Pomegg__1047102__ThreeQuarter__Sparkling-10.webp
Pomegg,pomegg,1047102,1047102,,threequarter,sparkling-11,Sparkling-11,pomegg__1047102__threequarter__sparkling-11.webp,Pomegg__1047102__ThreeQuarter__Sparkling-11.webp,Images/Pomegg__1047102__ThreeQuarter__Sparkling-11.webp
Pomegg,pomegg,1047102,1047102,,threequarter,sparkling-12,Sparkling-12,pomegg__1047102__threequarter__sparkling-12.webp,Pomegg__1047102__ThreeQuarter__Sparkling-12.webp,Images/Pomegg__1047102__ThreeQuarter__Sparkling-12.webp
Pomegg,pomegg,1047102,1047102,,threequarter,umbral,Umbral,pomegg__1047102__threequarter__umbral.webp,Pomegg__1047102__ThreeQuarter__Umbral.webp,Images/Pomegg__1047102__ThreeQuarter__Umbral.webp
Pomegg,pomegg,1047103,1047103,,threequarter,normal,Normal,pomegg__1047103__threequarter__normal.webp,Pomegg__1047103__ThreeQuarter__Normal.webp,Images/Pomegg__1047103__ThreeQuarter__Normal.webp
Pomegg,pomegg,1047103,1047103,,threequarter,sparkling-1,Sparkling-01,pomegg__1047103__threequarter__sparkling-1.webp,Pomegg__1047103__ThreeQuarter__Sparkling-01.webp,Images/Pomegg__1047103__ThreeQuarter__Sparkling-01.webp
Pomegg,pomegg,1047103,1047103,,threequarter,sparkling-2,Sparkling-02,pomegg__1047103__threequarter__sparkling-2.webp,Pomegg__1047103__ThreeQuarter__Sparkling-02.webp,Images/Pomegg__1047103__ThreeQuarter__Sparkling-02.webp
Pomegg,pomegg,1047103,1047103,,threequarter,sparkling-3,Sparkling-03,pomegg__1047103__threequarter__sparkling-3.webp,Pomegg__1047103__ThreeQuarter__Sparkling-03.webp,Images/Pomegg__1047103__ThreeQuarter__Sparkling-03.webp
Pomegg,pomegg,1047103,1047103,,threequarter,sparkling-4,Sparkling-04,pomegg__1047103__threequarter__sparkling-4.webp,Pomegg__1047103__ThreeQuarter__Sparkling-04.webp,Images/Pomegg__1047103__ThreeQuarter__Sparkling-04.webp
Pomegg,pomegg,1047103,1047103,,threequarter,sparkling-5,Sparkling-05,pomegg__1047103__threequarter__sparkling-5.webp,Pomegg__1047103__ThreeQuarter__Sparkling-05.webp,Images/Pomegg__1047103__ThreeQuarter__Sparkling-05.webp
Pomegg,pomegg,1047103,1047103,,threequarter,sparkling-6,Sparkling-06,pomegg__1047103__threequarter__sparkling-6.webp,Pomegg__1047103__ThreeQuarter__Sparkling-06.webp,Images/Pomegg__1047103__ThreeQuarter__Sparkling-06.webp
Pomegg,pomegg,1047103,1047103,,threequarter,sparkling-7,Sparkling-07,pomegg__1047103__threequarter__sparkling-7.webp,Pomegg__1047103__ThreeQuarter__Sparkling-07.webp,Images/Pomegg__1047103__ThreeQuarter__Sparkling-07.webp
Pomegg,pomegg,1047103,1047103,,threequarter,sparkling-8,Sparkling-08,pomegg__1047103__threequarter__sparkling-8.webp,Pomegg__1047103__ThreeQuarter__Sparkling-08.webp,Images/Pomegg__1047103__ThreeQuarter__Sparkling-08.webp
Pomegg,pomegg,1047103,1047103,,threequarter,sparkling-9,Sparkling-09,pomegg__1047103__threequarter__sparkling-9.webp,Pomegg__1047103__ThreeQuarter__Sparkling-09.webp,Images/Pomegg__1047103__ThreeQuarter__Sparkling-09.webp
Pomegg,pomegg,1047103,1047103,,threequarter,sparkling-10,Sparkling-10,pomegg__1047103__threequarter__sparkling-10.webp,Pomegg__1047103__ThreeQuarter__Sparkling-10.webp,Images/Pomegg__1047103__ThreeQuarter__Sparkling-10.webp
Pomegg,pomegg,1047103,1047103,,threequarter,sparkling-11,Sparkling-11,pomegg__1047103__threequarter__sparkling-11.webp,Pomegg__1047103__ThreeQuarter__Sparkling-11.webp,Images/Pomegg__1047103__ThreeQuarter__Sparkling-11.webp
Pomegg,pomegg,1047103,1047103,,threequarter,sparkling-12,Sparkling-12,pomegg__1047103__threequarter__sparkling-12.webp,Pomegg__1047103__ThreeQuarter__Sparkling-12.webp,Images/Pomegg__1047103__ThreeQuarter__Sparkling-12.webp
Pomegg,pomegg,1047103,1047103,,threequarter,umbral,Umbral,pomegg__1047103__threequarter__umbral.webp,Pomegg__1047103__ThreeQuarter__Umbral.webp,Images/Pomegg__1047103__ThreeQuarter__Umbral.webp
Popota,popota,1017200,1017200,,threequarter,normal,Normal,popota__1017200__threequarter__normal.webp,Popota__1017200__ThreeQuarter__Normal.webp,Images/Popota__1017200__ThreeQuarter__Normal.webp
Popota,popota,1017200,1017200,,threequarter,sparkling-1,Sparkling-01,popota__1017200__threequarter__sparkling-1.webp,Popota__1017200__ThreeQuarter__Sparkling-01.webp,Images/Popota__1017200__ThreeQuarter__Sparkling-01.webp
Popota,popota,1017200,1017200,,threequarter,sparkling-2,Sparkling-02,popota__1017200__threequarter__sparkling-2.webp,Popota__1017200__ThreeQuarter__Sparkling-02.webp,Images/Popota__1017200__ThreeQuarter__Sparkling-02.webp
Popota,popota,1017200,1017200,,threequarter,sparkling-3,Sparkling-03,popota__1017200__threequarter__sparkling-3.webp,Popota__1017200__ThreeQuarter__Sparkling-03.webp,Images/Popota__1017200__ThreeQuarter__Sparkling-03.webp
Popota,popota,1017200,1017200,,threequarter,sparkling-4,Sparkling-04,popota__1017200__threequarter__sparkling-4.webp,Popota__1017200__ThreeQuarter__Sparkling-04.webp,Images/Popota__1017200__ThreeQuarter__Sparkling-04.webp
Popota,popota,1017200,1017200,,threequarter,sparkling-5,Sparkling-05,popota__1017200__threequarter__sparkling-5.webp,Popota__1017200__ThreeQuarter__Sparkling-05.webp,Images/Popota__1017200__ThreeQuarter__Sparkling-05.webp
Popota,popota,1017200,1017200,,threequarter,sparkling-6,Sparkling-06,popota__1017200__threequarter__sparkling-6.webp,Popota__1017200__ThreeQuarter__Sparkling-06.webp,Images/Popota__1017200__ThreeQuarter__Sparkling-06.webp
Popota,popota,1017200,1017200,,threequarter,sparkling-7,Sparkling-07,popota__1017200__threequarter__sparkling-7.webp,Popota__1017200__ThreeQuarter__Sparkling-07.webp,Images/Popota__1017200__ThreeQuarter__Sparkling-07.webp
Popota,popota,1017200,1017200,,threequarter,sparkling-8,Sparkling-08,popota__1017200__threequarter__sparkling-8.webp,Popota__1017200__ThreeQuarter__Sparkling-08.webp,Images/Popota__1017200__ThreeQuarter__Sparkling-08.webp
Popota,popota,1017200,1017200,,threequarter,sparkling-9,Sparkling-09,popota__1017200__threequarter__sparkling-9.webp,Popota__1017200__ThreeQuarter__Sparkling-09.webp,Images/Popota__1017200__ThreeQuarter__Sparkling-09.webp
Popota,popota,1017200,1017200,,threequarter,sparkling-10,Sparkling-10,popota__1017200__threequarter__sparkling-10.webp,Popota__1017200__ThreeQuarter__Sparkling-10.webp,Images/Popota__1017200__ThreeQuarter__Sparkling-10.webp
Popota,popota,1017200,1017200,,threequarter,sparkling-11,Sparkling-11,popota__1017200__threequarter__sparkling-11.webp,Popota__1017200__ThreeQuarter__Sparkling-11.webp,Images/Popota__1017200__ThreeQuarter__Sparkling-11.webp
Popota,popota,1017200,1017200,,threequarter,sparkling-12,Sparkling-12,popota__1017200__threequarter__sparkling-12.webp,Popota__1017200__ThreeQuarter__Sparkling-12.webp,Images/Popota__1017200__ThreeQuarter__Sparkling-12.webp
Popota,popota,1017200,1017200,,threequarter,umbral,Umbral,popota__1017200__threequarter__umbral.webp,Popota__1017200__ThreeQuarter__Umbral.webp,Images/Popota__1017200__ThreeQuarter__Umbral.webp
Popota,popota,1017201,1017201,,threequarter,normal,Normal,popota__1017201__threequarter__normal.webp,Popota__1017201__ThreeQuarter__Normal.webp,Images/Popota__1017201__ThreeQuarter__Normal.webp
Popota,popota,1017201,1017201,,threequarter,sparkling-1,Sparkling-01,popota__1017201__threequarter__sparkling-1.webp,Popota__1017201__ThreeQuarter__Sparkling-01.webp,Images/Popota__1017201__ThreeQuarter__Sparkling-01.webp
Popota,popota,1017201,1017201,,threequarter,sparkling-2,Sparkling-02,popota__1017201__threequarter__sparkling-2.webp,Popota__1017201__ThreeQuarter__Sparkling-02.webp,Images/Popota__1017201__ThreeQuarter__Sparkling-02.webp
Popota,popota,1017201,1017201,,threequarter,sparkling-3,Sparkling-03,popota__1017201__threequarter__sparkling-3.webp,Popota__1017201__ThreeQuarter__Sparkling-03.webp,Images/Popota__1017201__ThreeQuarter__Sparkling-03.webp
Popota,popota,1017201,1017201,,threequarter,sparkling-4,Sparkling-04,popota__1017201__threequarter__sparkling-4.webp,Popota__1017201__ThreeQuarter__Sparkling-04.webp,Images/Popota__1017201__ThreeQuarter__Sparkling-04.webp
Popota,popota,1017201,1017201,,threequarter,sparkling-5,Sparkling-05,popota__1017201__threequarter__sparkling-5.webp,Popota__1017201__ThreeQuarter__Sparkling-05.webp,Images/Popota__1017201__ThreeQuarter__Sparkling-05.webp
Popota,popota,1017201,1017201,,threequarter,sparkling-6,Sparkling-06,popota__1017201__threequarter__sparkling-6.webp,Popota__1017201__ThreeQuarter__Sparkling-06.webp,Images/Popota__1017201__ThreeQuarter__Sparkling-06.webp
Popota,popota,1017201,1017201,,threequarter,sparkling-7,Sparkling-07,popota__1017201__threequarter__sparkling-7.webp,Popota__1017201__ThreeQuarter__Sparkling-07.webp,Images/Popota__1017201__ThreeQuarter__Sparkling-07.webp
Popota,popota,1017201,1017201,,threequarter,sparkling-8,Sparkling-08,popota__1017201__threequarter__sparkling-8.webp,Popota__1017201__ThreeQuarter__Sparkling-08.webp,Images/Popota__1017201__ThreeQuarter__Sparkling-08.webp
Popota,popota,1017201,1017201,,threequarter,sparkling-9,Sparkling-09,popota__1017201__threequarter__sparkling-9.webp,Popota__1017201__ThreeQuarter__Sparkling-09.webp,Images/Popota__1017201__ThreeQuarter__Sparkling-09.webp
Popota,popota,1017201,1017201,,threequarter,sparkling-10,Sparkling-10,popota__1017201__threequarter__sparkling-10.webp,Popota__1017201__ThreeQuarter__Sparkling-10.webp,Images/Popota__1017201__ThreeQuarter__Sparkling-10.webp
Popota,popota,1017201,1017201,,threequarter,sparkling-11,Sparkling-11,popota__1017201__threequarter__sparkling-11.webp,Popota__1017201__ThreeQuarter__Sparkling-11.webp,Images/Popota__1017201__ThreeQuarter__Sparkling-11.webp
Popota,popota,1017201,1017201,,threequarter,sparkling-12,Sparkling-12,popota__1017201__threequarter__sparkling-12.webp,Popota__1017201__ThreeQuarter__Sparkling-12.webp,Images/Popota__1017201__ThreeQuarter__Sparkling-12.webp
Popota,popota,1017201,1017201,,threequarter,umbral,Umbral,popota__1017201__threequarter__umbral.webp,Popota__1017201__ThreeQuarter__Umbral.webp,Images/Popota__1017201__ThreeQuarter__Umbral.webp
Pranky,pranky,1004200,1004200,,threequarter,normal,Normal,pranky__1004200__threequarter__normal.webp,Pranky__1004200__ThreeQuarter__Normal.webp,Images/Pranky__1004200__ThreeQuarter__Normal.webp
Pranky,pranky,1004200,1004200,,threequarter,sparkling-1,Sparkling-01,pranky__1004200__threequarter__sparkling-1.webp,Pranky__1004200__ThreeQuarter__Sparkling-01.webp,Images/Pranky__1004200__ThreeQuarter__Sparkling-01.webp
Pranky,pranky,1004200,1004200,,threequarter,sparkling-2,Sparkling-02,pranky__1004200__threequarter__sparkling-2.webp,Pranky__1004200__ThreeQuarter__Sparkling-02.webp,Images/Pranky__1004200__ThreeQuarter__Sparkling-02.webp
Pranky,pranky,1004200,1004200,,threequarter,sparkling-3,Sparkling-03,pranky__1004200__threequarter__sparkling-3.webp,Pranky__1004200__ThreeQuarter__Sparkling-03.webp,Images/Pranky__1004200__ThreeQuarter__Sparkling-03.webp
Pranky,pranky,1004200,1004200,,threequarter,sparkling-4,Sparkling-04,pranky__1004200__threequarter__sparkling-4.webp,Pranky__1004200__ThreeQuarter__Sparkling-04.webp,Images/Pranky__1004200__ThreeQuarter__Sparkling-04.webp
Pranky,pranky,1004200,1004200,,threequarter,sparkling-5,Sparkling-05,pranky__1004200__threequarter__sparkling-5.webp,Pranky__1004200__ThreeQuarter__Sparkling-05.webp,Images/Pranky__1004200__ThreeQuarter__Sparkling-05.webp
Pranky,pranky,1004200,1004200,,threequarter,sparkling-6,Sparkling-06,pranky__1004200__threequarter__sparkling-6.webp,Pranky__1004200__ThreeQuarter__Sparkling-06.webp,Images/Pranky__1004200__ThreeQuarter__Sparkling-06.webp
Pranky,pranky,1004200,1004200,,threequarter,sparkling-7,Sparkling-07,pranky__1004200__threequarter__sparkling-7.webp,Pranky__1004200__ThreeQuarter__Sparkling-07.webp,Images/Pranky__1004200__ThreeQuarter__Sparkling-07.webp
Pranky,pranky,1004200,1004200,,threequarter,sparkling-8,Sparkling-08,pranky__1004200__threequarter__sparkling-8.webp,Pranky__1004200__ThreeQuarter__Sparkling-08.webp,Images/Pranky__1004200__ThreeQuarter__Sparkling-08.webp
Pranky,pranky,1004200,1004200,,threequarter,sparkling-9,Sparkling-09,pranky__1004200__threequarter__sparkling-9.webp,Pranky__1004200__ThreeQuarter__Sparkling-09.webp,Images/Pranky__1004200__ThreeQuarter__Sparkling-09.webp
Pranky,pranky,1004200,1004200,,threequarter,sparkling-10,Sparkling-10,pranky__1004200__threequarter__sparkling-10.webp,Pranky__1004200__ThreeQuarter__Sparkling-10.webp,Images/Pranky__1004200__ThreeQuarter__Sparkling-10.webp
Pranky,pranky,1004200,1004200,,threequarter,sparkling-11,Sparkling-11,pranky__1004200__threequarter__sparkling-11.webp,Pranky__1004200__ThreeQuarter__Sparkling-11.webp,Images/Pranky__1004200__ThreeQuarter__Sparkling-11.webp
Pranky,pranky,1004200,1004200,,threequarter,sparkling-12,Sparkling-12,pranky__1004200__threequarter__sparkling-12.webp,Pranky__1004200__ThreeQuarter__Sparkling-12.webp,Images/Pranky__1004200__ThreeQuarter__Sparkling-12.webp
Pranky,pranky,1004200,1004200,,threequarter,umbral,Umbral,pranky__1004200__threequarter__umbral.webp,Pranky__1004200__ThreeQuarter__Umbral.webp,Images/Pranky__1004200__ThreeQuarter__Umbral.webp
Pranky,pranky,1004201,1004201,,threequarter,normal,Normal,pranky__1004201__threequarter__normal.webp,Pranky__1004201__ThreeQuarter__Normal.webp,Images/Pranky__1004201__ThreeQuarter__Normal.webp
Pranky,pranky,1004201,1004201,,threequarter,sparkling-1,Sparkling-01,pranky__1004201__threequarter__sparkling-1.webp,Pranky__1004201__ThreeQuarter__Sparkling-01.webp,Images/Pranky__1004201__ThreeQuarter__Sparkling-01.webp
Pranky,pranky,1004201,1004201,,threequarter,sparkling-2,Sparkling-02,pranky__1004201__threequarter__sparkling-2.webp,Pranky__1004201__ThreeQuarter__Sparkling-02.webp,Images/Pranky__1004201__ThreeQuarter__Sparkling-02.webp
Pranky,pranky,1004201,1004201,,threequarter,sparkling-3,Sparkling-03,pranky__1004201__threequarter__sparkling-3.webp,Pranky__1004201__ThreeQuarter__Sparkling-03.webp,Images/Pranky__1004201__ThreeQuarter__Sparkling-03.webp
Pranky,pranky,1004201,1004201,,threequarter,sparkling-4,Sparkling-04,pranky__1004201__threequarter__sparkling-4.webp,Pranky__1004201__ThreeQuarter__Sparkling-04.webp,Images/Pranky__1004201__ThreeQuarter__Sparkling-04.webp
Pranky,pranky,1004201,1004201,,threequarter,sparkling-5,Sparkling-05,pranky__1004201__threequarter__sparkling-5.webp,Pranky__1004201__ThreeQuarter__Sparkling-05.webp,Images/Pranky__1004201__ThreeQuarter__Sparkling-05.webp
Pranky,pranky,1004201,1004201,,threequarter,sparkling-6,Sparkling-06,pranky__1004201__threequarter__sparkling-6.webp,Pranky__1004201__ThreeQuarter__Sparkling-06.webp,Images/Pranky__1004201__ThreeQuarter__Sparkling-06.webp
Pranky,pranky,1004201,1004201,,threequarter,sparkling-7,Sparkling-07,pranky__1004201__threequarter__sparkling-7.webp,Pranky__1004201__ThreeQuarter__Sparkling-07.webp,Images/Pranky__1004201__ThreeQuarter__Sparkling-07.webp
Pranky,pranky,1004201,1004201,,threequarter,sparkling-8,Sparkling-08,pranky__1004201__threequarter__sparkling-8.webp,Pranky__1004201__ThreeQuarter__Sparkling-08.webp,Images/Pranky__1004201__ThreeQuarter__Sparkling-08.webp
Pranky,pranky,1004201,1004201,,threequarter,sparkling-9,Sparkling-09,pranky__1004201__threequarter__sparkling-9.webp,Pranky__1004201__ThreeQuarter__Sparkling-09.webp,Images/Pranky__1004201__ThreeQuarter__Sparkling-09.webp
Pranky,pranky,1004201,1004201,,threequarter,sparkling-10,Sparkling-10,pranky__1004201__threequarter__sparkling-10.webp,Pranky__1004201__ThreeQuarter__Sparkling-10.webp,Images/Pranky__1004201__ThreeQuarter__Sparkling-10.webp
Pranky,pranky,1004201,1004201,,threequarter,sparkling-11,Sparkling-11,pranky__1004201__threequarter__sparkling-11.webp,Pranky__1004201__ThreeQuarter__Sparkling-11.webp,Images/Pranky__1004201__ThreeQuarter__Sparkling-11.webp
Pranky,pranky,1004201,1004201,,threequarter,sparkling-12,Sparkling-12,pranky__1004201__threequarter__sparkling-12.webp,Pranky__1004201__ThreeQuarter__Sparkling-12.webp,Images/Pranky__1004201__ThreeQuarter__Sparkling-12.webp
Pranky,pranky,1004201,1004201,,threequarter,umbral,Umbral,pranky__1004201__threequarter__umbral.webp,Pranky__1004201__ThreeQuarter__Umbral.webp,Images/Pranky__1004201__ThreeQuarter__Umbral.webp
Pranky,pranky,1004202,1004202,,threequarter,normal,Normal,pranky__1004202__threequarter__normal.webp,Pranky__1004202__ThreeQuarter__Normal.webp,Images/Pranky__1004202__ThreeQuarter__Normal.webp
Pranky,pranky,1004202,1004202,,threequarter,sparkling-1,Sparkling-01,pranky__1004202__threequarter__sparkling-1.webp,Pranky__1004202__ThreeQuarter__Sparkling-01.webp,Images/Pranky__1004202__ThreeQuarter__Sparkling-01.webp
Pranky,pranky,1004202,1004202,,threequarter,sparkling-2,Sparkling-02,pranky__1004202__threequarter__sparkling-2.webp,Pranky__1004202__ThreeQuarter__Sparkling-02.webp,Images/Pranky__1004202__ThreeQuarter__Sparkling-02.webp
Pranky,pranky,1004202,1004202,,threequarter,sparkling-3,Sparkling-03,pranky__1004202__threequarter__sparkling-3.webp,Pranky__1004202__ThreeQuarter__Sparkling-03.webp,Images/Pranky__1004202__ThreeQuarter__Sparkling-03.webp
Pranky,pranky,1004202,1004202,,threequarter,sparkling-4,Sparkling-04,pranky__1004202__threequarter__sparkling-4.webp,Pranky__1004202__ThreeQuarter__Sparkling-04.webp,Images/Pranky__1004202__ThreeQuarter__Sparkling-04.webp
Pranky,pranky,1004202,1004202,,threequarter,sparkling-5,Sparkling-05,pranky__1004202__threequarter__sparkling-5.webp,Pranky__1004202__ThreeQuarter__Sparkling-05.webp,Images/Pranky__1004202__ThreeQuarter__Sparkling-05.webp
Pranky,pranky,1004202,1004202,,threequarter,sparkling-6,Sparkling-06,pranky__1004202__threequarter__sparkling-6.webp,Pranky__1004202__ThreeQuarter__Sparkling-06.webp,Images/Pranky__1004202__ThreeQuarter__Sparkling-06.webp
Pranky,pranky,1004202,1004202,,threequarter,sparkling-7,Sparkling-07,pranky__1004202__threequarter__sparkling-7.webp,Pranky__1004202__ThreeQuarter__Sparkling-07.webp,Images/Pranky__1004202__ThreeQuarter__Sparkling-07.webp
Pranky,pranky,1004202,1004202,,threequarter,sparkling-8,Sparkling-08,pranky__1004202__threequarter__sparkling-8.webp,Pranky__1004202__ThreeQuarter__Sparkling-08.webp,Images/Pranky__1004202__ThreeQuarter__Sparkling-08.webp
Pranky,pranky,1004202,1004202,,threequarter,sparkling-9,Sparkling-09,pranky__1004202__threequarter__sparkling-9.webp,Pranky__1004202__ThreeQuarter__Sparkling-09.webp,Images/Pranky__1004202__ThreeQuarter__Sparkling-09.webp
Pranky,pranky,1004202,1004202,,threequarter,sparkling-10,Sparkling-10,pranky__1004202__threequarter__sparkling-10.webp,Pranky__1004202__ThreeQuarter__Sparkling-10.webp,Images/Pranky__1004202__ThreeQuarter__Sparkling-10.webp
Pranky,pranky,1004202,1004202,,threequarter,sparkling-11,Sparkling-11,pranky__1004202__threequarter__sparkling-11.webp,Pranky__1004202__ThreeQuarter__Sparkling-11.webp,Images/Pranky__1004202__ThreeQuarter__Sparkling-11.webp
Pranky,pranky,1004202,1004202,,threequarter,sparkling-12,Sparkling-12,pranky__1004202__threequarter__sparkling-12.webp,Pranky__1004202__ThreeQuarter__Sparkling-12.webp,Images/Pranky__1004202__ThreeQuarter__Sparkling-12.webp
Pranky,pranky,1004202,1004202,,threequarter,umbral,Umbral,pranky__1004202__threequarter__umbral.webp,Pranky__1004202__ThreeQuarter__Umbral.webp,Images/Pranky__1004202__ThreeQuarter__Umbral.webp
Rookey,rookey,1002700,1002700,,threequarter,normal,Normal,rookey__1002700__threequarter__normal.webp,Rookey__1002700__ThreeQuarter__Normal.webp,Images/Rookey__1002700__ThreeQuarter__Normal.webp
Rookey,rookey,1002700,1002700,,threequarter,sparkling-1,Sparkling-01,rookey__1002700__threequarter__sparkling-1.webp,Rookey__1002700__ThreeQuarter__Sparkling-01.webp,Images/Rookey__1002700__ThreeQuarter__Sparkling-01.webp
Rookey,rookey,1002700,1002700,,threequarter,sparkling-2,Sparkling-02,rookey__1002700__threequarter__sparkling-2.webp,Rookey__1002700__ThreeQuarter__Sparkling-02.webp,Images/Rookey__1002700__ThreeQuarter__Sparkling-02.webp
Rookey,rookey,1002700,1002700,,threequarter,sparkling-3,Sparkling-03,rookey__1002700__threequarter__sparkling-3.webp,Rookey__1002700__ThreeQuarter__Sparkling-03.webp,Images/Rookey__1002700__ThreeQuarter__Sparkling-03.webp
Rookey,rookey,1002700,1002700,,threequarter,sparkling-4,Sparkling-04,rookey__1002700__threequarter__sparkling-4.webp,Rookey__1002700__ThreeQuarter__Sparkling-04.webp,Images/Rookey__1002700__ThreeQuarter__Sparkling-04.webp
Rookey,rookey,1002700,1002700,,threequarter,sparkling-5,Sparkling-05,rookey__1002700__threequarter__sparkling-5.webp,Rookey__1002700__ThreeQuarter__Sparkling-05.webp,Images/Rookey__1002700__ThreeQuarter__Sparkling-05.webp
Rookey,rookey,1002700,1002700,,threequarter,sparkling-6,Sparkling-06,rookey__1002700__threequarter__sparkling-6.webp,Rookey__1002700__ThreeQuarter__Sparkling-06.webp,Images/Rookey__1002700__ThreeQuarter__Sparkling-06.webp
Rookey,rookey,1002700,1002700,,threequarter,sparkling-7,Sparkling-07,rookey__1002700__threequarter__sparkling-7.webp,Rookey__1002700__ThreeQuarter__Sparkling-07.webp,Images/Rookey__1002700__ThreeQuarter__Sparkling-07.webp
Rookey,rookey,1002700,1002700,,threequarter,sparkling-8,Sparkling-08,rookey__1002700__threequarter__sparkling-8.webp,Rookey__1002700__ThreeQuarter__Sparkling-08.webp,Images/Rookey__1002700__ThreeQuarter__Sparkling-08.webp
Rookey,rookey,1002700,1002700,,threequarter,sparkling-9,Sparkling-09,rookey__1002700__threequarter__sparkling-9.webp,Rookey__1002700__ThreeQuarter__Sparkling-09.webp,Images/Rookey__1002700__ThreeQuarter__Sparkling-09.webp
Rookey,rookey,1002700,1002700,,threequarter,sparkling-10,Sparkling-10,rookey__1002700__threequarter__sparkling-10.webp,Rookey__1002700__ThreeQuarter__Sparkling-10.webp,Images/Rookey__1002700__ThreeQuarter__Sparkling-10.webp
Rookey,rookey,1002700,1002700,,threequarter,sparkling-11,Sparkling-11,rookey__1002700__threequarter__sparkling-11.webp,Rookey__1002700__ThreeQuarter__Sparkling-11.webp,Images/Rookey__1002700__ThreeQuarter__Sparkling-11.webp
Rookey,rookey,1002700,1002700,,threequarter,sparkling-12,Sparkling-12,rookey__1002700__threequarter__sparkling-12.webp,Rookey__1002700__ThreeQuarter__Sparkling-12.webp,Images/Rookey__1002700__ThreeQuarter__Sparkling-12.webp
Rookey,rookey,1002700,1002700,,threequarter,umbral,Umbral,rookey__1002700__threequarter__umbral.webp,Rookey__1002700__ThreeQuarter__Umbral.webp,Images/Rookey__1002700__ThreeQuarter__Umbral.webp
Rookey,rookey,1002701,1002701,,threequarter,normal,Normal,rookey__1002701__threequarter__normal.webp,Rookey__1002701__ThreeQuarter__Normal.webp,Images/Rookey__1002701__ThreeQuarter__Normal.webp
Rookey,rookey,1002701,1002701,,threequarter,sparkling-1,Sparkling-01,rookey__1002701__threequarter__sparkling-1.webp,Rookey__1002701__ThreeQuarter__Sparkling-01.webp,Images/Rookey__1002701__ThreeQuarter__Sparkling-01.webp
Rookey,rookey,1002701,1002701,,threequarter,sparkling-2,Sparkling-02,rookey__1002701__threequarter__sparkling-2.webp,Rookey__1002701__ThreeQuarter__Sparkling-02.webp,Images/Rookey__1002701__ThreeQuarter__Sparkling-02.webp
Rookey,rookey,1002701,1002701,,threequarter,sparkling-3,Sparkling-03,rookey__1002701__threequarter__sparkling-3.webp,Rookey__1002701__ThreeQuarter__Sparkling-03.webp,Images/Rookey__1002701__ThreeQuarter__Sparkling-03.webp
Rookey,rookey,1002701,1002701,,threequarter,sparkling-4,Sparkling-04,rookey__1002701__threequarter__sparkling-4.webp,Rookey__1002701__ThreeQuarter__Sparkling-04.webp,Images/Rookey__1002701__ThreeQuarter__Sparkling-04.webp
Rookey,rookey,1002701,1002701,,threequarter,sparkling-5,Sparkling-05,rookey__1002701__threequarter__sparkling-5.webp,Rookey__1002701__ThreeQuarter__Sparkling-05.webp,Images/Rookey__1002701__ThreeQuarter__Sparkling-05.webp
Rookey,rookey,1002701,1002701,,threequarter,sparkling-6,Sparkling-06,rookey__1002701__threequarter__sparkling-6.webp,Rookey__1002701__ThreeQuarter__Sparkling-06.webp,Images/Rookey__1002701__ThreeQuarter__Sparkling-06.webp
Rookey,rookey,1002701,1002701,,threequarter,sparkling-7,Sparkling-07,rookey__1002701__threequarter__sparkling-7.webp,Rookey__1002701__ThreeQuarter__Sparkling-07.webp,Images/Rookey__1002701__ThreeQuarter__Sparkling-07.webp
Rookey,rookey,1002701,1002701,,threequarter,sparkling-8,Sparkling-08,rookey__1002701__threequarter__sparkling-8.webp,Rookey__1002701__ThreeQuarter__Sparkling-08.webp,Images/Rookey__1002701__ThreeQuarter__Sparkling-08.webp
Rookey,rookey,1002701,1002701,,threequarter,sparkling-9,Sparkling-09,rookey__1002701__threequarter__sparkling-9.webp,Rookey__1002701__ThreeQuarter__Sparkling-09.webp,Images/Rookey__1002701__ThreeQuarter__Sparkling-09.webp
Rookey,rookey,1002701,1002701,,threequarter,sparkling-10,Sparkling-10,rookey__1002701__threequarter__sparkling-10.webp,Rookey__1002701__ThreeQuarter__Sparkling-10.webp,Images/Rookey__1002701__ThreeQuarter__Sparkling-10.webp
Rookey,rookey,1002701,1002701,,threequarter,sparkling-11,Sparkling-11,rookey__1002701__threequarter__sparkling-11.webp,Rookey__1002701__ThreeQuarter__Sparkling-11.webp,Images/Rookey__1002701__ThreeQuarter__Sparkling-11.webp
Rookey,rookey,1002701,1002701,,threequarter,sparkling-12,Sparkling-12,rookey__1002701__threequarter__sparkling-12.webp,Rookey__1002701__ThreeQuarter__Sparkling-12.webp,Images/Rookey__1002701__ThreeQuarter__Sparkling-12.webp
Rookey,rookey,1002701,1002701,,threequarter,umbral,Umbral,rookey__1002701__threequarter__umbral.webp,Rookey__1002701__ThreeQuarter__Umbral.webp,Images/Rookey__1002701__ThreeQuarter__Umbral.webp
Rookey,rookey,1002702,1002702,,threequarter,normal,Normal,rookey__1002702__threequarter__normal.webp,Rookey__1002702__ThreeQuarter__Normal.webp,Images/Rookey__1002702__ThreeQuarter__Normal.webp
Rookey,rookey,1002702,1002702,,threequarter,sparkling-1,Sparkling-01,rookey__1002702__threequarter__sparkling-1.webp,Rookey__1002702__ThreeQuarter__Sparkling-01.webp,Images/Rookey__1002702__ThreeQuarter__Sparkling-01.webp
Rookey,rookey,1002702,1002702,,threequarter,sparkling-2,Sparkling-02,rookey__1002702__threequarter__sparkling-2.webp,Rookey__1002702__ThreeQuarter__Sparkling-02.webp,Images/Rookey__1002702__ThreeQuarter__Sparkling-02.webp
Rookey,rookey,1002702,1002702,,threequarter,sparkling-3,Sparkling-03,rookey__1002702__threequarter__sparkling-3.webp,Rookey__1002702__ThreeQuarter__Sparkling-03.webp,Images/Rookey__1002702__ThreeQuarter__Sparkling-03.webp
Rookey,rookey,1002702,1002702,,threequarter,sparkling-4,Sparkling-04,rookey__1002702__threequarter__sparkling-4.webp,Rookey__1002702__ThreeQuarter__Sparkling-04.webp,Images/Rookey__1002702__ThreeQuarter__Sparkling-04.webp
Rookey,rookey,1002702,1002702,,threequarter,sparkling-5,Sparkling-05,rookey__1002702__threequarter__sparkling-5.webp,Rookey__1002702__ThreeQuarter__Sparkling-05.webp,Images/Rookey__1002702__ThreeQuarter__Sparkling-05.webp
Rookey,rookey,1002702,1002702,,threequarter,sparkling-6,Sparkling-06,rookey__1002702__threequarter__sparkling-6.webp,Rookey__1002702__ThreeQuarter__Sparkling-06.webp,Images/Rookey__1002702__ThreeQuarter__Sparkling-06.webp
Rookey,rookey,1002702,1002702,,threequarter,sparkling-7,Sparkling-07,rookey__1002702__threequarter__sparkling-7.webp,Rookey__1002702__ThreeQuarter__Sparkling-07.webp,Images/Rookey__1002702__ThreeQuarter__Sparkling-07.webp
Rookey,rookey,1002702,1002702,,threequarter,sparkling-8,Sparkling-08,rookey__1002702__threequarter__sparkling-8.webp,Rookey__1002702__ThreeQuarter__Sparkling-08.webp,Images/Rookey__1002702__ThreeQuarter__Sparkling-08.webp
Rookey,rookey,1002702,1002702,,threequarter,sparkling-9,Sparkling-09,rookey__1002702__threequarter__sparkling-9.webp,Rookey__1002702__ThreeQuarter__Sparkling-09.webp,Images/Rookey__1002702__ThreeQuarter__Sparkling-09.webp
Rookey,rookey,1002702,1002702,,threequarter,sparkling-10,Sparkling-10,rookey__1002702__threequarter__sparkling-10.webp,Rookey__1002702__ThreeQuarter__Sparkling-10.webp,Images/Rookey__1002702__ThreeQuarter__Sparkling-10.webp
Rookey,rookey,1002702,1002702,,threequarter,sparkling-11,Sparkling-11,rookey__1002702__threequarter__sparkling-11.webp,Rookey__1002702__ThreeQuarter__Sparkling-11.webp,Images/Rookey__1002702__ThreeQuarter__Sparkling-11.webp
Rookey,rookey,1002702,1002702,,threequarter,sparkling-12,Sparkling-12,rookey__1002702__threequarter__sparkling-12.webp,Rookey__1002702__ThreeQuarter__Sparkling-12.webp,Images/Rookey__1002702__ThreeQuarter__Sparkling-12.webp
Rookey,rookey,1002702,1002702,,threequarter,umbral,Umbral,rookey__1002702__threequarter__umbral.webp,Rookey__1002702__ThreeQuarter__Umbral.webp,Images/Rookey__1002702__ThreeQuarter__Umbral.webp
Scorchhowl,scorchhowl,1005300,1005300,,threequarter,normal,Normal,scorchhowl__1005300__threequarter__normal.webp,Scorchhowl__1005300__ThreeQuarter__Normal.webp,Images/Scorchhowl__1005300__ThreeQuarter__Normal.webp
Scorchhowl,scorchhowl,1005300,1005300,,threequarter,sparkling-1,Sparkling-01,scorchhowl__1005300__threequarter__sparkling-1.webp,Scorchhowl__1005300__ThreeQuarter__Sparkling-01.webp,Images/Scorchhowl__1005300__ThreeQuarter__Sparkling-01.webp
Scorchhowl,scorchhowl,1005300,1005300,,threequarter,sparkling-2,Sparkling-02,scorchhowl__1005300__threequarter__sparkling-2.webp,Scorchhowl__1005300__ThreeQuarter__Sparkling-02.webp,Images/Scorchhowl__1005300__ThreeQuarter__Sparkling-02.webp
Scorchhowl,scorchhowl,1005300,1005300,,threequarter,sparkling-3,Sparkling-03,scorchhowl__1005300__threequarter__sparkling-3.webp,Scorchhowl__1005300__ThreeQuarter__Sparkling-03.webp,Images/Scorchhowl__1005300__ThreeQuarter__Sparkling-03.webp
Scorchhowl,scorchhowl,1005300,1005300,,threequarter,sparkling-4,Sparkling-04,scorchhowl__1005300__threequarter__sparkling-4.webp,Scorchhowl__1005300__ThreeQuarter__Sparkling-04.webp,Images/Scorchhowl__1005300__ThreeQuarter__Sparkling-04.webp
Scorchhowl,scorchhowl,1005300,1005300,,threequarter,sparkling-5,Sparkling-05,scorchhowl__1005300__threequarter__sparkling-5.webp,Scorchhowl__1005300__ThreeQuarter__Sparkling-05.webp,Images/Scorchhowl__1005300__ThreeQuarter__Sparkling-05.webp
Scorchhowl,scorchhowl,1005300,1005300,,threequarter,sparkling-6,Sparkling-06,scorchhowl__1005300__threequarter__sparkling-6.webp,Scorchhowl__1005300__ThreeQuarter__Sparkling-06.webp,Images/Scorchhowl__1005300__ThreeQuarter__Sparkling-06.webp
Scorchhowl,scorchhowl,1005300,1005300,,threequarter,sparkling-7,Sparkling-07,scorchhowl__1005300__threequarter__sparkling-7.webp,Scorchhowl__1005300__ThreeQuarter__Sparkling-07.webp,Images/Scorchhowl__1005300__ThreeQuarter__Sparkling-07.webp
Scorchhowl,scorchhowl,1005300,1005300,,threequarter,sparkling-8,Sparkling-08,scorchhowl__1005300__threequarter__sparkling-8.webp,Scorchhowl__1005300__ThreeQuarter__Sparkling-08.webp,Images/Scorchhowl__1005300__ThreeQuarter__Sparkling-08.webp
Scorchhowl,scorchhowl,1005300,1005300,,threequarter,sparkling-9,Sparkling-09,scorchhowl__1005300__threequarter__sparkling-9.webp,Scorchhowl__1005300__ThreeQuarter__Sparkling-09.webp,Images/Scorchhowl__1005300__ThreeQuarter__Sparkling-09.webp
Scorchhowl,scorchhowl,1005300,1005300,,threequarter,sparkling-10,Sparkling-10,scorchhowl__1005300__threequarter__sparkling-10.webp,Scorchhowl__1005300__ThreeQuarter__Sparkling-10.webp,Images/Scorchhowl__1005300__ThreeQuarter__Sparkling-10.webp
Scorchhowl,scorchhowl,1005300,1005300,,threequarter,sparkling-11,Sparkling-11,scorchhowl__1005300__threequarter__sparkling-11.webp,Scorchhowl__1005300__ThreeQuarter__Sparkling-11.webp,Images/Scorchhowl__1005300__ThreeQuarter__Sparkling-11.webp
Scorchhowl,scorchhowl,1005300,1005300,,threequarter,sparkling-12,Sparkling-12,scorchhowl__1005300__threequarter__sparkling-12.webp,Scorchhowl__1005300__ThreeQuarter__Sparkling-12.webp,Images/Scorchhowl__1005300__ThreeQuarter__Sparkling-12.webp
Scorchhowl,scorchhowl,1005300,1005300,,threequarter,umbral,Umbral,scorchhowl__1005300__threequarter__umbral.webp,Scorchhowl__1005300__ThreeQuarter__Umbral.webp,Images/Scorchhowl__1005300__ThreeQuarter__Umbral.webp
Scorchhowl,scorchhowl,1005301,1005301,,threequarter,normal,Normal,scorchhowl__1005301__threequarter__normal.webp,Scorchhowl__1005301__ThreeQuarter__Normal.webp,Images/Scorchhowl__1005301__ThreeQuarter__Normal.webp
Scorchhowl,scorchhowl,1005301,1005301,,threequarter,sparkling-1,Sparkling-01,scorchhowl__1005301__threequarter__sparkling-1.webp,Scorchhowl__1005301__ThreeQuarter__Sparkling-01.webp,Images/Scorchhowl__1005301__ThreeQuarter__Sparkling-01.webp
Scorchhowl,scorchhowl,1005301,1005301,,threequarter,sparkling-2,Sparkling-02,scorchhowl__1005301__threequarter__sparkling-2.webp,Scorchhowl__1005301__ThreeQuarter__Sparkling-02.webp,Images/Scorchhowl__1005301__ThreeQuarter__Sparkling-02.webp
Scorchhowl,scorchhowl,1005301,1005301,,threequarter,sparkling-3,Sparkling-03,scorchhowl__1005301__threequarter__sparkling-3.webp,Scorchhowl__1005301__ThreeQuarter__Sparkling-03.webp,Images/Scorchhowl__1005301__ThreeQuarter__Sparkling-03.webp
Scorchhowl,scorchhowl,1005301,1005301,,threequarter,sparkling-4,Sparkling-04,scorchhowl__1005301__threequarter__sparkling-4.webp,Scorchhowl__1005301__ThreeQuarter__Sparkling-04.webp,Images/Scorchhowl__1005301__ThreeQuarter__Sparkling-04.webp
Scorchhowl,scorchhowl,1005301,1005301,,threequarter,sparkling-5,Sparkling-05,scorchhowl__1005301__threequarter__sparkling-5.webp,Scorchhowl__1005301__ThreeQuarter__Sparkling-05.webp,Images/Scorchhowl__1005301__ThreeQuarter__Sparkling-05.webp
Scorchhowl,scorchhowl,1005301,1005301,,threequarter,sparkling-6,Sparkling-06,scorchhowl__1005301__threequarter__sparkling-6.webp,Scorchhowl__1005301__ThreeQuarter__Sparkling-06.webp,Images/Scorchhowl__1005301__ThreeQuarter__Sparkling-06.webp
Scorchhowl,scorchhowl,1005301,1005301,,threequarter,sparkling-7,Sparkling-07,scorchhowl__1005301__threequarter__sparkling-7.webp,Scorchhowl__1005301__ThreeQuarter__Sparkling-07.webp,Images/Scorchhowl__1005301__ThreeQuarter__Sparkling-07.webp
Scorchhowl,scorchhowl,1005301,1005301,,threequarter,sparkling-8,Sparkling-08,scorchhowl__1005301__threequarter__sparkling-8.webp,Scorchhowl__1005301__ThreeQuarter__Sparkling-08.webp,Images/Scorchhowl__1005301__ThreeQuarter__Sparkling-08.webp
Scorchhowl,scorchhowl,1005301,1005301,,threequarter,sparkling-9,Sparkling-09,scorchhowl__1005301__threequarter__sparkling-9.webp,Scorchhowl__1005301__ThreeQuarter__Sparkling-09.webp,Images/Scorchhowl__1005301__ThreeQuarter__Sparkling-09.webp
Scorchhowl,scorchhowl,1005301,1005301,,threequarter,sparkling-10,Sparkling-10,scorchhowl__1005301__threequarter__sparkling-10.webp,Scorchhowl__1005301__ThreeQuarter__Sparkling-10.webp,Images/Scorchhowl__1005301__ThreeQuarter__Sparkling-10.webp
Scorchhowl,scorchhowl,1005301,1005301,,threequarter,sparkling-11,Sparkling-11,scorchhowl__1005301__threequarter__sparkling-11.webp,Scorchhowl__1005301__ThreeQuarter__Sparkling-11.webp,Images/Scorchhowl__1005301__ThreeQuarter__Sparkling-11.webp
Scorchhowl,scorchhowl,1005301,1005301,,threequarter,sparkling-12,Sparkling-12,scorchhowl__1005301__threequarter__sparkling-12.webp,Scorchhowl__1005301__ThreeQuarter__Sparkling-12.webp,Images/Scorchhowl__1005301__ThreeQuarter__Sparkling-12.webp
Scorchhowl,scorchhowl,1005301,1005301,,threequarter,umbral,Umbral,scorchhowl__1005301__threequarter__umbral.webp,Scorchhowl__1005301__ThreeQuarter__Umbral.webp,Images/Scorchhowl__1005301__ThreeQuarter__Umbral.webp
Scorchhowl,scorchhowl,1005302,1005302,,threequarter,normal,Normal,scorchhowl__1005302__threequarter__normal.webp,Scorchhowl__1005302__ThreeQuarter__Normal.webp,Images/Scorchhowl__1005302__ThreeQuarter__Normal.webp
Scorchhowl,scorchhowl,1005302,1005302,,threequarter,sparkling-1,Sparkling-01,scorchhowl__1005302__threequarter__sparkling-1.webp,Scorchhowl__1005302__ThreeQuarter__Sparkling-01.webp,Images/Scorchhowl__1005302__ThreeQuarter__Sparkling-01.webp
Scorchhowl,scorchhowl,1005302,1005302,,threequarter,sparkling-2,Sparkling-02,scorchhowl__1005302__threequarter__sparkling-2.webp,Scorchhowl__1005302__ThreeQuarter__Sparkling-02.webp,Images/Scorchhowl__1005302__ThreeQuarter__Sparkling-02.webp
Scorchhowl,scorchhowl,1005302,1005302,,threequarter,sparkling-3,Sparkling-03,scorchhowl__1005302__threequarter__sparkling-3.webp,Scorchhowl__1005302__ThreeQuarter__Sparkling-03.webp,Images/Scorchhowl__1005302__ThreeQuarter__Sparkling-03.webp
Scorchhowl,scorchhowl,1005302,1005302,,threequarter,sparkling-4,Sparkling-04,scorchhowl__1005302__threequarter__sparkling-4.webp,Scorchhowl__1005302__ThreeQuarter__Sparkling-04.webp,Images/Scorchhowl__1005302__ThreeQuarter__Sparkling-04.webp
Scorchhowl,scorchhowl,1005302,1005302,,threequarter,sparkling-5,Sparkling-05,scorchhowl__1005302__threequarter__sparkling-5.webp,Scorchhowl__1005302__ThreeQuarter__Sparkling-05.webp,Images/Scorchhowl__1005302__ThreeQuarter__Sparkling-05.webp
Scorchhowl,scorchhowl,1005302,1005302,,threequarter,sparkling-6,Sparkling-06,scorchhowl__1005302__threequarter__sparkling-6.webp,Scorchhowl__1005302__ThreeQuarter__Sparkling-06.webp,Images/Scorchhowl__1005302__ThreeQuarter__Sparkling-06.webp
Scorchhowl,scorchhowl,1005302,1005302,,threequarter,sparkling-7,Sparkling-07,scorchhowl__1005302__threequarter__sparkling-7.webp,Scorchhowl__1005302__ThreeQuarter__Sparkling-07.webp,Images/Scorchhowl__1005302__ThreeQuarter__Sparkling-07.webp
Scorchhowl,scorchhowl,1005302,1005302,,threequarter,sparkling-8,Sparkling-08,scorchhowl__1005302__threequarter__sparkling-8.webp,Scorchhowl__1005302__ThreeQuarter__Sparkling-08.webp,Images/Scorchhowl__1005302__ThreeQuarter__Sparkling-08.webp
Scorchhowl,scorchhowl,1005302,1005302,,threequarter,sparkling-9,Sparkling-09,scorchhowl__1005302__threequarter__sparkling-9.webp,Scorchhowl__1005302__ThreeQuarter__Sparkling-09.webp,Images/Scorchhowl__1005302__ThreeQuarter__Sparkling-09.webp
Scorchhowl,scorchhowl,1005302,1005302,,threequarter,sparkling-10,Sparkling-10,scorchhowl__1005302__threequarter__sparkling-10.webp,Scorchhowl__1005302__ThreeQuarter__Sparkling-10.webp,Images/Scorchhowl__1005302__ThreeQuarter__Sparkling-10.webp
Scorchhowl,scorchhowl,1005302,1005302,,threequarter,sparkling-11,Sparkling-11,scorchhowl__1005302__threequarter__sparkling-11.webp,Scorchhowl__1005302__ThreeQuarter__Sparkling-11.webp,Images/Scorchhowl__1005302__ThreeQuarter__Sparkling-11.webp
Scorchhowl,scorchhowl,1005302,1005302,,threequarter,sparkling-12,Sparkling-12,scorchhowl__1005302__threequarter__sparkling-12.webp,Scorchhowl__1005302__ThreeQuarter__Sparkling-12.webp,Images/Scorchhowl__1005302__ThreeQuarter__Sparkling-12.webp
Scorchhowl,scorchhowl,1005302,1005302,,threequarter,umbral,Umbral,scorchhowl__1005302__threequarter__umbral.webp,Scorchhowl__1005302__ThreeQuarter__Umbral.webp,Images/Scorchhowl__1005302__ThreeQuarter__Umbral.webp
Scorchhowl,scorchhowl,1005303,1005303,,threequarter,normal,Normal,scorchhowl__1005303__threequarter__normal.webp,Scorchhowl__1005303__ThreeQuarter__Normal.webp,Images/Scorchhowl__1005303__ThreeQuarter__Normal.webp
Scorchhowl,scorchhowl,1005303,1005303,,threequarter,sparkling-1,Sparkling-01,scorchhowl__1005303__threequarter__sparkling-1.webp,Scorchhowl__1005303__ThreeQuarter__Sparkling-01.webp,Images/Scorchhowl__1005303__ThreeQuarter__Sparkling-01.webp
Scorchhowl,scorchhowl,1005303,1005303,,threequarter,sparkling-2,Sparkling-02,scorchhowl__1005303__threequarter__sparkling-2.webp,Scorchhowl__1005303__ThreeQuarter__Sparkling-02.webp,Images/Scorchhowl__1005303__ThreeQuarter__Sparkling-02.webp
Scorchhowl,scorchhowl,1005303,1005303,,threequarter,sparkling-3,Sparkling-03,scorchhowl__1005303__threequarter__sparkling-3.webp,Scorchhowl__1005303__ThreeQuarter__Sparkling-03.webp,Images/Scorchhowl__1005303__ThreeQuarter__Sparkling-03.webp
Scorchhowl,scorchhowl,1005303,1005303,,threequarter,sparkling-4,Sparkling-04,scorchhowl__1005303__threequarter__sparkling-4.webp,Scorchhowl__1005303__ThreeQuarter__Sparkling-04.webp,Images/Scorchhowl__1005303__ThreeQuarter__Sparkling-04.webp
Scorchhowl,scorchhowl,1005303,1005303,,threequarter,sparkling-5,Sparkling-05,scorchhowl__1005303__threequarter__sparkling-5.webp,Scorchhowl__1005303__ThreeQuarter__Sparkling-05.webp,Images/Scorchhowl__1005303__ThreeQuarter__Sparkling-05.webp
Scorchhowl,scorchhowl,1005303,1005303,,threequarter,sparkling-6,Sparkling-06,scorchhowl__1005303__threequarter__sparkling-6.webp,Scorchhowl__1005303__ThreeQuarter__Sparkling-06.webp,Images/Scorchhowl__1005303__ThreeQuarter__Sparkling-06.webp
Scorchhowl,scorchhowl,1005303,1005303,,threequarter,sparkling-7,Sparkling-07,scorchhowl__1005303__threequarter__sparkling-7.webp,Scorchhowl__1005303__ThreeQuarter__Sparkling-07.webp,Images/Scorchhowl__1005303__ThreeQuarter__Sparkling-07.webp
Scorchhowl,scorchhowl,1005303,1005303,,threequarter,sparkling-8,Sparkling-08,scorchhowl__1005303__threequarter__sparkling-8.webp,Scorchhowl__1005303__ThreeQuarter__Sparkling-08.webp,Images/Scorchhowl__1005303__ThreeQuarter__Sparkling-08.webp
Scorchhowl,scorchhowl,1005303,1005303,,threequarter,sparkling-9,Sparkling-09,scorchhowl__1005303__threequarter__sparkling-9.webp,Scorchhowl__1005303__ThreeQuarter__Sparkling-09.webp,Images/Scorchhowl__1005303__ThreeQuarter__Sparkling-09.webp
Scorchhowl,scorchhowl,1005303,1005303,,threequarter,sparkling-10,Sparkling-10,scorchhowl__1005303__threequarter__sparkling-10.webp,Scorchhowl__1005303__ThreeQuarter__Sparkling-10.webp,Images/Scorchhowl__1005303__ThreeQuarter__Sparkling-10.webp
Scorchhowl,scorchhowl,1005303,1005303,,threequarter,sparkling-11,Sparkling-11,scorchhowl__1005303__threequarter__sparkling-11.webp,Scorchhowl__1005303__ThreeQuarter__Sparkling-11.webp,Images/Scorchhowl__1005303__ThreeQuarter__Sparkling-11.webp
Scorchhowl,scorchhowl,1005303,1005303,,threequarter,sparkling-12,Sparkling-12,scorchhowl__1005303__threequarter__sparkling-12.webp,Scorchhowl__1005303__ThreeQuarter__Sparkling-12.webp,Images/Scorchhowl__1005303__ThreeQuarter__Sparkling-12.webp
Scorchhowl,scorchhowl,1005304,1005304,,threequarter,normal,Normal,scorchhowl__1005304__threequarter__normal.webp,Scorchhowl__1005304__ThreeQuarter__Normal.webp,Images/Scorchhowl__1005304__ThreeQuarter__Normal.webp
Scorchhowl,scorchhowl,1005304,1005304,,threequarter,sparkling-1,Sparkling-01,scorchhowl__1005304__threequarter__sparkling-1.webp,Scorchhowl__1005304__ThreeQuarter__Sparkling-01.webp,Images/Scorchhowl__1005304__ThreeQuarter__Sparkling-01.webp
Scorchhowl,scorchhowl,1005304,1005304,,threequarter,sparkling-2,Sparkling-02,scorchhowl__1005304__threequarter__sparkling-2.webp,Scorchhowl__1005304__ThreeQuarter__Sparkling-02.webp,Images/Scorchhowl__1005304__ThreeQuarter__Sparkling-02.webp
Scorchhowl,scorchhowl,1005304,1005304,,threequarter,sparkling-3,Sparkling-03,scorchhowl__1005304__threequarter__sparkling-3.webp,Scorchhowl__1005304__ThreeQuarter__Sparkling-03.webp,Images/Scorchhowl__1005304__ThreeQuarter__Sparkling-03.webp
Scorchhowl,scorchhowl,1005304,1005304,,threequarter,sparkling-4,Sparkling-04,scorchhowl__1005304__threequarter__sparkling-4.webp,Scorchhowl__1005304__ThreeQuarter__Sparkling-04.webp,Images/Scorchhowl__1005304__ThreeQuarter__Sparkling-04.webp
Scorchhowl,scorchhowl,1005304,1005304,,threequarter,sparkling-5,Sparkling-05,scorchhowl__1005304__threequarter__sparkling-5.webp,Scorchhowl__1005304__ThreeQuarter__Sparkling-05.webp,Images/Scorchhowl__1005304__ThreeQuarter__Sparkling-05.webp
Scorchhowl,scorchhowl,1005304,1005304,,threequarter,sparkling-6,Sparkling-06,scorchhowl__1005304__threequarter__sparkling-6.webp,Scorchhowl__1005304__ThreeQuarter__Sparkling-06.webp,Images/Scorchhowl__1005304__ThreeQuarter__Sparkling-06.webp
Scorchhowl,scorchhowl,1005304,1005304,,threequarter,sparkling-7,Sparkling-07,scorchhowl__1005304__threequarter__sparkling-7.webp,Scorchhowl__1005304__ThreeQuarter__Sparkling-07.webp,Images/Scorchhowl__1005304__ThreeQuarter__Sparkling-07.webp
Scorchhowl,scorchhowl,1005304,1005304,,threequarter,sparkling-8,Sparkling-08,scorchhowl__1005304__threequarter__sparkling-8.webp,Scorchhowl__1005304__ThreeQuarter__Sparkling-08.webp,Images/Scorchhowl__1005304__ThreeQuarter__Sparkling-08.webp
Scorchhowl,scorchhowl,1005304,1005304,,threequarter,sparkling-9,Sparkling-09,scorchhowl__1005304__threequarter__sparkling-9.webp,Scorchhowl__1005304__ThreeQuarter__Sparkling-09.webp,Images/Scorchhowl__1005304__ThreeQuarter__Sparkling-09.webp
Scorchhowl,scorchhowl,1005304,1005304,,threequarter,sparkling-10,Sparkling-10,scorchhowl__1005304__threequarter__sparkling-10.webp,Scorchhowl__1005304__ThreeQuarter__Sparkling-10.webp,Images/Scorchhowl__1005304__ThreeQuarter__Sparkling-10.webp
Scorchhowl,scorchhowl,1005304,1005304,,threequarter,sparkling-11,Sparkling-11,scorchhowl__1005304__threequarter__sparkling-11.webp,Scorchhowl__1005304__ThreeQuarter__Sparkling-11.webp,Images/Scorchhowl__1005304__ThreeQuarter__Sparkling-11.webp
Scorchhowl,scorchhowl,1005304,1005304,,threequarter,sparkling-12,Sparkling-12,scorchhowl__1005304__threequarter__sparkling-12.webp,Scorchhowl__1005304__ThreeQuarter__Sparkling-12.webp,Images/Scorchhowl__1005304__ThreeQuarter__Sparkling-12.webp
Scorchhowl,scorchhowl,1005304,1005304,,threequarter,umbral,Umbral,scorchhowl__1005304__threequarter__umbral.webp,Scorchhowl__1005304__ThreeQuarter__Umbral.webp,Images/Scorchhowl__1005304__ThreeQuarter__Umbral.webp
Sheldon,sheldon,1019200,1019200,,threequarter,normal,Normal,sheldon__1019200__threequarter__normal.webp,Sheldon__1019200__ThreeQuarter__Normal.webp,Images/Sheldon__1019200__ThreeQuarter__Normal.webp
Sheldon,sheldon,1019200,1019200,,threequarter,sparkling-1,Sparkling-01,sheldon__1019200__threequarter__sparkling-1.webp,Sheldon__1019200__ThreeQuarter__Sparkling-01.webp,Images/Sheldon__1019200__ThreeQuarter__Sparkling-01.webp
Sheldon,sheldon,1019200,1019200,,threequarter,sparkling-2,Sparkling-02,sheldon__1019200__threequarter__sparkling-2.webp,Sheldon__1019200__ThreeQuarter__Sparkling-02.webp,Images/Sheldon__1019200__ThreeQuarter__Sparkling-02.webp
Sheldon,sheldon,1019200,1019200,,threequarter,sparkling-3,Sparkling-03,sheldon__1019200__threequarter__sparkling-3.webp,Sheldon__1019200__ThreeQuarter__Sparkling-03.webp,Images/Sheldon__1019200__ThreeQuarter__Sparkling-03.webp
Sheldon,sheldon,1019200,1019200,,threequarter,sparkling-4,Sparkling-04,sheldon__1019200__threequarter__sparkling-4.webp,Sheldon__1019200__ThreeQuarter__Sparkling-04.webp,Images/Sheldon__1019200__ThreeQuarter__Sparkling-04.webp
Sheldon,sheldon,1019200,1019200,,threequarter,sparkling-5,Sparkling-05,sheldon__1019200__threequarter__sparkling-5.webp,Sheldon__1019200__ThreeQuarter__Sparkling-05.webp,Images/Sheldon__1019200__ThreeQuarter__Sparkling-05.webp
Sheldon,sheldon,1019200,1019200,,threequarter,sparkling-6,Sparkling-06,sheldon__1019200__threequarter__sparkling-6.webp,Sheldon__1019200__ThreeQuarter__Sparkling-06.webp,Images/Sheldon__1019200__ThreeQuarter__Sparkling-06.webp
Sheldon,sheldon,1019200,1019200,,threequarter,sparkling-7,Sparkling-07,sheldon__1019200__threequarter__sparkling-7.webp,Sheldon__1019200__ThreeQuarter__Sparkling-07.webp,Images/Sheldon__1019200__ThreeQuarter__Sparkling-07.webp
Sheldon,sheldon,1019200,1019200,,threequarter,sparkling-8,Sparkling-08,sheldon__1019200__threequarter__sparkling-8.webp,Sheldon__1019200__ThreeQuarter__Sparkling-08.webp,Images/Sheldon__1019200__ThreeQuarter__Sparkling-08.webp
Sheldon,sheldon,1019200,1019200,,threequarter,sparkling-9,Sparkling-09,sheldon__1019200__threequarter__sparkling-9.webp,Sheldon__1019200__ThreeQuarter__Sparkling-09.webp,Images/Sheldon__1019200__ThreeQuarter__Sparkling-09.webp
Sheldon,sheldon,1019200,1019200,,threequarter,sparkling-10,Sparkling-10,sheldon__1019200__threequarter__sparkling-10.webp,Sheldon__1019200__ThreeQuarter__Sparkling-10.webp,Images/Sheldon__1019200__ThreeQuarter__Sparkling-10.webp
Sheldon,sheldon,1019200,1019200,,threequarter,sparkling-11,Sparkling-11,sheldon__1019200__threequarter__sparkling-11.webp,Sheldon__1019200__ThreeQuarter__Sparkling-11.webp,Images/Sheldon__1019200__ThreeQuarter__Sparkling-11.webp
Sheldon,sheldon,1019200,1019200,,threequarter,sparkling-12,Sparkling-12,sheldon__1019200__threequarter__sparkling-12.webp,Sheldon__1019200__ThreeQuarter__Sparkling-12.webp,Images/Sheldon__1019200__ThreeQuarter__Sparkling-12.webp
Sheldon,sheldon,1019200,1019200,,threequarter,umbral,Umbral,sheldon__1019200__threequarter__umbral.webp,Sheldon__1019200__ThreeQuarter__Umbral.webp,Images/Sheldon__1019200__ThreeQuarter__Umbral.webp
Shelly,shelly,1019100,1019100,,threequarter,normal,Normal,shelly__1019100__threequarter__normal.webp,Shelly__1019100__ThreeQuarter__Normal.webp,Images/Shelly__1019100__ThreeQuarter__Normal.webp
Shelly,shelly,1019100,1019100,,threequarter,sparkling-1,Sparkling-01,shelly__1019100__threequarter__sparkling-1.webp,Shelly__1019100__ThreeQuarter__Sparkling-01.webp,Images/Shelly__1019100__ThreeQuarter__Sparkling-01.webp
Shelly,shelly,1019100,1019100,,threequarter,sparkling-2,Sparkling-02,shelly__1019100__threequarter__sparkling-2.webp,Shelly__1019100__ThreeQuarter__Sparkling-02.webp,Images/Shelly__1019100__ThreeQuarter__Sparkling-02.webp
Shelly,shelly,1019100,1019100,,threequarter,sparkling-3,Sparkling-03,shelly__1019100__threequarter__sparkling-3.webp,Shelly__1019100__ThreeQuarter__Sparkling-03.webp,Images/Shelly__1019100__ThreeQuarter__Sparkling-03.webp
Shelly,shelly,1019100,1019100,,threequarter,sparkling-4,Sparkling-04,shelly__1019100__threequarter__sparkling-4.webp,Shelly__1019100__ThreeQuarter__Sparkling-04.webp,Images/Shelly__1019100__ThreeQuarter__Sparkling-04.webp
Shelly,shelly,1019100,1019100,,threequarter,sparkling-5,Sparkling-05,shelly__1019100__threequarter__sparkling-5.webp,Shelly__1019100__ThreeQuarter__Sparkling-05.webp,Images/Shelly__1019100__ThreeQuarter__Sparkling-05.webp
Shelly,shelly,1019100,1019100,,threequarter,sparkling-6,Sparkling-06,shelly__1019100__threequarter__sparkling-6.webp,Shelly__1019100__ThreeQuarter__Sparkling-06.webp,Images/Shelly__1019100__ThreeQuarter__Sparkling-06.webp
Shelly,shelly,1019100,1019100,,threequarter,sparkling-7,Sparkling-07,shelly__1019100__threequarter__sparkling-7.webp,Shelly__1019100__ThreeQuarter__Sparkling-07.webp,Images/Shelly__1019100__ThreeQuarter__Sparkling-07.webp
Shelly,shelly,1019100,1019100,,threequarter,sparkling-8,Sparkling-08,shelly__1019100__threequarter__sparkling-8.webp,Shelly__1019100__ThreeQuarter__Sparkling-08.webp,Images/Shelly__1019100__ThreeQuarter__Sparkling-08.webp
Shelly,shelly,1019100,1019100,,threequarter,sparkling-9,Sparkling-09,shelly__1019100__threequarter__sparkling-9.webp,Shelly__1019100__ThreeQuarter__Sparkling-09.webp,Images/Shelly__1019100__ThreeQuarter__Sparkling-09.webp
Shelly,shelly,1019100,1019100,,threequarter,sparkling-10,Sparkling-10,shelly__1019100__threequarter__sparkling-10.webp,Shelly__1019100__ThreeQuarter__Sparkling-10.webp,Images/Shelly__1019100__ThreeQuarter__Sparkling-10.webp
Shelly,shelly,1019100,1019100,,threequarter,sparkling-11,Sparkling-11,shelly__1019100__threequarter__sparkling-11.webp,Shelly__1019100__ThreeQuarter__Sparkling-11.webp,Images/Shelly__1019100__ThreeQuarter__Sparkling-11.webp
Shelly,shelly,1019100,1019100,,threequarter,sparkling-12,Sparkling-12,shelly__1019100__threequarter__sparkling-12.webp,Shelly__1019100__ThreeQuarter__Sparkling-12.webp,Images/Shelly__1019100__ThreeQuarter__Sparkling-12.webp
Shelly,shelly,1019100,1019100,,threequarter,umbral,Umbral,shelly__1019100__threequarter__umbral.webp,Shelly__1019100__ThreeQuarter__Umbral.webp,Images/Shelly__1019100__ThreeQuarter__Umbral.webp
Sherro,sherro,1019400,1019400,,threequarter,normal,Normal,sherro__1019400__threequarter__normal.webp,Sherro__1019400__ThreeQuarter__Normal.webp,Images/Sherro__1019400__ThreeQuarter__Normal.webp
Sherro,sherro,1019400,1019400,,threequarter,sparkling-1,Sparkling-01,sherro__1019400__threequarter__sparkling-1.webp,Sherro__1019400__ThreeQuarter__Sparkling-01.webp,Images/Sherro__1019400__ThreeQuarter__Sparkling-01.webp
Sherro,sherro,1019400,1019400,,threequarter,sparkling-2,Sparkling-02,sherro__1019400__threequarter__sparkling-2.webp,Sherro__1019400__ThreeQuarter__Sparkling-02.webp,Images/Sherro__1019400__ThreeQuarter__Sparkling-02.webp
Sherro,sherro,1019400,1019400,,threequarter,sparkling-3,Sparkling-03,sherro__1019400__threequarter__sparkling-3.webp,Sherro__1019400__ThreeQuarter__Sparkling-03.webp,Images/Sherro__1019400__ThreeQuarter__Sparkling-03.webp
Sherro,sherro,1019400,1019400,,threequarter,sparkling-4,Sparkling-04,sherro__1019400__threequarter__sparkling-4.webp,Sherro__1019400__ThreeQuarter__Sparkling-04.webp,Images/Sherro__1019400__ThreeQuarter__Sparkling-04.webp
Sherro,sherro,1019400,1019400,,threequarter,sparkling-5,Sparkling-05,sherro__1019400__threequarter__sparkling-5.webp,Sherro__1019400__ThreeQuarter__Sparkling-05.webp,Images/Sherro__1019400__ThreeQuarter__Sparkling-05.webp
Sherro,sherro,1019400,1019400,,threequarter,sparkling-6,Sparkling-06,sherro__1019400__threequarter__sparkling-6.webp,Sherro__1019400__ThreeQuarter__Sparkling-06.webp,Images/Sherro__1019400__ThreeQuarter__Sparkling-06.webp
Sherro,sherro,1019400,1019400,,threequarter,sparkling-7,Sparkling-07,sherro__1019400__threequarter__sparkling-7.webp,Sherro__1019400__ThreeQuarter__Sparkling-07.webp,Images/Sherro__1019400__ThreeQuarter__Sparkling-07.webp
Sherro,sherro,1019400,1019400,,threequarter,sparkling-8,Sparkling-08,sherro__1019400__threequarter__sparkling-8.webp,Sherro__1019400__ThreeQuarter__Sparkling-08.webp,Images/Sherro__1019400__ThreeQuarter__Sparkling-08.webp
Sherro,sherro,1019400,1019400,,threequarter,sparkling-9,Sparkling-09,sherro__1019400__threequarter__sparkling-9.webp,Sherro__1019400__ThreeQuarter__Sparkling-09.webp,Images/Sherro__1019400__ThreeQuarter__Sparkling-09.webp
Sherro,sherro,1019400,1019400,,threequarter,sparkling-10,Sparkling-10,sherro__1019400__threequarter__sparkling-10.webp,Sherro__1019400__ThreeQuarter__Sparkling-10.webp,Images/Sherro__1019400__ThreeQuarter__Sparkling-10.webp
Sherro,sherro,1019400,1019400,,threequarter,sparkling-11,Sparkling-11,sherro__1019400__threequarter__sparkling-11.webp,Sherro__1019400__ThreeQuarter__Sparkling-11.webp,Images/Sherro__1019400__ThreeQuarter__Sparkling-11.webp
Sherro,sherro,1019400,1019400,,threequarter,sparkling-12,Sparkling-12,sherro__1019400__threequarter__sparkling-12.webp,Sherro__1019400__ThreeQuarter__Sparkling-12.webp,Images/Sherro__1019400__ThreeQuarter__Sparkling-12.webp
Sherro,sherro,1019400,1019400,,threequarter,umbral,Umbral,sherro__1019400__threequarter__umbral.webp,Sherro__1019400__ThreeQuarter__Umbral.webp,Images/Sherro__1019400__ThreeQuarter__Umbral.webp
Sherro,sherro,1019401,1019401,,threequarter,normal,Normal,sherro__1019401__threequarter__normal.webp,Sherro__1019401__ThreeQuarter__Normal.webp,Images/Sherro__1019401__ThreeQuarter__Normal.webp
Sherro,sherro,1019401,1019401,,threequarter,sparkling-1,Sparkling-01,sherro__1019401__threequarter__sparkling-1.webp,Sherro__1019401__ThreeQuarter__Sparkling-01.webp,Images/Sherro__1019401__ThreeQuarter__Sparkling-01.webp
Sherro,sherro,1019401,1019401,,threequarter,sparkling-2,Sparkling-02,sherro__1019401__threequarter__sparkling-2.webp,Sherro__1019401__ThreeQuarter__Sparkling-02.webp,Images/Sherro__1019401__ThreeQuarter__Sparkling-02.webp
Sherro,sherro,1019401,1019401,,threequarter,sparkling-3,Sparkling-03,sherro__1019401__threequarter__sparkling-3.webp,Sherro__1019401__ThreeQuarter__Sparkling-03.webp,Images/Sherro__1019401__ThreeQuarter__Sparkling-03.webp
Sherro,sherro,1019401,1019401,,threequarter,sparkling-4,Sparkling-04,sherro__1019401__threequarter__sparkling-4.webp,Sherro__1019401__ThreeQuarter__Sparkling-04.webp,Images/Sherro__1019401__ThreeQuarter__Sparkling-04.webp
Sherro,sherro,1019401,1019401,,threequarter,sparkling-5,Sparkling-05,sherro__1019401__threequarter__sparkling-5.webp,Sherro__1019401__ThreeQuarter__Sparkling-05.webp,Images/Sherro__1019401__ThreeQuarter__Sparkling-05.webp
Sherro,sherro,1019401,1019401,,threequarter,sparkling-6,Sparkling-06,sherro__1019401__threequarter__sparkling-6.webp,Sherro__1019401__ThreeQuarter__Sparkling-06.webp,Images/Sherro__1019401__ThreeQuarter__Sparkling-06.webp
Sherro,sherro,1019401,1019401,,threequarter,sparkling-7,Sparkling-07,sherro__1019401__threequarter__sparkling-7.webp,Sherro__1019401__ThreeQuarter__Sparkling-07.webp,Images/Sherro__1019401__ThreeQuarter__Sparkling-07.webp
Sherro,sherro,1019401,1019401,,threequarter,sparkling-8,Sparkling-08,sherro__1019401__threequarter__sparkling-8.webp,Sherro__1019401__ThreeQuarter__Sparkling-08.webp,Images/Sherro__1019401__ThreeQuarter__Sparkling-08.webp
Sherro,sherro,1019401,1019401,,threequarter,sparkling-9,Sparkling-09,sherro__1019401__threequarter__sparkling-9.webp,Sherro__1019401__ThreeQuarter__Sparkling-09.webp,Images/Sherro__1019401__ThreeQuarter__Sparkling-09.webp
Sherro,sherro,1019401,1019401,,threequarter,sparkling-10,Sparkling-10,sherro__1019401__threequarter__sparkling-10.webp,Sherro__1019401__ThreeQuarter__Sparkling-10.webp,Images/Sherro__1019401__ThreeQuarter__Sparkling-10.webp
Sherro,sherro,1019401,1019401,,threequarter,sparkling-11,Sparkling-11,sherro__1019401__threequarter__sparkling-11.webp,Sherro__1019401__ThreeQuarter__Sparkling-11.webp,Images/Sherro__1019401__ThreeQuarter__Sparkling-11.webp
Sherro,sherro,1019401,1019401,,threequarter,sparkling-12,Sparkling-12,sherro__1019401__threequarter__sparkling-12.webp,Sherro__1019401__ThreeQuarter__Sparkling-12.webp,Images/Sherro__1019401__ThreeQuarter__Sparkling-12.webp
Sherro,sherro,1019401,1019401,,threequarter,umbral,Umbral,sherro__1019401__threequarter__umbral.webp,Sherro__1019401__ThreeQuarter__Umbral.webp,Images/Sherro__1019401__ThreeQuarter__Umbral.webp
Sherro,sherro,1019402,1019402,,threequarter,normal,Normal,sherro__1019402__threequarter__normal.webp,Sherro__1019402__ThreeQuarter__Normal.webp,Images/Sherro__1019402__ThreeQuarter__Normal.webp
Sherro,sherro,1019402,1019402,,threequarter,sparkling-1,Sparkling-01,sherro__1019402__threequarter__sparkling-1.webp,Sherro__1019402__ThreeQuarter__Sparkling-01.webp,Images/Sherro__1019402__ThreeQuarter__Sparkling-01.webp
Sherro,sherro,1019402,1019402,,threequarter,sparkling-2,Sparkling-02,sherro__1019402__threequarter__sparkling-2.webp,Sherro__1019402__ThreeQuarter__Sparkling-02.webp,Images/Sherro__1019402__ThreeQuarter__Sparkling-02.webp
Sherro,sherro,1019402,1019402,,threequarter,sparkling-3,Sparkling-03,sherro__1019402__threequarter__sparkling-3.webp,Sherro__1019402__ThreeQuarter__Sparkling-03.webp,Images/Sherro__1019402__ThreeQuarter__Sparkling-03.webp
Sherro,sherro,1019402,1019402,,threequarter,sparkling-4,Sparkling-04,sherro__1019402__threequarter__sparkling-4.webp,Sherro__1019402__ThreeQuarter__Sparkling-04.webp,Images/Sherro__1019402__ThreeQuarter__Sparkling-04.webp
Sherro,sherro,1019402,1019402,,threequarter,sparkling-5,Sparkling-05,sherro__1019402__threequarter__sparkling-5.webp,Sherro__1019402__ThreeQuarter__Sparkling-05.webp,Images/Sherro__1019402__ThreeQuarter__Sparkling-05.webp
Sherro,sherro,1019402,1019402,,threequarter,sparkling-6,Sparkling-06,sherro__1019402__threequarter__sparkling-6.webp,Sherro__1019402__ThreeQuarter__Sparkling-06.webp,Images/Sherro__1019402__ThreeQuarter__Sparkling-06.webp
Sherro,sherro,1019402,1019402,,threequarter,sparkling-7,Sparkling-07,sherro__1019402__threequarter__sparkling-7.webp,Sherro__1019402__ThreeQuarter__Sparkling-07.webp,Images/Sherro__1019402__ThreeQuarter__Sparkling-07.webp
Sherro,sherro,1019402,1019402,,threequarter,sparkling-8,Sparkling-08,sherro__1019402__threequarter__sparkling-8.webp,Sherro__1019402__ThreeQuarter__Sparkling-08.webp,Images/Sherro__1019402__ThreeQuarter__Sparkling-08.webp
Sherro,sherro,1019402,1019402,,threequarter,sparkling-9,Sparkling-09,sherro__1019402__threequarter__sparkling-9.webp,Sherro__1019402__ThreeQuarter__Sparkling-09.webp,Images/Sherro__1019402__ThreeQuarter__Sparkling-09.webp
Sherro,sherro,1019402,1019402,,threequarter,sparkling-10,Sparkling-10,sherro__1019402__threequarter__sparkling-10.webp,Sherro__1019402__ThreeQuarter__Sparkling-10.webp,Images/Sherro__1019402__ThreeQuarter__Sparkling-10.webp
Sherro,sherro,1019402,1019402,,threequarter,sparkling-11,Sparkling-11,sherro__1019402__threequarter__sparkling-11.webp,Sherro__1019402__ThreeQuarter__Sparkling-11.webp,Images/Sherro__1019402__ThreeQuarter__Sparkling-11.webp
Sherro,sherro,1019402,1019402,,threequarter,sparkling-12,Sparkling-12,sherro__1019402__threequarter__sparkling-12.webp,Sherro__1019402__ThreeQuarter__Sparkling-12.webp,Images/Sherro__1019402__ThreeQuarter__Sparkling-12.webp
Shrubclaw,shrubclaw,1016200,1016200,,threequarter,normal,Normal,shrubclaw__1016200__threequarter__normal.webp,Shrubclaw__1016200__ThreeQuarter__Normal.webp,Images/Shrubclaw__1016200__ThreeQuarter__Normal.webp
Shrubclaw,shrubclaw,1016200,1016200,,threequarter,sparkling-1,Sparkling-01,shrubclaw__1016200__threequarter__sparkling-1.webp,Shrubclaw__1016200__ThreeQuarter__Sparkling-01.webp,Images/Shrubclaw__1016200__ThreeQuarter__Sparkling-01.webp
Shrubclaw,shrubclaw,1016200,1016200,,threequarter,sparkling-2,Sparkling-02,shrubclaw__1016200__threequarter__sparkling-2.webp,Shrubclaw__1016200__ThreeQuarter__Sparkling-02.webp,Images/Shrubclaw__1016200__ThreeQuarter__Sparkling-02.webp
Shrubclaw,shrubclaw,1016200,1016200,,threequarter,sparkling-3,Sparkling-03,shrubclaw__1016200__threequarter__sparkling-3.webp,Shrubclaw__1016200__ThreeQuarter__Sparkling-03.webp,Images/Shrubclaw__1016200__ThreeQuarter__Sparkling-03.webp
Shrubclaw,shrubclaw,1016200,1016200,,threequarter,sparkling-4,Sparkling-04,shrubclaw__1016200__threequarter__sparkling-4.webp,Shrubclaw__1016200__ThreeQuarter__Sparkling-04.webp,Images/Shrubclaw__1016200__ThreeQuarter__Sparkling-04.webp
Shrubclaw,shrubclaw,1016200,1016200,,threequarter,sparkling-5,Sparkling-05,shrubclaw__1016200__threequarter__sparkling-5.webp,Shrubclaw__1016200__ThreeQuarter__Sparkling-05.webp,Images/Shrubclaw__1016200__ThreeQuarter__Sparkling-05.webp
Shrubclaw,shrubclaw,1016200,1016200,,threequarter,sparkling-6,Sparkling-06,shrubclaw__1016200__threequarter__sparkling-6.webp,Shrubclaw__1016200__ThreeQuarter__Sparkling-06.webp,Images/Shrubclaw__1016200__ThreeQuarter__Sparkling-06.webp
Shrubclaw,shrubclaw,1016200,1016200,,threequarter,sparkling-7,Sparkling-07,shrubclaw__1016200__threequarter__sparkling-7.webp,Shrubclaw__1016200__ThreeQuarter__Sparkling-07.webp,Images/Shrubclaw__1016200__ThreeQuarter__Sparkling-07.webp
Shrubclaw,shrubclaw,1016200,1016200,,threequarter,sparkling-8,Sparkling-08,shrubclaw__1016200__threequarter__sparkling-8.webp,Shrubclaw__1016200__ThreeQuarter__Sparkling-08.webp,Images/Shrubclaw__1016200__ThreeQuarter__Sparkling-08.webp
Shrubclaw,shrubclaw,1016200,1016200,,threequarter,sparkling-9,Sparkling-09,shrubclaw__1016200__threequarter__sparkling-9.webp,Shrubclaw__1016200__ThreeQuarter__Sparkling-09.webp,Images/Shrubclaw__1016200__ThreeQuarter__Sparkling-09.webp
Shrubclaw,shrubclaw,1016200,1016200,,threequarter,sparkling-10,Sparkling-10,shrubclaw__1016200__threequarter__sparkling-10.webp,Shrubclaw__1016200__ThreeQuarter__Sparkling-10.webp,Images/Shrubclaw__1016200__ThreeQuarter__Sparkling-10.webp
Shrubclaw,shrubclaw,1016200,1016200,,threequarter,sparkling-11,Sparkling-11,shrubclaw__1016200__threequarter__sparkling-11.webp,Shrubclaw__1016200__ThreeQuarter__Sparkling-11.webp,Images/Shrubclaw__1016200__ThreeQuarter__Sparkling-11.webp
Shrubclaw,shrubclaw,1016200,1016200,,threequarter,sparkling-12,Sparkling-12,shrubclaw__1016200__threequarter__sparkling-12.webp,Shrubclaw__1016200__ThreeQuarter__Sparkling-12.webp,Images/Shrubclaw__1016200__ThreeQuarter__Sparkling-12.webp
Shrubclaw,shrubclaw,1016200,1016200,,threequarter,umbral,Umbral,shrubclaw__1016200__threequarter__umbral.webp,Shrubclaw__1016200__ThreeQuarter__Umbral.webp,Images/Shrubclaw__1016200__ThreeQuarter__Umbral.webp
Shrubclaw,shrubclaw,1016201,1016201,,threequarter,normal,Normal,shrubclaw__1016201__threequarter__normal.webp,Shrubclaw__1016201__ThreeQuarter__Normal.webp,Images/Shrubclaw__1016201__ThreeQuarter__Normal.webp
Shrubclaw,shrubclaw,1016201,1016201,,threequarter,sparkling-1,Sparkling-01,shrubclaw__1016201__threequarter__sparkling-1.webp,Shrubclaw__1016201__ThreeQuarter__Sparkling-01.webp,Images/Shrubclaw__1016201__ThreeQuarter__Sparkling-01.webp
Shrubclaw,shrubclaw,1016201,1016201,,threequarter,sparkling-2,Sparkling-02,shrubclaw__1016201__threequarter__sparkling-2.webp,Shrubclaw__1016201__ThreeQuarter__Sparkling-02.webp,Images/Shrubclaw__1016201__ThreeQuarter__Sparkling-02.webp
Shrubclaw,shrubclaw,1016201,1016201,,threequarter,sparkling-3,Sparkling-03,shrubclaw__1016201__threequarter__sparkling-3.webp,Shrubclaw__1016201__ThreeQuarter__Sparkling-03.webp,Images/Shrubclaw__1016201__ThreeQuarter__Sparkling-03.webp
Shrubclaw,shrubclaw,1016201,1016201,,threequarter,sparkling-4,Sparkling-04,shrubclaw__1016201__threequarter__sparkling-4.webp,Shrubclaw__1016201__ThreeQuarter__Sparkling-04.webp,Images/Shrubclaw__1016201__ThreeQuarter__Sparkling-04.webp
Shrubclaw,shrubclaw,1016201,1016201,,threequarter,sparkling-5,Sparkling-05,shrubclaw__1016201__threequarter__sparkling-5.webp,Shrubclaw__1016201__ThreeQuarter__Sparkling-05.webp,Images/Shrubclaw__1016201__ThreeQuarter__Sparkling-05.webp
Shrubclaw,shrubclaw,1016201,1016201,,threequarter,sparkling-6,Sparkling-06,shrubclaw__1016201__threequarter__sparkling-6.webp,Shrubclaw__1016201__ThreeQuarter__Sparkling-06.webp,Images/Shrubclaw__1016201__ThreeQuarter__Sparkling-06.webp
Shrubclaw,shrubclaw,1016201,1016201,,threequarter,sparkling-7,Sparkling-07,shrubclaw__1016201__threequarter__sparkling-7.webp,Shrubclaw__1016201__ThreeQuarter__Sparkling-07.webp,Images/Shrubclaw__1016201__ThreeQuarter__Sparkling-07.webp
Shrubclaw,shrubclaw,1016201,1016201,,threequarter,sparkling-8,Sparkling-08,shrubclaw__1016201__threequarter__sparkling-8.webp,Shrubclaw__1016201__ThreeQuarter__Sparkling-08.webp,Images/Shrubclaw__1016201__ThreeQuarter__Sparkling-08.webp
Shrubclaw,shrubclaw,1016201,1016201,,threequarter,sparkling-9,Sparkling-09,shrubclaw__1016201__threequarter__sparkling-9.webp,Shrubclaw__1016201__ThreeQuarter__Sparkling-09.webp,Images/Shrubclaw__1016201__ThreeQuarter__Sparkling-09.webp
Shrubclaw,shrubclaw,1016201,1016201,,threequarter,sparkling-10,Sparkling-10,shrubclaw__1016201__threequarter__sparkling-10.webp,Shrubclaw__1016201__ThreeQuarter__Sparkling-10.webp,Images/Shrubclaw__1016201__ThreeQuarter__Sparkling-10.webp
Shrubclaw,shrubclaw,1016201,1016201,,threequarter,sparkling-11,Sparkling-11,shrubclaw__1016201__threequarter__sparkling-11.webp,Shrubclaw__1016201__ThreeQuarter__Sparkling-11.webp,Images/Shrubclaw__1016201__ThreeQuarter__Sparkling-11.webp
Shrubclaw,shrubclaw,1016201,1016201,,threequarter,sparkling-12,Sparkling-12,shrubclaw__1016201__threequarter__sparkling-12.webp,Shrubclaw__1016201__ThreeQuarter__Sparkling-12.webp,Images/Shrubclaw__1016201__ThreeQuarter__Sparkling-12.webp
Shrubclaw,shrubclaw,1016201,1016201,,threequarter,umbral,Umbral,shrubclaw__1016201__threequarter__umbral.webp,Shrubclaw__1016201__ThreeQuarter__Umbral.webp,Images/Shrubclaw__1016201__ThreeQuarter__Umbral.webp
Shrubclaw,shrubclaw,1016202,1016202,,threequarter,normal,Normal,shrubclaw__1016202__threequarter__normal.webp,Shrubclaw__1016202__ThreeQuarter__Normal.webp,Images/Shrubclaw__1016202__ThreeQuarter__Normal.webp
Shrubclaw,shrubclaw,1016202,1016202,,threequarter,sparkling-1,Sparkling-01,shrubclaw__1016202__threequarter__sparkling-1.webp,Shrubclaw__1016202__ThreeQuarter__Sparkling-01.webp,Images/Shrubclaw__1016202__ThreeQuarter__Sparkling-01.webp
Shrubclaw,shrubclaw,1016202,1016202,,threequarter,sparkling-2,Sparkling-02,shrubclaw__1016202__threequarter__sparkling-2.webp,Shrubclaw__1016202__ThreeQuarter__Sparkling-02.webp,Images/Shrubclaw__1016202__ThreeQuarter__Sparkling-02.webp
Shrubclaw,shrubclaw,1016202,1016202,,threequarter,sparkling-3,Sparkling-03,shrubclaw__1016202__threequarter__sparkling-3.webp,Shrubclaw__1016202__ThreeQuarter__Sparkling-03.webp,Images/Shrubclaw__1016202__ThreeQuarter__Sparkling-03.webp
Shrubclaw,shrubclaw,1016202,1016202,,threequarter,sparkling-4,Sparkling-04,shrubclaw__1016202__threequarter__sparkling-4.webp,Shrubclaw__1016202__ThreeQuarter__Sparkling-04.webp,Images/Shrubclaw__1016202__ThreeQuarter__Sparkling-04.webp
Shrubclaw,shrubclaw,1016202,1016202,,threequarter,sparkling-5,Sparkling-05,shrubclaw__1016202__threequarter__sparkling-5.webp,Shrubclaw__1016202__ThreeQuarter__Sparkling-05.webp,Images/Shrubclaw__1016202__ThreeQuarter__Sparkling-05.webp
Shrubclaw,shrubclaw,1016202,1016202,,threequarter,sparkling-6,Sparkling-06,shrubclaw__1016202__threequarter__sparkling-6.webp,Shrubclaw__1016202__ThreeQuarter__Sparkling-06.webp,Images/Shrubclaw__1016202__ThreeQuarter__Sparkling-06.webp
Shrubclaw,shrubclaw,1016202,1016202,,threequarter,sparkling-7,Sparkling-07,shrubclaw__1016202__threequarter__sparkling-7.webp,Shrubclaw__1016202__ThreeQuarter__Sparkling-07.webp,Images/Shrubclaw__1016202__ThreeQuarter__Sparkling-07.webp
Shrubclaw,shrubclaw,1016202,1016202,,threequarter,sparkling-8,Sparkling-08,shrubclaw__1016202__threequarter__sparkling-8.webp,Shrubclaw__1016202__ThreeQuarter__Sparkling-08.webp,Images/Shrubclaw__1016202__ThreeQuarter__Sparkling-08.webp
Shrubclaw,shrubclaw,1016202,1016202,,threequarter,sparkling-9,Sparkling-09,shrubclaw__1016202__threequarter__sparkling-9.webp,Shrubclaw__1016202__ThreeQuarter__Sparkling-09.webp,Images/Shrubclaw__1016202__ThreeQuarter__Sparkling-09.webp
Shrubclaw,shrubclaw,1016202,1016202,,threequarter,sparkling-10,Sparkling-10,shrubclaw__1016202__threequarter__sparkling-10.webp,Shrubclaw__1016202__ThreeQuarter__Sparkling-10.webp,Images/Shrubclaw__1016202__ThreeQuarter__Sparkling-10.webp
Shrubclaw,shrubclaw,1016202,1016202,,threequarter,sparkling-11,Sparkling-11,shrubclaw__1016202__threequarter__sparkling-11.webp,Shrubclaw__1016202__ThreeQuarter__Sparkling-11.webp,Images/Shrubclaw__1016202__ThreeQuarter__Sparkling-11.webp
Shrubclaw,shrubclaw,1016202,1016202,,threequarter,sparkling-12,Sparkling-12,shrubclaw__1016202__threequarter__sparkling-12.webp,Shrubclaw__1016202__ThreeQuarter__Sparkling-12.webp,Images/Shrubclaw__1016202__ThreeQuarter__Sparkling-12.webp
Shrubclaw,shrubclaw,1016202,1016202,,threequarter,umbral,Umbral,shrubclaw__1016202__threequarter__umbral.webp,Shrubclaw__1016202__ThreeQuarter__Umbral.webp,Images/Shrubclaw__1016202__ThreeQuarter__Umbral.webp
Shrubclaw,shrubclaw,1016203,1016203,,threequarter,normal,Normal,shrubclaw__1016203__threequarter__normal.webp,Shrubclaw__1016203__ThreeQuarter__Normal.webp,Images/Shrubclaw__1016203__ThreeQuarter__Normal.webp
Shrubclaw,shrubclaw,1016203,1016203,,threequarter,sparkling-1,Sparkling-01,shrubclaw__1016203__threequarter__sparkling-1.webp,Shrubclaw__1016203__ThreeQuarter__Sparkling-01.webp,Images/Shrubclaw__1016203__ThreeQuarter__Sparkling-01.webp
Shrubclaw,shrubclaw,1016203,1016203,,threequarter,sparkling-2,Sparkling-02,shrubclaw__1016203__threequarter__sparkling-2.webp,Shrubclaw__1016203__ThreeQuarter__Sparkling-02.webp,Images/Shrubclaw__1016203__ThreeQuarter__Sparkling-02.webp
Shrubclaw,shrubclaw,1016203,1016203,,threequarter,sparkling-3,Sparkling-03,shrubclaw__1016203__threequarter__sparkling-3.webp,Shrubclaw__1016203__ThreeQuarter__Sparkling-03.webp,Images/Shrubclaw__1016203__ThreeQuarter__Sparkling-03.webp
Shrubclaw,shrubclaw,1016203,1016203,,threequarter,sparkling-4,Sparkling-04,shrubclaw__1016203__threequarter__sparkling-4.webp,Shrubclaw__1016203__ThreeQuarter__Sparkling-04.webp,Images/Shrubclaw__1016203__ThreeQuarter__Sparkling-04.webp
Shrubclaw,shrubclaw,1016203,1016203,,threequarter,sparkling-5,Sparkling-05,shrubclaw__1016203__threequarter__sparkling-5.webp,Shrubclaw__1016203__ThreeQuarter__Sparkling-05.webp,Images/Shrubclaw__1016203__ThreeQuarter__Sparkling-05.webp
Shrubclaw,shrubclaw,1016203,1016203,,threequarter,sparkling-6,Sparkling-06,shrubclaw__1016203__threequarter__sparkling-6.webp,Shrubclaw__1016203__ThreeQuarter__Sparkling-06.webp,Images/Shrubclaw__1016203__ThreeQuarter__Sparkling-06.webp
Shrubclaw,shrubclaw,1016203,1016203,,threequarter,sparkling-7,Sparkling-07,shrubclaw__1016203__threequarter__sparkling-7.webp,Shrubclaw__1016203__ThreeQuarter__Sparkling-07.webp,Images/Shrubclaw__1016203__ThreeQuarter__Sparkling-07.webp
Shrubclaw,shrubclaw,1016203,1016203,,threequarter,sparkling-8,Sparkling-08,shrubclaw__1016203__threequarter__sparkling-8.webp,Shrubclaw__1016203__ThreeQuarter__Sparkling-08.webp,Images/Shrubclaw__1016203__ThreeQuarter__Sparkling-08.webp
Shrubclaw,shrubclaw,1016203,1016203,,threequarter,sparkling-9,Sparkling-09,shrubclaw__1016203__threequarter__sparkling-9.webp,Shrubclaw__1016203__ThreeQuarter__Sparkling-09.webp,Images/Shrubclaw__1016203__ThreeQuarter__Sparkling-09.webp
Shrubclaw,shrubclaw,1016203,1016203,,threequarter,sparkling-10,Sparkling-10,shrubclaw__1016203__threequarter__sparkling-10.webp,Shrubclaw__1016203__ThreeQuarter__Sparkling-10.webp,Images/Shrubclaw__1016203__ThreeQuarter__Sparkling-10.webp
Shrubclaw,shrubclaw,1016203,1016203,,threequarter,sparkling-11,Sparkling-11,shrubclaw__1016203__threequarter__sparkling-11.webp,Shrubclaw__1016203__ThreeQuarter__Sparkling-11.webp,Images/Shrubclaw__1016203__ThreeQuarter__Sparkling-11.webp
Shrubclaw,shrubclaw,1016203,1016203,,threequarter,sparkling-12,Sparkling-12,shrubclaw__1016203__threequarter__sparkling-12.webp,Shrubclaw__1016203__ThreeQuarter__Sparkling-12.webp,Images/Shrubclaw__1016203__ThreeQuarter__Sparkling-12.webp
Shrubclaw,shrubclaw,1016203,1016203,,threequarter,umbral,Umbral,shrubclaw__1016203__threequarter__umbral.webp,Shrubclaw__1016203__ThreeQuarter__Umbral.webp,Images/Shrubclaw__1016203__ThreeQuarter__Umbral.webp
Skippy,skippy,1004100,1004100,,threequarter,normal,Normal,skippy__1004100__threequarter__normal.webp,Skippy__1004100__ThreeQuarter__Normal.webp,Images/Skippy__1004100__ThreeQuarter__Normal.webp
Skippy,skippy,1004100,1004100,,threequarter,sparkling-1,Sparkling-01,skippy__1004100__threequarter__sparkling-1.webp,Skippy__1004100__ThreeQuarter__Sparkling-01.webp,Images/Skippy__1004100__ThreeQuarter__Sparkling-01.webp
Skippy,skippy,1004100,1004100,,threequarter,sparkling-2,Sparkling-02,skippy__1004100__threequarter__sparkling-2.webp,Skippy__1004100__ThreeQuarter__Sparkling-02.webp,Images/Skippy__1004100__ThreeQuarter__Sparkling-02.webp
Skippy,skippy,1004100,1004100,,threequarter,sparkling-3,Sparkling-03,skippy__1004100__threequarter__sparkling-3.webp,Skippy__1004100__ThreeQuarter__Sparkling-03.webp,Images/Skippy__1004100__ThreeQuarter__Sparkling-03.webp
Skippy,skippy,1004100,1004100,,threequarter,sparkling-4,Sparkling-04,skippy__1004100__threequarter__sparkling-4.webp,Skippy__1004100__ThreeQuarter__Sparkling-04.webp,Images/Skippy__1004100__ThreeQuarter__Sparkling-04.webp
Skippy,skippy,1004100,1004100,,threequarter,sparkling-5,Sparkling-05,skippy__1004100__threequarter__sparkling-5.webp,Skippy__1004100__ThreeQuarter__Sparkling-05.webp,Images/Skippy__1004100__ThreeQuarter__Sparkling-05.webp
Skippy,skippy,1004100,1004100,,threequarter,sparkling-6,Sparkling-06,skippy__1004100__threequarter__sparkling-6.webp,Skippy__1004100__ThreeQuarter__Sparkling-06.webp,Images/Skippy__1004100__ThreeQuarter__Sparkling-06.webp
Skippy,skippy,1004100,1004100,,threequarter,sparkling-7,Sparkling-07,skippy__1004100__threequarter__sparkling-7.webp,Skippy__1004100__ThreeQuarter__Sparkling-07.webp,Images/Skippy__1004100__ThreeQuarter__Sparkling-07.webp
Skippy,skippy,1004100,1004100,,threequarter,sparkling-8,Sparkling-08,skippy__1004100__threequarter__sparkling-8.webp,Skippy__1004100__ThreeQuarter__Sparkling-08.webp,Images/Skippy__1004100__ThreeQuarter__Sparkling-08.webp
Skippy,skippy,1004100,1004100,,threequarter,sparkling-9,Sparkling-09,skippy__1004100__threequarter__sparkling-9.webp,Skippy__1004100__ThreeQuarter__Sparkling-09.webp,Images/Skippy__1004100__ThreeQuarter__Sparkling-09.webp
Skippy,skippy,1004100,1004100,,threequarter,sparkling-10,Sparkling-10,skippy__1004100__threequarter__sparkling-10.webp,Skippy__1004100__ThreeQuarter__Sparkling-10.webp,Images/Skippy__1004100__ThreeQuarter__Sparkling-10.webp
Skippy,skippy,1004100,1004100,,threequarter,sparkling-11,Sparkling-11,skippy__1004100__threequarter__sparkling-11.webp,Skippy__1004100__ThreeQuarter__Sparkling-11.webp,Images/Skippy__1004100__ThreeQuarter__Sparkling-11.webp
Skippy,skippy,1004100,1004100,,threequarter,sparkling-12,Sparkling-12,skippy__1004100__threequarter__sparkling-12.webp,Skippy__1004100__ThreeQuarter__Sparkling-12.webp,Images/Skippy__1004100__ThreeQuarter__Sparkling-12.webp
Skippy,skippy,1004100,1004100,,threequarter,umbral,Umbral,skippy__1004100__threequarter__umbral.webp,Skippy__1004100__ThreeQuarter__Umbral.webp,Images/Skippy__1004100__ThreeQuarter__Umbral.webp
Skippy,skippy,1004101,1004101,,threequarter,normal,Normal,skippy__1004101__threequarter__normal.webp,Skippy__1004101__ThreeQuarter__Normal.webp,Images/Skippy__1004101__ThreeQuarter__Normal.webp
Skippy,skippy,1004101,1004101,,threequarter,sparkling-1,Sparkling-01,skippy__1004101__threequarter__sparkling-1.webp,Skippy__1004101__ThreeQuarter__Sparkling-01.webp,Images/Skippy__1004101__ThreeQuarter__Sparkling-01.webp
Skippy,skippy,1004101,1004101,,threequarter,sparkling-2,Sparkling-02,skippy__1004101__threequarter__sparkling-2.webp,Skippy__1004101__ThreeQuarter__Sparkling-02.webp,Images/Skippy__1004101__ThreeQuarter__Sparkling-02.webp
Skippy,skippy,1004101,1004101,,threequarter,sparkling-3,Sparkling-03,skippy__1004101__threequarter__sparkling-3.webp,Skippy__1004101__ThreeQuarter__Sparkling-03.webp,Images/Skippy__1004101__ThreeQuarter__Sparkling-03.webp
Skippy,skippy,1004101,1004101,,threequarter,sparkling-4,Sparkling-04,skippy__1004101__threequarter__sparkling-4.webp,Skippy__1004101__ThreeQuarter__Sparkling-04.webp,Images/Skippy__1004101__ThreeQuarter__Sparkling-04.webp
Skippy,skippy,1004101,1004101,,threequarter,sparkling-5,Sparkling-05,skippy__1004101__threequarter__sparkling-5.webp,Skippy__1004101__ThreeQuarter__Sparkling-05.webp,Images/Skippy__1004101__ThreeQuarter__Sparkling-05.webp
Skippy,skippy,1004101,1004101,,threequarter,sparkling-6,Sparkling-06,skippy__1004101__threequarter__sparkling-6.webp,Skippy__1004101__ThreeQuarter__Sparkling-06.webp,Images/Skippy__1004101__ThreeQuarter__Sparkling-06.webp
Skippy,skippy,1004101,1004101,,threequarter,sparkling-7,Sparkling-07,skippy__1004101__threequarter__sparkling-7.webp,Skippy__1004101__ThreeQuarter__Sparkling-07.webp,Images/Skippy__1004101__ThreeQuarter__Sparkling-07.webp
Skippy,skippy,1004101,1004101,,threequarter,sparkling-8,Sparkling-08,skippy__1004101__threequarter__sparkling-8.webp,Skippy__1004101__ThreeQuarter__Sparkling-08.webp,Images/Skippy__1004101__ThreeQuarter__Sparkling-08.webp
Skippy,skippy,1004101,1004101,,threequarter,sparkling-9,Sparkling-09,skippy__1004101__threequarter__sparkling-9.webp,Skippy__1004101__ThreeQuarter__Sparkling-09.webp,Images/Skippy__1004101__ThreeQuarter__Sparkling-09.webp
Skippy,skippy,1004101,1004101,,threequarter,sparkling-10,Sparkling-10,skippy__1004101__threequarter__sparkling-10.webp,Skippy__1004101__ThreeQuarter__Sparkling-10.webp,Images/Skippy__1004101__ThreeQuarter__Sparkling-10.webp
Skippy,skippy,1004101,1004101,,threequarter,sparkling-11,Sparkling-11,skippy__1004101__threequarter__sparkling-11.webp,Skippy__1004101__ThreeQuarter__Sparkling-11.webp,Images/Skippy__1004101__ThreeQuarter__Sparkling-11.webp
Skippy,skippy,1004101,1004101,,threequarter,sparkling-12,Sparkling-12,skippy__1004101__threequarter__sparkling-12.webp,Skippy__1004101__ThreeQuarter__Sparkling-12.webp,Images/Skippy__1004101__ThreeQuarter__Sparkling-12.webp
Skippy,skippy,1004101,1004101,,threequarter,umbral,Umbral,skippy__1004101__threequarter__umbral.webp,Skippy__1004101__ThreeQuarter__Umbral.webp,Images/Skippy__1004101__ThreeQuarter__Umbral.webp
Skippy,skippy,1004102,1004102,,threequarter,normal,Normal,skippy__1004102__threequarter__normal.webp,Skippy__1004102__ThreeQuarter__Normal.webp,Images/Skippy__1004102__ThreeQuarter__Normal.webp
Skippy,skippy,1004102,1004102,,threequarter,sparkling-1,Sparkling-01,skippy__1004102__threequarter__sparkling-1.webp,Skippy__1004102__ThreeQuarter__Sparkling-01.webp,Images/Skippy__1004102__ThreeQuarter__Sparkling-01.webp
Skippy,skippy,1004102,1004102,,threequarter,sparkling-2,Sparkling-02,skippy__1004102__threequarter__sparkling-2.webp,Skippy__1004102__ThreeQuarter__Sparkling-02.webp,Images/Skippy__1004102__ThreeQuarter__Sparkling-02.webp
Skippy,skippy,1004102,1004102,,threequarter,sparkling-3,Sparkling-03,skippy__1004102__threequarter__sparkling-3.webp,Skippy__1004102__ThreeQuarter__Sparkling-03.webp,Images/Skippy__1004102__ThreeQuarter__Sparkling-03.webp
Skippy,skippy,1004102,1004102,,threequarter,sparkling-4,Sparkling-04,skippy__1004102__threequarter__sparkling-4.webp,Skippy__1004102__ThreeQuarter__Sparkling-04.webp,Images/Skippy__1004102__ThreeQuarter__Sparkling-04.webp
Skippy,skippy,1004102,1004102,,threequarter,sparkling-5,Sparkling-05,skippy__1004102__threequarter__sparkling-5.webp,Skippy__1004102__ThreeQuarter__Sparkling-05.webp,Images/Skippy__1004102__ThreeQuarter__Sparkling-05.webp
Skippy,skippy,1004102,1004102,,threequarter,sparkling-6,Sparkling-06,skippy__1004102__threequarter__sparkling-6.webp,Skippy__1004102__ThreeQuarter__Sparkling-06.webp,Images/Skippy__1004102__ThreeQuarter__Sparkling-06.webp
Skippy,skippy,1004102,1004102,,threequarter,sparkling-7,Sparkling-07,skippy__1004102__threequarter__sparkling-7.webp,Skippy__1004102__ThreeQuarter__Sparkling-07.webp,Images/Skippy__1004102__ThreeQuarter__Sparkling-07.webp
Skippy,skippy,1004102,1004102,,threequarter,sparkling-8,Sparkling-08,skippy__1004102__threequarter__sparkling-8.webp,Skippy__1004102__ThreeQuarter__Sparkling-08.webp,Images/Skippy__1004102__ThreeQuarter__Sparkling-08.webp
Skippy,skippy,1004102,1004102,,threequarter,sparkling-9,Sparkling-09,skippy__1004102__threequarter__sparkling-9.webp,Skippy__1004102__ThreeQuarter__Sparkling-09.webp,Images/Skippy__1004102__ThreeQuarter__Sparkling-09.webp
Skippy,skippy,1004102,1004102,,threequarter,sparkling-10,Sparkling-10,skippy__1004102__threequarter__sparkling-10.webp,Skippy__1004102__ThreeQuarter__Sparkling-10.webp,Images/Skippy__1004102__ThreeQuarter__Sparkling-10.webp
Skippy,skippy,1004102,1004102,,threequarter,sparkling-11,Sparkling-11,skippy__1004102__threequarter__sparkling-11.webp,Skippy__1004102__ThreeQuarter__Sparkling-11.webp,Images/Skippy__1004102__ThreeQuarter__Sparkling-11.webp
Skippy,skippy,1004102,1004102,,threequarter,sparkling-12,Sparkling-12,skippy__1004102__threequarter__sparkling-12.webp,Skippy__1004102__ThreeQuarter__Sparkling-12.webp,Images/Skippy__1004102__ThreeQuarter__Sparkling-12.webp
Skippy,skippy,1004102,1004102,,threequarter,umbral,Umbral,skippy__1004102__threequarter__umbral.webp,Skippy__1004102__ThreeQuarter__Umbral.webp,Images/Skippy__1004102__ThreeQuarter__Umbral.webp
Soleon,soleon,1036300,1036300,,threequarter,normal,Normal,soleon__1036300__threequarter__normal.webp,Soleon__1036300__ThreeQuarter__Normal.webp,Images/Soleon__1036300__ThreeQuarter__Normal.webp
Soleon,soleon,1036300,1036300,,threequarter,sparkling-1,Sparkling-01,soleon__1036300__threequarter__sparkling-1.webp,Soleon__1036300__ThreeQuarter__Sparkling-01.webp,Images/Soleon__1036300__ThreeQuarter__Sparkling-01.webp
Soleon,soleon,1036300,1036300,,threequarter,sparkling-2,Sparkling-02,soleon__1036300__threequarter__sparkling-2.webp,Soleon__1036300__ThreeQuarter__Sparkling-02.webp,Images/Soleon__1036300__ThreeQuarter__Sparkling-02.webp
Soleon,soleon,1036300,1036300,,threequarter,sparkling-3,Sparkling-03,soleon__1036300__threequarter__sparkling-3.webp,Soleon__1036300__ThreeQuarter__Sparkling-03.webp,Images/Soleon__1036300__ThreeQuarter__Sparkling-03.webp
Soleon,soleon,1036300,1036300,,threequarter,sparkling-4,Sparkling-04,soleon__1036300__threequarter__sparkling-4.webp,Soleon__1036300__ThreeQuarter__Sparkling-04.webp,Images/Soleon__1036300__ThreeQuarter__Sparkling-04.webp
Soleon,soleon,1036300,1036300,,threequarter,sparkling-5,Sparkling-05,soleon__1036300__threequarter__sparkling-5.webp,Soleon__1036300__ThreeQuarter__Sparkling-05.webp,Images/Soleon__1036300__ThreeQuarter__Sparkling-05.webp
Soleon,soleon,1036300,1036300,,threequarter,sparkling-6,Sparkling-06,soleon__1036300__threequarter__sparkling-6.webp,Soleon__1036300__ThreeQuarter__Sparkling-06.webp,Images/Soleon__1036300__ThreeQuarter__Sparkling-06.webp
Soleon,soleon,1036300,1036300,,threequarter,sparkling-7,Sparkling-07,soleon__1036300__threequarter__sparkling-7.webp,Soleon__1036300__ThreeQuarter__Sparkling-07.webp,Images/Soleon__1036300__ThreeQuarter__Sparkling-07.webp
Soleon,soleon,1036300,1036300,,threequarter,sparkling-8,Sparkling-08,soleon__1036300__threequarter__sparkling-8.webp,Soleon__1036300__ThreeQuarter__Sparkling-08.webp,Images/Soleon__1036300__ThreeQuarter__Sparkling-08.webp
Soleon,soleon,1036300,1036300,,threequarter,sparkling-9,Sparkling-09,soleon__1036300__threequarter__sparkling-9.webp,Soleon__1036300__ThreeQuarter__Sparkling-09.webp,Images/Soleon__1036300__ThreeQuarter__Sparkling-09.webp
Soleon,soleon,1036300,1036300,,threequarter,sparkling-10,Sparkling-10,soleon__1036300__threequarter__sparkling-10.webp,Soleon__1036300__ThreeQuarter__Sparkling-10.webp,Images/Soleon__1036300__ThreeQuarter__Sparkling-10.webp
Soleon,soleon,1036300,1036300,,threequarter,sparkling-11,Sparkling-11,soleon__1036300__threequarter__sparkling-11.webp,Soleon__1036300__ThreeQuarter__Sparkling-11.webp,Images/Soleon__1036300__ThreeQuarter__Sparkling-11.webp
Soleon,soleon,1036300,1036300,,threequarter,sparkling-12,Sparkling-12,soleon__1036300__threequarter__sparkling-12.webp,Soleon__1036300__ThreeQuarter__Sparkling-12.webp,Images/Soleon__1036300__ThreeQuarter__Sparkling-12.webp
Somniwing,somniwing,1023300,1023300,,threequarter,normal,Normal,somniwing__1023300__threequarter__normal.webp,Somniwing__1023300__ThreeQuarter__Normal.webp,Images/Somniwing__1023300__ThreeQuarter__Normal.webp
Somniwing,somniwing,1023300,1023300,,threequarter,sparkling-1,Sparkling-01,somniwing__1023300__threequarter__sparkling-1.webp,Somniwing__1023300__ThreeQuarter__Sparkling-01.webp,Images/Somniwing__1023300__ThreeQuarter__Sparkling-01.webp
Somniwing,somniwing,1023300,1023300,,threequarter,sparkling-2,Sparkling-02,somniwing__1023300__threequarter__sparkling-2.webp,Somniwing__1023300__ThreeQuarter__Sparkling-02.webp,Images/Somniwing__1023300__ThreeQuarter__Sparkling-02.webp
Somniwing,somniwing,1023300,1023300,,threequarter,sparkling-3,Sparkling-03,somniwing__1023300__threequarter__sparkling-3.webp,Somniwing__1023300__ThreeQuarter__Sparkling-03.webp,Images/Somniwing__1023300__ThreeQuarter__Sparkling-03.webp
Somniwing,somniwing,1023300,1023300,,threequarter,sparkling-4,Sparkling-04,somniwing__1023300__threequarter__sparkling-4.webp,Somniwing__1023300__ThreeQuarter__Sparkling-04.webp,Images/Somniwing__1023300__ThreeQuarter__Sparkling-04.webp
Somniwing,somniwing,1023300,1023300,,threequarter,sparkling-5,Sparkling-05,somniwing__1023300__threequarter__sparkling-5.webp,Somniwing__1023300__ThreeQuarter__Sparkling-05.webp,Images/Somniwing__1023300__ThreeQuarter__Sparkling-05.webp
Somniwing,somniwing,1023300,1023300,,threequarter,sparkling-6,Sparkling-06,somniwing__1023300__threequarter__sparkling-6.webp,Somniwing__1023300__ThreeQuarter__Sparkling-06.webp,Images/Somniwing__1023300__ThreeQuarter__Sparkling-06.webp
Somniwing,somniwing,1023300,1023300,,threequarter,sparkling-7,Sparkling-07,somniwing__1023300__threequarter__sparkling-7.webp,Somniwing__1023300__ThreeQuarter__Sparkling-07.webp,Images/Somniwing__1023300__ThreeQuarter__Sparkling-07.webp
Somniwing,somniwing,1023300,1023300,,threequarter,sparkling-8,Sparkling-08,somniwing__1023300__threequarter__sparkling-8.webp,Somniwing__1023300__ThreeQuarter__Sparkling-08.webp,Images/Somniwing__1023300__ThreeQuarter__Sparkling-08.webp
Somniwing,somniwing,1023300,1023300,,threequarter,sparkling-9,Sparkling-09,somniwing__1023300__threequarter__sparkling-9.webp,Somniwing__1023300__ThreeQuarter__Sparkling-09.webp,Images/Somniwing__1023300__ThreeQuarter__Sparkling-09.webp
Somniwing,somniwing,1023300,1023300,,threequarter,sparkling-10,Sparkling-10,somniwing__1023300__threequarter__sparkling-10.webp,Somniwing__1023300__ThreeQuarter__Sparkling-10.webp,Images/Somniwing__1023300__ThreeQuarter__Sparkling-10.webp
Somniwing,somniwing,1023300,1023300,,threequarter,sparkling-11,Sparkling-11,somniwing__1023300__threequarter__sparkling-11.webp,Somniwing__1023300__ThreeQuarter__Sparkling-11.webp,Images/Somniwing__1023300__ThreeQuarter__Sparkling-11.webp
Somniwing,somniwing,1023300,1023300,,threequarter,sparkling-12,Sparkling-12,somniwing__1023300__threequarter__sparkling-12.webp,Somniwing__1023300__ThreeQuarter__Sparkling-12.webp,Images/Somniwing__1023300__ThreeQuarter__Sparkling-12.webp
Sparkelf,sparkelf,6999300,6999300,,threequarter,normal,Normal,sparkelf__6999300__threequarter__normal.webp,Sparkelf__6999300__ThreeQuarter__Normal.webp,Images/Sparkelf__6999300__ThreeQuarter__Normal.webp
Sparkelf,sparkelf,6999300,6999300,,threequarter,sparkling-1,Sparkling-01,sparkelf__6999300__threequarter__sparkling-1.webp,Sparkelf__6999300__ThreeQuarter__Sparkling-01.webp,Images/Sparkelf__6999300__ThreeQuarter__Sparkling-01.webp
Sparkelf,sparkelf,6999300,6999300,,threequarter,sparkling-2,Sparkling-02,sparkelf__6999300__threequarter__sparkling-2.webp,Sparkelf__6999300__ThreeQuarter__Sparkling-02.webp,Images/Sparkelf__6999300__ThreeQuarter__Sparkling-02.webp
Sparkelf,sparkelf,6999300,6999300,,threequarter,sparkling-3,Sparkling-03,sparkelf__6999300__threequarter__sparkling-3.webp,Sparkelf__6999300__ThreeQuarter__Sparkling-03.webp,Images/Sparkelf__6999300__ThreeQuarter__Sparkling-03.webp
Sparkelf,sparkelf,6999300,6999300,,threequarter,sparkling-4,Sparkling-04,sparkelf__6999300__threequarter__sparkling-4.webp,Sparkelf__6999300__ThreeQuarter__Sparkling-04.webp,Images/Sparkelf__6999300__ThreeQuarter__Sparkling-04.webp
Sparkelf,sparkelf,6999300,6999300,,threequarter,sparkling-5,Sparkling-05,sparkelf__6999300__threequarter__sparkling-5.webp,Sparkelf__6999300__ThreeQuarter__Sparkling-05.webp,Images/Sparkelf__6999300__ThreeQuarter__Sparkling-05.webp
Sparkelf,sparkelf,6999300,6999300,,threequarter,sparkling-6,Sparkling-06,sparkelf__6999300__threequarter__sparkling-6.webp,Sparkelf__6999300__ThreeQuarter__Sparkling-06.webp,Images/Sparkelf__6999300__ThreeQuarter__Sparkling-06.webp
Sparkelf,sparkelf,6999300,6999300,,threequarter,sparkling-7,Sparkling-07,sparkelf__6999300__threequarter__sparkling-7.webp,Sparkelf__6999300__ThreeQuarter__Sparkling-07.webp,Images/Sparkelf__6999300__ThreeQuarter__Sparkling-07.webp
Sparkelf,sparkelf,6999300,6999300,,threequarter,sparkling-8,Sparkling-08,sparkelf__6999300__threequarter__sparkling-8.webp,Sparkelf__6999300__ThreeQuarter__Sparkling-08.webp,Images/Sparkelf__6999300__ThreeQuarter__Sparkling-08.webp
Sparkelf,sparkelf,6999300,6999300,,threequarter,sparkling-9,Sparkling-09,sparkelf__6999300__threequarter__sparkling-9.webp,Sparkelf__6999300__ThreeQuarter__Sparkling-09.webp,Images/Sparkelf__6999300__ThreeQuarter__Sparkling-09.webp
Sparkelf,sparkelf,6999300,6999300,,threequarter,sparkling-10,Sparkling-10,sparkelf__6999300__threequarter__sparkling-10.webp,Sparkelf__6999300__ThreeQuarter__Sparkling-10.webp,Images/Sparkelf__6999300__ThreeQuarter__Sparkling-10.webp
Sparkelf,sparkelf,6999300,6999300,,threequarter,sparkling-11,Sparkling-11,sparkelf__6999300__threequarter__sparkling-11.webp,Sparkelf__6999300__ThreeQuarter__Sparkling-11.webp,Images/Sparkelf__6999300__ThreeQuarter__Sparkling-11.webp
Sparkelf,sparkelf,6999300,6999300,,threequarter,sparkling-12,Sparkling-12,sparkelf__6999300__threequarter__sparkling-12.webp,Sparkelf__6999300__ThreeQuarter__Sparkling-12.webp,Images/Sparkelf__6999300__ThreeQuarter__Sparkling-12.webp
Sparkelf,sparkelf,6999301,6999301,,threequarter,normal,Normal,sparkelf__6999301__threequarter__normal.webp,Sparkelf__6999301__ThreeQuarter__Normal.webp,Images/Sparkelf__6999301__ThreeQuarter__Normal.webp
Sparkelf,sparkelf,6999301,6999301,,threequarter,sparkling-1,Sparkling-01,sparkelf__6999301__threequarter__sparkling-1.webp,Sparkelf__6999301__ThreeQuarter__Sparkling-01.webp,Images/Sparkelf__6999301__ThreeQuarter__Sparkling-01.webp
Sparkelf,sparkelf,6999301,6999301,,threequarter,sparkling-2,Sparkling-02,sparkelf__6999301__threequarter__sparkling-2.webp,Sparkelf__6999301__ThreeQuarter__Sparkling-02.webp,Images/Sparkelf__6999301__ThreeQuarter__Sparkling-02.webp
Sparkelf,sparkelf,6999301,6999301,,threequarter,sparkling-3,Sparkling-03,sparkelf__6999301__threequarter__sparkling-3.webp,Sparkelf__6999301__ThreeQuarter__Sparkling-03.webp,Images/Sparkelf__6999301__ThreeQuarter__Sparkling-03.webp
Sparkelf,sparkelf,6999301,6999301,,threequarter,sparkling-4,Sparkling-04,sparkelf__6999301__threequarter__sparkling-4.webp,Sparkelf__6999301__ThreeQuarter__Sparkling-04.webp,Images/Sparkelf__6999301__ThreeQuarter__Sparkling-04.webp
Sparkelf,sparkelf,6999301,6999301,,threequarter,sparkling-5,Sparkling-05,sparkelf__6999301__threequarter__sparkling-5.webp,Sparkelf__6999301__ThreeQuarter__Sparkling-05.webp,Images/Sparkelf__6999301__ThreeQuarter__Sparkling-05.webp
Sparkelf,sparkelf,6999301,6999301,,threequarter,sparkling-6,Sparkling-06,sparkelf__6999301__threequarter__sparkling-6.webp,Sparkelf__6999301__ThreeQuarter__Sparkling-06.webp,Images/Sparkelf__6999301__ThreeQuarter__Sparkling-06.webp
Sparkelf,sparkelf,6999301,6999301,,threequarter,sparkling-7,Sparkling-07,sparkelf__6999301__threequarter__sparkling-7.webp,Sparkelf__6999301__ThreeQuarter__Sparkling-07.webp,Images/Sparkelf__6999301__ThreeQuarter__Sparkling-07.webp
Sparkelf,sparkelf,6999301,6999301,,threequarter,sparkling-8,Sparkling-08,sparkelf__6999301__threequarter__sparkling-8.webp,Sparkelf__6999301__ThreeQuarter__Sparkling-08.webp,Images/Sparkelf__6999301__ThreeQuarter__Sparkling-08.webp
Sparkelf,sparkelf,6999301,6999301,,threequarter,sparkling-9,Sparkling-09,sparkelf__6999301__threequarter__sparkling-9.webp,Sparkelf__6999301__ThreeQuarter__Sparkling-09.webp,Images/Sparkelf__6999301__ThreeQuarter__Sparkling-09.webp
Sparkelf,sparkelf,6999301,6999301,,threequarter,sparkling-10,Sparkling-10,sparkelf__6999301__threequarter__sparkling-10.webp,Sparkelf__6999301__ThreeQuarter__Sparkling-10.webp,Images/Sparkelf__6999301__ThreeQuarter__Sparkling-10.webp
Sparkelf,sparkelf,6999301,6999301,,threequarter,sparkling-11,Sparkling-11,sparkelf__6999301__threequarter__sparkling-11.webp,Sparkelf__6999301__ThreeQuarter__Sparkling-11.webp,Images/Sparkelf__6999301__ThreeQuarter__Sparkling-11.webp
Sparkelf,sparkelf,6999301,6999301,,threequarter,sparkling-12,Sparkling-12,sparkelf__6999301__threequarter__sparkling-12.webp,Sparkelf__6999301__ThreeQuarter__Sparkling-12.webp,Images/Sparkelf__6999301__ThreeQuarter__Sparkling-12.webp
Sparki,sparki,1033100,1033100,,threequarter,normal,Normal,sparki__1033100__threequarter__normal.webp,Sparki__1033100__ThreeQuarter__Normal.webp,Images/Sparki__1033100__ThreeQuarter__Normal.webp
Sparki,sparki,1033100,1033100,,threequarter,sparkling-1,Sparkling-01,sparki__1033100__threequarter__sparkling-1.webp,Sparki__1033100__ThreeQuarter__Sparkling-01.webp,Images/Sparki__1033100__ThreeQuarter__Sparkling-01.webp
Sparki,sparki,1033100,1033100,,threequarter,sparkling-2,Sparkling-02,sparki__1033100__threequarter__sparkling-2.webp,Sparki__1033100__ThreeQuarter__Sparkling-02.webp,Images/Sparki__1033100__ThreeQuarter__Sparkling-02.webp
Sparki,sparki,1033100,1033100,,threequarter,sparkling-3,Sparkling-03,sparki__1033100__threequarter__sparkling-3.webp,Sparki__1033100__ThreeQuarter__Sparkling-03.webp,Images/Sparki__1033100__ThreeQuarter__Sparkling-03.webp
Sparki,sparki,1033100,1033100,,threequarter,sparkling-4,Sparkling-04,sparki__1033100__threequarter__sparkling-4.webp,Sparki__1033100__ThreeQuarter__Sparkling-04.webp,Images/Sparki__1033100__ThreeQuarter__Sparkling-04.webp
Sparki,sparki,1033100,1033100,,threequarter,sparkling-5,Sparkling-05,sparki__1033100__threequarter__sparkling-5.webp,Sparki__1033100__ThreeQuarter__Sparkling-05.webp,Images/Sparki__1033100__ThreeQuarter__Sparkling-05.webp
Sparki,sparki,1033100,1033100,,threequarter,sparkling-6,Sparkling-06,sparki__1033100__threequarter__sparkling-6.webp,Sparki__1033100__ThreeQuarter__Sparkling-06.webp,Images/Sparki__1033100__ThreeQuarter__Sparkling-06.webp
Sparki,sparki,1033100,1033100,,threequarter,sparkling-7,Sparkling-07,sparki__1033100__threequarter__sparkling-7.webp,Sparki__1033100__ThreeQuarter__Sparkling-07.webp,Images/Sparki__1033100__ThreeQuarter__Sparkling-07.webp
Sparki,sparki,1033100,1033100,,threequarter,sparkling-8,Sparkling-08,sparki__1033100__threequarter__sparkling-8.webp,Sparki__1033100__ThreeQuarter__Sparkling-08.webp,Images/Sparki__1033100__ThreeQuarter__Sparkling-08.webp
Sparki,sparki,1033100,1033100,,threequarter,sparkling-9,Sparkling-09,sparki__1033100__threequarter__sparkling-9.webp,Sparki__1033100__ThreeQuarter__Sparkling-09.webp,Images/Sparki__1033100__ThreeQuarter__Sparkling-09.webp
Sparki,sparki,1033100,1033100,,threequarter,sparkling-10,Sparkling-10,sparki__1033100__threequarter__sparkling-10.webp,Sparki__1033100__ThreeQuarter__Sparkling-10.webp,Images/Sparki__1033100__ThreeQuarter__Sparkling-10.webp
Sparki,sparki,1033100,1033100,,threequarter,sparkling-11,Sparkling-11,sparki__1033100__threequarter__sparkling-11.webp,Sparki__1033100__ThreeQuarter__Sparkling-11.webp,Images/Sparki__1033100__ThreeQuarter__Sparkling-11.webp
Sparki,sparki,1033100,1033100,,threequarter,sparkling-12,Sparkling-12,sparki__1033100__threequarter__sparkling-12.webp,Sparki__1033100__ThreeQuarter__Sparkling-12.webp,Images/Sparki__1033100__ThreeQuarter__Sparkling-12.webp
Sparki,sparki,1033100,1033100,,threequarter,umbral,Umbral,sparki__1033100__threequarter__umbral.webp,Sparki__1033100__ThreeQuarter__Umbral.webp,Images/Sparki__1033100__ThreeQuarter__Umbral.webp
Sparki,sparki,1033101,1033101,,threequarter,normal,Normal,sparki__1033101__threequarter__normal.webp,Sparki__1033101__ThreeQuarter__Normal.webp,Images/Sparki__1033101__ThreeQuarter__Normal.webp
Sparki,sparki,1033101,1033101,,threequarter,sparkling-1,Sparkling-01,sparki__1033101__threequarter__sparkling-1.webp,Sparki__1033101__ThreeQuarter__Sparkling-01.webp,Images/Sparki__1033101__ThreeQuarter__Sparkling-01.webp
Sparki,sparki,1033101,1033101,,threequarter,sparkling-2,Sparkling-02,sparki__1033101__threequarter__sparkling-2.webp,Sparki__1033101__ThreeQuarter__Sparkling-02.webp,Images/Sparki__1033101__ThreeQuarter__Sparkling-02.webp
Sparki,sparki,1033101,1033101,,threequarter,sparkling-3,Sparkling-03,sparki__1033101__threequarter__sparkling-3.webp,Sparki__1033101__ThreeQuarter__Sparkling-03.webp,Images/Sparki__1033101__ThreeQuarter__Sparkling-03.webp
Sparki,sparki,1033101,1033101,,threequarter,sparkling-4,Sparkling-04,sparki__1033101__threequarter__sparkling-4.webp,Sparki__1033101__ThreeQuarter__Sparkling-04.webp,Images/Sparki__1033101__ThreeQuarter__Sparkling-04.webp
Sparki,sparki,1033101,1033101,,threequarter,sparkling-5,Sparkling-05,sparki__1033101__threequarter__sparkling-5.webp,Sparki__1033101__ThreeQuarter__Sparkling-05.webp,Images/Sparki__1033101__ThreeQuarter__Sparkling-05.webp
Sparki,sparki,1033101,1033101,,threequarter,sparkling-6,Sparkling-06,sparki__1033101__threequarter__sparkling-6.webp,Sparki__1033101__ThreeQuarter__Sparkling-06.webp,Images/Sparki__1033101__ThreeQuarter__Sparkling-06.webp
Sparki,sparki,1033101,1033101,,threequarter,sparkling-7,Sparkling-07,sparki__1033101__threequarter__sparkling-7.webp,Sparki__1033101__ThreeQuarter__Sparkling-07.webp,Images/Sparki__1033101__ThreeQuarter__Sparkling-07.webp
Sparki,sparki,1033101,1033101,,threequarter,sparkling-8,Sparkling-08,sparki__1033101__threequarter__sparkling-8.webp,Sparki__1033101__ThreeQuarter__Sparkling-08.webp,Images/Sparki__1033101__ThreeQuarter__Sparkling-08.webp
Sparki,sparki,1033101,1033101,,threequarter,sparkling-9,Sparkling-09,sparki__1033101__threequarter__sparkling-9.webp,Sparki__1033101__ThreeQuarter__Sparkling-09.webp,Images/Sparki__1033101__ThreeQuarter__Sparkling-09.webp
Sparki,sparki,1033101,1033101,,threequarter,sparkling-10,Sparkling-10,sparki__1033101__threequarter__sparkling-10.webp,Sparki__1033101__ThreeQuarter__Sparkling-10.webp,Images/Sparki__1033101__ThreeQuarter__Sparkling-10.webp
Sparki,sparki,1033101,1033101,,threequarter,sparkling-11,Sparkling-11,sparki__1033101__threequarter__sparkling-11.webp,Sparki__1033101__ThreeQuarter__Sparkling-11.webp,Images/Sparki__1033101__ThreeQuarter__Sparkling-11.webp
Sparki,sparki,1033101,1033101,,threequarter,sparkling-12,Sparkling-12,sparki__1033101__threequarter__sparkling-12.webp,Sparki__1033101__ThreeQuarter__Sparkling-12.webp,Images/Sparki__1033101__ThreeQuarter__Sparkling-12.webp
Sparki,sparki,1033101,1033101,,threequarter,umbral,Umbral,sparki__1033101__threequarter__umbral.webp,Sparki__1033101__ThreeQuarter__Umbral.webp,Images/Sparki__1033101__ThreeQuarter__Umbral.webp
Sparki,sparki,1033102,1033102,,threequarter,normal,Normal,sparki__1033102__threequarter__normal.webp,Sparki__1033102__ThreeQuarter__Normal.webp,Images/Sparki__1033102__ThreeQuarter__Normal.webp
Sparki,sparki,1033102,1033102,,threequarter,sparkling-1,Sparkling-01,sparki__1033102__threequarter__sparkling-1.webp,Sparki__1033102__ThreeQuarter__Sparkling-01.webp,Images/Sparki__1033102__ThreeQuarter__Sparkling-01.webp
Sparki,sparki,1033102,1033102,,threequarter,sparkling-2,Sparkling-02,sparki__1033102__threequarter__sparkling-2.webp,Sparki__1033102__ThreeQuarter__Sparkling-02.webp,Images/Sparki__1033102__ThreeQuarter__Sparkling-02.webp
Sparki,sparki,1033102,1033102,,threequarter,sparkling-3,Sparkling-03,sparki__1033102__threequarter__sparkling-3.webp,Sparki__1033102__ThreeQuarter__Sparkling-03.webp,Images/Sparki__1033102__ThreeQuarter__Sparkling-03.webp
Sparki,sparki,1033102,1033102,,threequarter,sparkling-4,Sparkling-04,sparki__1033102__threequarter__sparkling-4.webp,Sparki__1033102__ThreeQuarter__Sparkling-04.webp,Images/Sparki__1033102__ThreeQuarter__Sparkling-04.webp
Sparki,sparki,1033102,1033102,,threequarter,sparkling-5,Sparkling-05,sparki__1033102__threequarter__sparkling-5.webp,Sparki__1033102__ThreeQuarter__Sparkling-05.webp,Images/Sparki__1033102__ThreeQuarter__Sparkling-05.webp
Sparki,sparki,1033102,1033102,,threequarter,sparkling-6,Sparkling-06,sparki__1033102__threequarter__sparkling-6.webp,Sparki__1033102__ThreeQuarter__Sparkling-06.webp,Images/Sparki__1033102__ThreeQuarter__Sparkling-06.webp
Sparki,sparki,1033102,1033102,,threequarter,sparkling-7,Sparkling-07,sparki__1033102__threequarter__sparkling-7.webp,Sparki__1033102__ThreeQuarter__Sparkling-07.webp,Images/Sparki__1033102__ThreeQuarter__Sparkling-07.webp
Sparki,sparki,1033102,1033102,,threequarter,sparkling-8,Sparkling-08,sparki__1033102__threequarter__sparkling-8.webp,Sparki__1033102__ThreeQuarter__Sparkling-08.webp,Images/Sparki__1033102__ThreeQuarter__Sparkling-08.webp
Sparki,sparki,1033102,1033102,,threequarter,sparkling-9,Sparkling-09,sparki__1033102__threequarter__sparkling-9.webp,Sparki__1033102__ThreeQuarter__Sparkling-09.webp,Images/Sparki__1033102__ThreeQuarter__Sparkling-09.webp
Sparki,sparki,1033102,1033102,,threequarter,sparkling-10,Sparkling-10,sparki__1033102__threequarter__sparkling-10.webp,Sparki__1033102__ThreeQuarter__Sparkling-10.webp,Images/Sparki__1033102__ThreeQuarter__Sparkling-10.webp
Sparki,sparki,1033102,1033102,,threequarter,sparkling-11,Sparkling-11,sparki__1033102__threequarter__sparkling-11.webp,Sparki__1033102__ThreeQuarter__Sparkling-11.webp,Images/Sparki__1033102__ThreeQuarter__Sparkling-11.webp
Sparki,sparki,1033102,1033102,,threequarter,sparkling-12,Sparkling-12,sparki__1033102__threequarter__sparkling-12.webp,Sparki__1033102__ThreeQuarter__Sparkling-12.webp,Images/Sparki__1033102__ThreeQuarter__Sparkling-12.webp
Sparki,sparki,1033102,1033102,,threequarter,umbral,Umbral,sparki__1033102__threequarter__umbral.webp,Sparki__1033102__ThreeQuarter__Umbral.webp,Images/Sparki__1033102__ThreeQuarter__Umbral.webp
Sparki,sparki,1033103,1033103,,threequarter,normal,Normal,sparki__1033103__threequarter__normal.webp,Sparki__1033103__ThreeQuarter__Normal.webp,Images/Sparki__1033103__ThreeQuarter__Normal.webp
Sparki,sparki,1033103,1033103,,threequarter,sparkling-1,Sparkling-01,sparki__1033103__threequarter__sparkling-1.webp,Sparki__1033103__ThreeQuarter__Sparkling-01.webp,Images/Sparki__1033103__ThreeQuarter__Sparkling-01.webp
Sparki,sparki,1033103,1033103,,threequarter,sparkling-2,Sparkling-02,sparki__1033103__threequarter__sparkling-2.webp,Sparki__1033103__ThreeQuarter__Sparkling-02.webp,Images/Sparki__1033103__ThreeQuarter__Sparkling-02.webp
Sparki,sparki,1033103,1033103,,threequarter,sparkling-3,Sparkling-03,sparki__1033103__threequarter__sparkling-3.webp,Sparki__1033103__ThreeQuarter__Sparkling-03.webp,Images/Sparki__1033103__ThreeQuarter__Sparkling-03.webp
Sparki,sparki,1033103,1033103,,threequarter,sparkling-4,Sparkling-04,sparki__1033103__threequarter__sparkling-4.webp,Sparki__1033103__ThreeQuarter__Sparkling-04.webp,Images/Sparki__1033103__ThreeQuarter__Sparkling-04.webp
Sparki,sparki,1033103,1033103,,threequarter,sparkling-5,Sparkling-05,sparki__1033103__threequarter__sparkling-5.webp,Sparki__1033103__ThreeQuarter__Sparkling-05.webp,Images/Sparki__1033103__ThreeQuarter__Sparkling-05.webp
Sparki,sparki,1033103,1033103,,threequarter,sparkling-6,Sparkling-06,sparki__1033103__threequarter__sparkling-6.webp,Sparki__1033103__ThreeQuarter__Sparkling-06.webp,Images/Sparki__1033103__ThreeQuarter__Sparkling-06.webp
Sparki,sparki,1033103,1033103,,threequarter,sparkling-7,Sparkling-07,sparki__1033103__threequarter__sparkling-7.webp,Sparki__1033103__ThreeQuarter__Sparkling-07.webp,Images/Sparki__1033103__ThreeQuarter__Sparkling-07.webp
Sparki,sparki,1033103,1033103,,threequarter,sparkling-8,Sparkling-08,sparki__1033103__threequarter__sparkling-8.webp,Sparki__1033103__ThreeQuarter__Sparkling-08.webp,Images/Sparki__1033103__ThreeQuarter__Sparkling-08.webp
Sparki,sparki,1033103,1033103,,threequarter,sparkling-9,Sparkling-09,sparki__1033103__threequarter__sparkling-9.webp,Sparki__1033103__ThreeQuarter__Sparkling-09.webp,Images/Sparki__1033103__ThreeQuarter__Sparkling-09.webp
Sparki,sparki,1033103,1033103,,threequarter,sparkling-10,Sparkling-10,sparki__1033103__threequarter__sparkling-10.webp,Sparki__1033103__ThreeQuarter__Sparkling-10.webp,Images/Sparki__1033103__ThreeQuarter__Sparkling-10.webp
Sparki,sparki,1033103,1033103,,threequarter,sparkling-11,Sparkling-11,sparki__1033103__threequarter__sparkling-11.webp,Sparki__1033103__ThreeQuarter__Sparkling-11.webp,Images/Sparki__1033103__ThreeQuarter__Sparkling-11.webp
Sparki,sparki,1033103,1033103,,threequarter,sparkling-12,Sparkling-12,sparki__1033103__threequarter__sparkling-12.webp,Sparki__1033103__ThreeQuarter__Sparkling-12.webp,Images/Sparki__1033103__ThreeQuarter__Sparkling-12.webp
Sparki,sparki,1033103,1033103,,threequarter,umbral,Umbral,sparki__1033103__threequarter__umbral.webp,Sparki__1033103__ThreeQuarter__Umbral.webp,Images/Sparki__1033103__ThreeQuarter__Umbral.webp
Squarrel,squarrel,1051100,1051100,,threequarter,normal,Normal,squarrel__1051100__threequarter__normal.webp,Squarrel__1051100__ThreeQuarter__Normal.webp,Images/Squarrel__1051100__ThreeQuarter__Normal.webp
Squarrel,squarrel,1051100,1051100,,threequarter,sparkling-1,Sparkling-01,squarrel__1051100__threequarter__sparkling-1.webp,Squarrel__1051100__ThreeQuarter__Sparkling-01.webp,Images/Squarrel__1051100__ThreeQuarter__Sparkling-01.webp
Squarrel,squarrel,1051100,1051100,,threequarter,sparkling-2,Sparkling-02,squarrel__1051100__threequarter__sparkling-2.webp,Squarrel__1051100__ThreeQuarter__Sparkling-02.webp,Images/Squarrel__1051100__ThreeQuarter__Sparkling-02.webp
Squarrel,squarrel,1051100,1051100,,threequarter,sparkling-3,Sparkling-03,squarrel__1051100__threequarter__sparkling-3.webp,Squarrel__1051100__ThreeQuarter__Sparkling-03.webp,Images/Squarrel__1051100__ThreeQuarter__Sparkling-03.webp
Squarrel,squarrel,1051100,1051100,,threequarter,sparkling-4,Sparkling-04,squarrel__1051100__threequarter__sparkling-4.webp,Squarrel__1051100__ThreeQuarter__Sparkling-04.webp,Images/Squarrel__1051100__ThreeQuarter__Sparkling-04.webp
Squarrel,squarrel,1051100,1051100,,threequarter,sparkling-5,Sparkling-05,squarrel__1051100__threequarter__sparkling-5.webp,Squarrel__1051100__ThreeQuarter__Sparkling-05.webp,Images/Squarrel__1051100__ThreeQuarter__Sparkling-05.webp
Squarrel,squarrel,1051100,1051100,,threequarter,sparkling-6,Sparkling-06,squarrel__1051100__threequarter__sparkling-6.webp,Squarrel__1051100__ThreeQuarter__Sparkling-06.webp,Images/Squarrel__1051100__ThreeQuarter__Sparkling-06.webp
Squarrel,squarrel,1051100,1051100,,threequarter,sparkling-7,Sparkling-07,squarrel__1051100__threequarter__sparkling-7.webp,Squarrel__1051100__ThreeQuarter__Sparkling-07.webp,Images/Squarrel__1051100__ThreeQuarter__Sparkling-07.webp
Squarrel,squarrel,1051100,1051100,,threequarter,sparkling-8,Sparkling-08,squarrel__1051100__threequarter__sparkling-8.webp,Squarrel__1051100__ThreeQuarter__Sparkling-08.webp,Images/Squarrel__1051100__ThreeQuarter__Sparkling-08.webp
Squarrel,squarrel,1051100,1051100,,threequarter,sparkling-9,Sparkling-09,squarrel__1051100__threequarter__sparkling-9.webp,Squarrel__1051100__ThreeQuarter__Sparkling-09.webp,Images/Squarrel__1051100__ThreeQuarter__Sparkling-09.webp
Squarrel,squarrel,1051100,1051100,,threequarter,sparkling-10,Sparkling-10,squarrel__1051100__threequarter__sparkling-10.webp,Squarrel__1051100__ThreeQuarter__Sparkling-10.webp,Images/Squarrel__1051100__ThreeQuarter__Sparkling-10.webp
Squarrel,squarrel,1051100,1051100,,threequarter,sparkling-11,Sparkling-11,squarrel__1051100__threequarter__sparkling-11.webp,Squarrel__1051100__ThreeQuarter__Sparkling-11.webp,Images/Squarrel__1051100__ThreeQuarter__Sparkling-11.webp
Squarrel,squarrel,1051100,1051100,,threequarter,sparkling-12,Sparkling-12,squarrel__1051100__threequarter__sparkling-12.webp,Squarrel__1051100__ThreeQuarter__Sparkling-12.webp,Images/Squarrel__1051100__ThreeQuarter__Sparkling-12.webp
Squarrel,squarrel,1051100,1051100,,threequarter,umbral,Umbral,squarrel__1051100__threequarter__umbral.webp,Squarrel__1051100__ThreeQuarter__Umbral.webp,Images/Squarrel__1051100__ThreeQuarter__Umbral.webp
Squashel,squashel,1051200,1051200,,threequarter,normal,Normal,squashel__1051200__threequarter__normal.webp,Squashel__1051200__ThreeQuarter__Normal.webp,Images/Squashel__1051200__ThreeQuarter__Normal.webp
Squashel,squashel,1051200,1051200,,threequarter,sparkling-1,Sparkling-01,squashel__1051200__threequarter__sparkling-1.webp,Squashel__1051200__ThreeQuarter__Sparkling-01.webp,Images/Squashel__1051200__ThreeQuarter__Sparkling-01.webp
Squashel,squashel,1051200,1051200,,threequarter,sparkling-2,Sparkling-02,squashel__1051200__threequarter__sparkling-2.webp,Squashel__1051200__ThreeQuarter__Sparkling-02.webp,Images/Squashel__1051200__ThreeQuarter__Sparkling-02.webp
Squashel,squashel,1051200,1051200,,threequarter,sparkling-3,Sparkling-03,squashel__1051200__threequarter__sparkling-3.webp,Squashel__1051200__ThreeQuarter__Sparkling-03.webp,Images/Squashel__1051200__ThreeQuarter__Sparkling-03.webp
Squashel,squashel,1051200,1051200,,threequarter,sparkling-4,Sparkling-04,squashel__1051200__threequarter__sparkling-4.webp,Squashel__1051200__ThreeQuarter__Sparkling-04.webp,Images/Squashel__1051200__ThreeQuarter__Sparkling-04.webp
Squashel,squashel,1051200,1051200,,threequarter,sparkling-5,Sparkling-05,squashel__1051200__threequarter__sparkling-5.webp,Squashel__1051200__ThreeQuarter__Sparkling-05.webp,Images/Squashel__1051200__ThreeQuarter__Sparkling-05.webp
Squashel,squashel,1051200,1051200,,threequarter,sparkling-6,Sparkling-06,squashel__1051200__threequarter__sparkling-6.webp,Squashel__1051200__ThreeQuarter__Sparkling-06.webp,Images/Squashel__1051200__ThreeQuarter__Sparkling-06.webp
Squashel,squashel,1051200,1051200,,threequarter,sparkling-7,Sparkling-07,squashel__1051200__threequarter__sparkling-7.webp,Squashel__1051200__ThreeQuarter__Sparkling-07.webp,Images/Squashel__1051200__ThreeQuarter__Sparkling-07.webp
Squashel,squashel,1051200,1051200,,threequarter,sparkling-8,Sparkling-08,squashel__1051200__threequarter__sparkling-8.webp,Squashel__1051200__ThreeQuarter__Sparkling-08.webp,Images/Squashel__1051200__ThreeQuarter__Sparkling-08.webp
Squashel,squashel,1051200,1051200,,threequarter,sparkling-9,Sparkling-09,squashel__1051200__threequarter__sparkling-9.webp,Squashel__1051200__ThreeQuarter__Sparkling-09.webp,Images/Squashel__1051200__ThreeQuarter__Sparkling-09.webp
Squashel,squashel,1051200,1051200,,threequarter,sparkling-10,Sparkling-10,squashel__1051200__threequarter__sparkling-10.webp,Squashel__1051200__ThreeQuarter__Sparkling-10.webp,Images/Squashel__1051200__ThreeQuarter__Sparkling-10.webp
Squashel,squashel,1051200,1051200,,threequarter,sparkling-11,Sparkling-11,squashel__1051200__threequarter__sparkling-11.webp,Squashel__1051200__ThreeQuarter__Sparkling-11.webp,Images/Squashel__1051200__ThreeQuarter__Sparkling-11.webp
Squashel,squashel,1051200,1051200,,threequarter,sparkling-12,Sparkling-12,squashel__1051200__threequarter__sparkling-12.webp,Squashel__1051200__ThreeQuarter__Sparkling-12.webp,Images/Squashel__1051200__ThreeQuarter__Sparkling-12.webp
Squashel,squashel,1051200,1051200,,threequarter,umbral,Umbral,squashel__1051200__threequarter__umbral.webp,Squashel__1051200__ThreeQuarter__Umbral.webp,Images/Squashel__1051200__ThreeQuarter__Umbral.webp
Stellarys,stellarys,1001200,1001200,,threequarter,normal,Normal,stellarys__1001200__threequarter__normal.webp,Stellarys__1001200__ThreeQuarter__Normal.webp,Images/Stellarys__1001200__ThreeQuarter__Normal.webp
Stellarys,stellarys,1001200,1001200,,threequarter,sparkling-1,Sparkling-01,stellarys__1001200__threequarter__sparkling-1.webp,Stellarys__1001200__ThreeQuarter__Sparkling-01.webp,Images/Stellarys__1001200__ThreeQuarter__Sparkling-01.webp
Stellarys,stellarys,1001200,1001200,,threequarter,sparkling-2,Sparkling-02,stellarys__1001200__threequarter__sparkling-2.webp,Stellarys__1001200__ThreeQuarter__Sparkling-02.webp,Images/Stellarys__1001200__ThreeQuarter__Sparkling-02.webp
Stellarys,stellarys,1001200,1001200,,threequarter,sparkling-3,Sparkling-03,stellarys__1001200__threequarter__sparkling-3.webp,Stellarys__1001200__ThreeQuarter__Sparkling-03.webp,Images/Stellarys__1001200__ThreeQuarter__Sparkling-03.webp
Stellarys,stellarys,1001200,1001200,,threequarter,sparkling-4,Sparkling-04,stellarys__1001200__threequarter__sparkling-4.webp,Stellarys__1001200__ThreeQuarter__Sparkling-04.webp,Images/Stellarys__1001200__ThreeQuarter__Sparkling-04.webp
Stellarys,stellarys,1001200,1001200,,threequarter,sparkling-5,Sparkling-05,stellarys__1001200__threequarter__sparkling-5.webp,Stellarys__1001200__ThreeQuarter__Sparkling-05.webp,Images/Stellarys__1001200__ThreeQuarter__Sparkling-05.webp
Stellarys,stellarys,1001200,1001200,,threequarter,sparkling-6,Sparkling-06,stellarys__1001200__threequarter__sparkling-6.webp,Stellarys__1001200__ThreeQuarter__Sparkling-06.webp,Images/Stellarys__1001200__ThreeQuarter__Sparkling-06.webp
Stellarys,stellarys,1001200,1001200,,threequarter,sparkling-7,Sparkling-07,stellarys__1001200__threequarter__sparkling-7.webp,Stellarys__1001200__ThreeQuarter__Sparkling-07.webp,Images/Stellarys__1001200__ThreeQuarter__Sparkling-07.webp
Stellarys,stellarys,1001200,1001200,,threequarter,sparkling-8,Sparkling-08,stellarys__1001200__threequarter__sparkling-8.webp,Stellarys__1001200__ThreeQuarter__Sparkling-08.webp,Images/Stellarys__1001200__ThreeQuarter__Sparkling-08.webp
Stellarys,stellarys,1001200,1001200,,threequarter,sparkling-9,Sparkling-09,stellarys__1001200__threequarter__sparkling-9.webp,Stellarys__1001200__ThreeQuarter__Sparkling-09.webp,Images/Stellarys__1001200__ThreeQuarter__Sparkling-09.webp
Stellarys,stellarys,1001200,1001200,,threequarter,sparkling-10,Sparkling-10,stellarys__1001200__threequarter__sparkling-10.webp,Stellarys__1001200__ThreeQuarter__Sparkling-10.webp,Images/Stellarys__1001200__ThreeQuarter__Sparkling-10.webp
Stellarys,stellarys,1001200,1001200,,threequarter,sparkling-11,Sparkling-11,stellarys__1001200__threequarter__sparkling-11.webp,Stellarys__1001200__ThreeQuarter__Sparkling-11.webp,Images/Stellarys__1001200__ThreeQuarter__Sparkling-11.webp
Stellarys,stellarys,1001200,1001200,,threequarter,sparkling-12,Sparkling-12,stellarys__1001200__threequarter__sparkling-12.webp,Stellarys__1001200__ThreeQuarter__Sparkling-12.webp,Images/Stellarys__1001200__ThreeQuarter__Sparkling-12.webp
Stellarys,stellarys,1001200,1001200,,threequarter,umbral,Umbral,stellarys__1001200__threequarter__umbral.webp,Stellarys__1001200__ThreeQuarter__Umbral.webp,Images/Stellarys__1001200__ThreeQuarter__Umbral.webp
Stellarys,stellarys,1001201,1001201,,threequarter,normal,Normal,stellarys__1001201__threequarter__normal.webp,Stellarys__1001201__ThreeQuarter__Normal.webp,Images/Stellarys__1001201__ThreeQuarter__Normal.webp
Stellarys,stellarys,1001201,1001201,,threequarter,sparkling-1,Sparkling-01,stellarys__1001201__threequarter__sparkling-1.webp,Stellarys__1001201__ThreeQuarter__Sparkling-01.webp,Images/Stellarys__1001201__ThreeQuarter__Sparkling-01.webp
Stellarys,stellarys,1001201,1001201,,threequarter,sparkling-2,Sparkling-02,stellarys__1001201__threequarter__sparkling-2.webp,Stellarys__1001201__ThreeQuarter__Sparkling-02.webp,Images/Stellarys__1001201__ThreeQuarter__Sparkling-02.webp
Stellarys,stellarys,1001201,1001201,,threequarter,sparkling-3,Sparkling-03,stellarys__1001201__threequarter__sparkling-3.webp,Stellarys__1001201__ThreeQuarter__Sparkling-03.webp,Images/Stellarys__1001201__ThreeQuarter__Sparkling-03.webp
Stellarys,stellarys,1001201,1001201,,threequarter,sparkling-4,Sparkling-04,stellarys__1001201__threequarter__sparkling-4.webp,Stellarys__1001201__ThreeQuarter__Sparkling-04.webp,Images/Stellarys__1001201__ThreeQuarter__Sparkling-04.webp
Stellarys,stellarys,1001201,1001201,,threequarter,sparkling-5,Sparkling-05,stellarys__1001201__threequarter__sparkling-5.webp,Stellarys__1001201__ThreeQuarter__Sparkling-05.webp,Images/Stellarys__1001201__ThreeQuarter__Sparkling-05.webp
Stellarys,stellarys,1001201,1001201,,threequarter,sparkling-6,Sparkling-06,stellarys__1001201__threequarter__sparkling-6.webp,Stellarys__1001201__ThreeQuarter__Sparkling-06.webp,Images/Stellarys__1001201__ThreeQuarter__Sparkling-06.webp
Stellarys,stellarys,1001201,1001201,,threequarter,sparkling-7,Sparkling-07,stellarys__1001201__threequarter__sparkling-7.webp,Stellarys__1001201__ThreeQuarter__Sparkling-07.webp,Images/Stellarys__1001201__ThreeQuarter__Sparkling-07.webp
Stellarys,stellarys,1001201,1001201,,threequarter,sparkling-8,Sparkling-08,stellarys__1001201__threequarter__sparkling-8.webp,Stellarys__1001201__ThreeQuarter__Sparkling-08.webp,Images/Stellarys__1001201__ThreeQuarter__Sparkling-08.webp
Stellarys,stellarys,1001201,1001201,,threequarter,sparkling-9,Sparkling-09,stellarys__1001201__threequarter__sparkling-9.webp,Stellarys__1001201__ThreeQuarter__Sparkling-09.webp,Images/Stellarys__1001201__ThreeQuarter__Sparkling-09.webp
Stellarys,stellarys,1001201,1001201,,threequarter,sparkling-10,Sparkling-10,stellarys__1001201__threequarter__sparkling-10.webp,Stellarys__1001201__ThreeQuarter__Sparkling-10.webp,Images/Stellarys__1001201__ThreeQuarter__Sparkling-10.webp
Stellarys,stellarys,1001201,1001201,,threequarter,sparkling-11,Sparkling-11,stellarys__1001201__threequarter__sparkling-11.webp,Stellarys__1001201__ThreeQuarter__Sparkling-11.webp,Images/Stellarys__1001201__ThreeQuarter__Sparkling-11.webp
Stellarys,stellarys,1001201,1001201,,threequarter,sparkling-12,Sparkling-12,stellarys__1001201__threequarter__sparkling-12.webp,Stellarys__1001201__ThreeQuarter__Sparkling-12.webp,Images/Stellarys__1001201__ThreeQuarter__Sparkling-12.webp
Stellarys,stellarys,1001201,1001201,,threequarter,umbral,Umbral,stellarys__1001201__threequarter__umbral.webp,Stellarys__1001201__ThreeQuarter__Umbral.webp,Images/Stellarys__1001201__ThreeQuarter__Umbral.webp
Stellarys,stellarys,1001202,1001202,,threequarter,normal,Normal,stellarys__1001202__threequarter__normal.webp,Stellarys__1001202__ThreeQuarter__Normal.webp,Images/Stellarys__1001202__ThreeQuarter__Normal.webp
Stellarys,stellarys,1001202,1001202,,threequarter,sparkling-1,Sparkling-01,stellarys__1001202__threequarter__sparkling-1.webp,Stellarys__1001202__ThreeQuarter__Sparkling-01.webp,Images/Stellarys__1001202__ThreeQuarter__Sparkling-01.webp
Stellarys,stellarys,1001202,1001202,,threequarter,sparkling-2,Sparkling-02,stellarys__1001202__threequarter__sparkling-2.webp,Stellarys__1001202__ThreeQuarter__Sparkling-02.webp,Images/Stellarys__1001202__ThreeQuarter__Sparkling-02.webp
Stellarys,stellarys,1001202,1001202,,threequarter,sparkling-3,Sparkling-03,stellarys__1001202__threequarter__sparkling-3.webp,Stellarys__1001202__ThreeQuarter__Sparkling-03.webp,Images/Stellarys__1001202__ThreeQuarter__Sparkling-03.webp
Stellarys,stellarys,1001202,1001202,,threequarter,sparkling-4,Sparkling-04,stellarys__1001202__threequarter__sparkling-4.webp,Stellarys__1001202__ThreeQuarter__Sparkling-04.webp,Images/Stellarys__1001202__ThreeQuarter__Sparkling-04.webp
Stellarys,stellarys,1001202,1001202,,threequarter,sparkling-5,Sparkling-05,stellarys__1001202__threequarter__sparkling-5.webp,Stellarys__1001202__ThreeQuarter__Sparkling-05.webp,Images/Stellarys__1001202__ThreeQuarter__Sparkling-05.webp
Stellarys,stellarys,1001202,1001202,,threequarter,sparkling-6,Sparkling-06,stellarys__1001202__threequarter__sparkling-6.webp,Stellarys__1001202__ThreeQuarter__Sparkling-06.webp,Images/Stellarys__1001202__ThreeQuarter__Sparkling-06.webp
Stellarys,stellarys,1001202,1001202,,threequarter,sparkling-7,Sparkling-07,stellarys__1001202__threequarter__sparkling-7.webp,Stellarys__1001202__ThreeQuarter__Sparkling-07.webp,Images/Stellarys__1001202__ThreeQuarter__Sparkling-07.webp
Stellarys,stellarys,1001202,1001202,,threequarter,sparkling-8,Sparkling-08,stellarys__1001202__threequarter__sparkling-8.webp,Stellarys__1001202__ThreeQuarter__Sparkling-08.webp,Images/Stellarys__1001202__ThreeQuarter__Sparkling-08.webp
Stellarys,stellarys,1001202,1001202,,threequarter,sparkling-9,Sparkling-09,stellarys__1001202__threequarter__sparkling-9.webp,Stellarys__1001202__ThreeQuarter__Sparkling-09.webp,Images/Stellarys__1001202__ThreeQuarter__Sparkling-09.webp
Stellarys,stellarys,1001202,1001202,,threequarter,sparkling-10,Sparkling-10,stellarys__1001202__threequarter__sparkling-10.webp,Stellarys__1001202__ThreeQuarter__Sparkling-10.webp,Images/Stellarys__1001202__ThreeQuarter__Sparkling-10.webp
Stellarys,stellarys,1001202,1001202,,threequarter,sparkling-11,Sparkling-11,stellarys__1001202__threequarter__sparkling-11.webp,Stellarys__1001202__ThreeQuarter__Sparkling-11.webp,Images/Stellarys__1001202__ThreeQuarter__Sparkling-11.webp
Stellarys,stellarys,1001202,1001202,,threequarter,sparkling-12,Sparkling-12,stellarys__1001202__threequarter__sparkling-12.webp,Stellarys__1001202__ThreeQuarter__Sparkling-12.webp,Images/Stellarys__1001202__ThreeQuarter__Sparkling-12.webp
Susuta,susuta,1017100,1017100,,threequarter,normal,Normal,susuta__1017100__threequarter__normal.webp,Susuta__1017100__ThreeQuarter__Normal.webp,Images/Susuta__1017100__ThreeQuarter__Normal.webp
Susuta,susuta,1017100,1017100,,threequarter,sparkling-1,Sparkling-01,susuta__1017100__threequarter__sparkling-1.webp,Susuta__1017100__ThreeQuarter__Sparkling-01.webp,Images/Susuta__1017100__ThreeQuarter__Sparkling-01.webp
Susuta,susuta,1017100,1017100,,threequarter,sparkling-2,Sparkling-02,susuta__1017100__threequarter__sparkling-2.webp,Susuta__1017100__ThreeQuarter__Sparkling-02.webp,Images/Susuta__1017100__ThreeQuarter__Sparkling-02.webp
Susuta,susuta,1017100,1017100,,threequarter,sparkling-3,Sparkling-03,susuta__1017100__threequarter__sparkling-3.webp,Susuta__1017100__ThreeQuarter__Sparkling-03.webp,Images/Susuta__1017100__ThreeQuarter__Sparkling-03.webp
Susuta,susuta,1017100,1017100,,threequarter,sparkling-4,Sparkling-04,susuta__1017100__threequarter__sparkling-4.webp,Susuta__1017100__ThreeQuarter__Sparkling-04.webp,Images/Susuta__1017100__ThreeQuarter__Sparkling-04.webp
Susuta,susuta,1017100,1017100,,threequarter,sparkling-5,Sparkling-05,susuta__1017100__threequarter__sparkling-5.webp,Susuta__1017100__ThreeQuarter__Sparkling-05.webp,Images/Susuta__1017100__ThreeQuarter__Sparkling-05.webp
Susuta,susuta,1017100,1017100,,threequarter,sparkling-6,Sparkling-06,susuta__1017100__threequarter__sparkling-6.webp,Susuta__1017100__ThreeQuarter__Sparkling-06.webp,Images/Susuta__1017100__ThreeQuarter__Sparkling-06.webp
Susuta,susuta,1017100,1017100,,threequarter,sparkling-7,Sparkling-07,susuta__1017100__threequarter__sparkling-7.webp,Susuta__1017100__ThreeQuarter__Sparkling-07.webp,Images/Susuta__1017100__ThreeQuarter__Sparkling-07.webp
Susuta,susuta,1017100,1017100,,threequarter,sparkling-8,Sparkling-08,susuta__1017100__threequarter__sparkling-8.webp,Susuta__1017100__ThreeQuarter__Sparkling-08.webp,Images/Susuta__1017100__ThreeQuarter__Sparkling-08.webp
Susuta,susuta,1017100,1017100,,threequarter,sparkling-9,Sparkling-09,susuta__1017100__threequarter__sparkling-9.webp,Susuta__1017100__ThreeQuarter__Sparkling-09.webp,Images/Susuta__1017100__ThreeQuarter__Sparkling-09.webp
Susuta,susuta,1017100,1017100,,threequarter,sparkling-10,Sparkling-10,susuta__1017100__threequarter__sparkling-10.webp,Susuta__1017100__ThreeQuarter__Sparkling-10.webp,Images/Susuta__1017100__ThreeQuarter__Sparkling-10.webp
Susuta,susuta,1017100,1017100,,threequarter,sparkling-11,Sparkling-11,susuta__1017100__threequarter__sparkling-11.webp,Susuta__1017100__ThreeQuarter__Sparkling-11.webp,Images/Susuta__1017100__ThreeQuarter__Sparkling-11.webp
Susuta,susuta,1017100,1017100,,threequarter,sparkling-12,Sparkling-12,susuta__1017100__threequarter__sparkling-12.webp,Susuta__1017100__ThreeQuarter__Sparkling-12.webp,Images/Susuta__1017100__ThreeQuarter__Sparkling-12.webp
Susuta,susuta,1017100,1017100,,threequarter,umbral,Umbral,susuta__1017100__threequarter__umbral.webp,Susuta__1017100__ThreeQuarter__Umbral.webp,Images/Susuta__1017100__ThreeQuarter__Umbral.webp
Susuta,susuta,1017101,1017101,,threequarter,normal,Normal,susuta__1017101__threequarter__normal.webp,Susuta__1017101__ThreeQuarter__Normal.webp,Images/Susuta__1017101__ThreeQuarter__Normal.webp
Susuta,susuta,1017101,1017101,,threequarter,sparkling-1,Sparkling-01,susuta__1017101__threequarter__sparkling-1.webp,Susuta__1017101__ThreeQuarter__Sparkling-01.webp,Images/Susuta__1017101__ThreeQuarter__Sparkling-01.webp
Susuta,susuta,1017101,1017101,,threequarter,sparkling-2,Sparkling-02,susuta__1017101__threequarter__sparkling-2.webp,Susuta__1017101__ThreeQuarter__Sparkling-02.webp,Images/Susuta__1017101__ThreeQuarter__Sparkling-02.webp
Susuta,susuta,1017101,1017101,,threequarter,sparkling-3,Sparkling-03,susuta__1017101__threequarter__sparkling-3.webp,Susuta__1017101__ThreeQuarter__Sparkling-03.webp,Images/Susuta__1017101__ThreeQuarter__Sparkling-03.webp
Susuta,susuta,1017101,1017101,,threequarter,sparkling-4,Sparkling-04,susuta__1017101__threequarter__sparkling-4.webp,Susuta__1017101__ThreeQuarter__Sparkling-04.webp,Images/Susuta__1017101__ThreeQuarter__Sparkling-04.webp
Susuta,susuta,1017101,1017101,,threequarter,sparkling-5,Sparkling-05,susuta__1017101__threequarter__sparkling-5.webp,Susuta__1017101__ThreeQuarter__Sparkling-05.webp,Images/Susuta__1017101__ThreeQuarter__Sparkling-05.webp
Susuta,susuta,1017101,1017101,,threequarter,sparkling-6,Sparkling-06,susuta__1017101__threequarter__sparkling-6.webp,Susuta__1017101__ThreeQuarter__Sparkling-06.webp,Images/Susuta__1017101__ThreeQuarter__Sparkling-06.webp
Susuta,susuta,1017101,1017101,,threequarter,sparkling-7,Sparkling-07,susuta__1017101__threequarter__sparkling-7.webp,Susuta__1017101__ThreeQuarter__Sparkling-07.webp,Images/Susuta__1017101__ThreeQuarter__Sparkling-07.webp
Susuta,susuta,1017101,1017101,,threequarter,sparkling-8,Sparkling-08,susuta__1017101__threequarter__sparkling-8.webp,Susuta__1017101__ThreeQuarter__Sparkling-08.webp,Images/Susuta__1017101__ThreeQuarter__Sparkling-08.webp
Susuta,susuta,1017101,1017101,,threequarter,sparkling-9,Sparkling-09,susuta__1017101__threequarter__sparkling-9.webp,Susuta__1017101__ThreeQuarter__Sparkling-09.webp,Images/Susuta__1017101__ThreeQuarter__Sparkling-09.webp
Susuta,susuta,1017101,1017101,,threequarter,sparkling-10,Sparkling-10,susuta__1017101__threequarter__sparkling-10.webp,Susuta__1017101__ThreeQuarter__Sparkling-10.webp,Images/Susuta__1017101__ThreeQuarter__Sparkling-10.webp
Susuta,susuta,1017101,1017101,,threequarter,sparkling-11,Sparkling-11,susuta__1017101__threequarter__sparkling-11.webp,Susuta__1017101__ThreeQuarter__Sparkling-11.webp,Images/Susuta__1017101__ThreeQuarter__Sparkling-11.webp
Susuta,susuta,1017101,1017101,,threequarter,sparkling-12,Sparkling-12,susuta__1017101__threequarter__sparkling-12.webp,Susuta__1017101__ThreeQuarter__Sparkling-12.webp,Images/Susuta__1017101__ThreeQuarter__Sparkling-12.webp
Susuta,susuta,1017101,1017101,,threequarter,umbral,Umbral,susuta__1017101__threequarter__umbral.webp,Susuta__1017101__ThreeQuarter__Umbral.webp,Images/Susuta__1017101__ThreeQuarter__Umbral.webp
Thornblade,thornblade,1032300,1032300,,threequarter,normal,Normal,thornblade__1032300__threequarter__normal.webp,Thornblade__1032300__ThreeQuarter__Normal.webp,Images/Thornblade__1032300__ThreeQuarter__Normal.webp
Thornblade,thornblade,1032300,1032300,,threequarter,sparkling-1,Sparkling-01,thornblade__1032300__threequarter__sparkling-1.webp,Thornblade__1032300__ThreeQuarter__Sparkling-01.webp,Images/Thornblade__1032300__ThreeQuarter__Sparkling-01.webp
Thornblade,thornblade,1032300,1032300,,threequarter,sparkling-2,Sparkling-02,thornblade__1032300__threequarter__sparkling-2.webp,Thornblade__1032300__ThreeQuarter__Sparkling-02.webp,Images/Thornblade__1032300__ThreeQuarter__Sparkling-02.webp
Thornblade,thornblade,1032300,1032300,,threequarter,sparkling-3,Sparkling-03,thornblade__1032300__threequarter__sparkling-3.webp,Thornblade__1032300__ThreeQuarter__Sparkling-03.webp,Images/Thornblade__1032300__ThreeQuarter__Sparkling-03.webp
Thornblade,thornblade,1032300,1032300,,threequarter,sparkling-4,Sparkling-04,thornblade__1032300__threequarter__sparkling-4.webp,Thornblade__1032300__ThreeQuarter__Sparkling-04.webp,Images/Thornblade__1032300__ThreeQuarter__Sparkling-04.webp
Thornblade,thornblade,1032300,1032300,,threequarter,sparkling-5,Sparkling-05,thornblade__1032300__threequarter__sparkling-5.webp,Thornblade__1032300__ThreeQuarter__Sparkling-05.webp,Images/Thornblade__1032300__ThreeQuarter__Sparkling-05.webp
Thornblade,thornblade,1032300,1032300,,threequarter,sparkling-6,Sparkling-06,thornblade__1032300__threequarter__sparkling-6.webp,Thornblade__1032300__ThreeQuarter__Sparkling-06.webp,Images/Thornblade__1032300__ThreeQuarter__Sparkling-06.webp
Thornblade,thornblade,1032300,1032300,,threequarter,sparkling-7,Sparkling-07,thornblade__1032300__threequarter__sparkling-7.webp,Thornblade__1032300__ThreeQuarter__Sparkling-07.webp,Images/Thornblade__1032300__ThreeQuarter__Sparkling-07.webp
Thornblade,thornblade,1032300,1032300,,threequarter,sparkling-8,Sparkling-08,thornblade__1032300__threequarter__sparkling-8.webp,Thornblade__1032300__ThreeQuarter__Sparkling-08.webp,Images/Thornblade__1032300__ThreeQuarter__Sparkling-08.webp
Thornblade,thornblade,1032300,1032300,,threequarter,sparkling-9,Sparkling-09,thornblade__1032300__threequarter__sparkling-9.webp,Thornblade__1032300__ThreeQuarter__Sparkling-09.webp,Images/Thornblade__1032300__ThreeQuarter__Sparkling-09.webp
Thornblade,thornblade,1032300,1032300,,threequarter,sparkling-10,Sparkling-10,thornblade__1032300__threequarter__sparkling-10.webp,Thornblade__1032300__ThreeQuarter__Sparkling-10.webp,Images/Thornblade__1032300__ThreeQuarter__Sparkling-10.webp
Thornblade,thornblade,1032300,1032300,,threequarter,sparkling-11,Sparkling-11,thornblade__1032300__threequarter__sparkling-11.webp,Thornblade__1032300__ThreeQuarter__Sparkling-11.webp,Images/Thornblade__1032300__ThreeQuarter__Sparkling-11.webp
Thornblade,thornblade,1032300,1032300,,threequarter,sparkling-12,Sparkling-12,thornblade__1032300__threequarter__sparkling-12.webp,Thornblade__1032300__ThreeQuarter__Sparkling-12.webp,Images/Thornblade__1032300__ThreeQuarter__Sparkling-12.webp
Thornblade,thornblade,1032300,1032300,,threequarter,umbral,Umbral,thornblade__1032300__threequarter__umbral.webp,Thornblade__1032300__ThreeQuarter__Umbral.webp,Images/Thornblade__1032300__ThreeQuarter__Umbral.webp
Thornblade,thornblade,1032301,1032301,,threequarter,normal,Normal,thornblade__1032301__threequarter__normal.webp,Thornblade__1032301__ThreeQuarter__Normal.webp,Images/Thornblade__1032301__ThreeQuarter__Normal.webp
Thornblade,thornblade,1032301,1032301,,threequarter,sparkling-1,Sparkling-01,thornblade__1032301__threequarter__sparkling-1.webp,Thornblade__1032301__ThreeQuarter__Sparkling-01.webp,Images/Thornblade__1032301__ThreeQuarter__Sparkling-01.webp
Thornblade,thornblade,1032301,1032301,,threequarter,sparkling-2,Sparkling-02,thornblade__1032301__threequarter__sparkling-2.webp,Thornblade__1032301__ThreeQuarter__Sparkling-02.webp,Images/Thornblade__1032301__ThreeQuarter__Sparkling-02.webp
Thornblade,thornblade,1032301,1032301,,threequarter,sparkling-3,Sparkling-03,thornblade__1032301__threequarter__sparkling-3.webp,Thornblade__1032301__ThreeQuarter__Sparkling-03.webp,Images/Thornblade__1032301__ThreeQuarter__Sparkling-03.webp
Thornblade,thornblade,1032301,1032301,,threequarter,sparkling-4,Sparkling-04,thornblade__1032301__threequarter__sparkling-4.webp,Thornblade__1032301__ThreeQuarter__Sparkling-04.webp,Images/Thornblade__1032301__ThreeQuarter__Sparkling-04.webp
Thornblade,thornblade,1032301,1032301,,threequarter,sparkling-5,Sparkling-05,thornblade__1032301__threequarter__sparkling-5.webp,Thornblade__1032301__ThreeQuarter__Sparkling-05.webp,Images/Thornblade__1032301__ThreeQuarter__Sparkling-05.webp
Thornblade,thornblade,1032301,1032301,,threequarter,sparkling-6,Sparkling-06,thornblade__1032301__threequarter__sparkling-6.webp,Thornblade__1032301__ThreeQuarter__Sparkling-06.webp,Images/Thornblade__1032301__ThreeQuarter__Sparkling-06.webp
Thornblade,thornblade,1032301,1032301,,threequarter,sparkling-7,Sparkling-07,thornblade__1032301__threequarter__sparkling-7.webp,Thornblade__1032301__ThreeQuarter__Sparkling-07.webp,Images/Thornblade__1032301__ThreeQuarter__Sparkling-07.webp
Thornblade,thornblade,1032301,1032301,,threequarter,sparkling-8,Sparkling-08,thornblade__1032301__threequarter__sparkling-8.webp,Thornblade__1032301__ThreeQuarter__Sparkling-08.webp,Images/Thornblade__1032301__ThreeQuarter__Sparkling-08.webp
Thornblade,thornblade,1032301,1032301,,threequarter,sparkling-9,Sparkling-09,thornblade__1032301__threequarter__sparkling-9.webp,Thornblade__1032301__ThreeQuarter__Sparkling-09.webp,Images/Thornblade__1032301__ThreeQuarter__Sparkling-09.webp
Thornblade,thornblade,1032301,1032301,,threequarter,sparkling-10,Sparkling-10,thornblade__1032301__threequarter__sparkling-10.webp,Thornblade__1032301__ThreeQuarter__Sparkling-10.webp,Images/Thornblade__1032301__ThreeQuarter__Sparkling-10.webp
Thornblade,thornblade,1032301,1032301,,threequarter,sparkling-11,Sparkling-11,thornblade__1032301__threequarter__sparkling-11.webp,Thornblade__1032301__ThreeQuarter__Sparkling-11.webp,Images/Thornblade__1032301__ThreeQuarter__Sparkling-11.webp
Thornblade,thornblade,1032301,1032301,,threequarter,sparkling-12,Sparkling-12,thornblade__1032301__threequarter__sparkling-12.webp,Thornblade__1032301__ThreeQuarter__Sparkling-12.webp,Images/Thornblade__1032301__ThreeQuarter__Sparkling-12.webp
Thornblade,thornblade,1032301,1032301,,threequarter,umbral,Umbral,thornblade__1032301__threequarter__umbral.webp,Thornblade__1032301__ThreeQuarter__Umbral.webp,Images/Thornblade__1032301__ThreeQuarter__Umbral.webp
Thornblade,thornblade,1032302,1032302,,threequarter,normal,Normal,thornblade__1032302__threequarter__normal.webp,Thornblade__1032302__ThreeQuarter__Normal.webp,Images/Thornblade__1032302__ThreeQuarter__Normal.webp
Thornblade,thornblade,1032302,1032302,,threequarter,sparkling-1,Sparkling-01,thornblade__1032302__threequarter__sparkling-1.webp,Thornblade__1032302__ThreeQuarter__Sparkling-01.webp,Images/Thornblade__1032302__ThreeQuarter__Sparkling-01.webp
Thornblade,thornblade,1032302,1032302,,threequarter,sparkling-2,Sparkling-02,thornblade__1032302__threequarter__sparkling-2.webp,Thornblade__1032302__ThreeQuarter__Sparkling-02.webp,Images/Thornblade__1032302__ThreeQuarter__Sparkling-02.webp
Thornblade,thornblade,1032302,1032302,,threequarter,sparkling-3,Sparkling-03,thornblade__1032302__threequarter__sparkling-3.webp,Thornblade__1032302__ThreeQuarter__Sparkling-03.webp,Images/Thornblade__1032302__ThreeQuarter__Sparkling-03.webp
Thornblade,thornblade,1032302,1032302,,threequarter,sparkling-4,Sparkling-04,thornblade__1032302__threequarter__sparkling-4.webp,Thornblade__1032302__ThreeQuarter__Sparkling-04.webp,Images/Thornblade__1032302__ThreeQuarter__Sparkling-04.webp
Thornblade,thornblade,1032302,1032302,,threequarter,sparkling-5,Sparkling-05,thornblade__1032302__threequarter__sparkling-5.webp,Thornblade__1032302__ThreeQuarter__Sparkling-05.webp,Images/Thornblade__1032302__ThreeQuarter__Sparkling-05.webp
Thornblade,thornblade,1032302,1032302,,threequarter,sparkling-6,Sparkling-06,thornblade__1032302__threequarter__sparkling-6.webp,Thornblade__1032302__ThreeQuarter__Sparkling-06.webp,Images/Thornblade__1032302__ThreeQuarter__Sparkling-06.webp
Thornblade,thornblade,1032302,1032302,,threequarter,sparkling-7,Sparkling-07,thornblade__1032302__threequarter__sparkling-7.webp,Thornblade__1032302__ThreeQuarter__Sparkling-07.webp,Images/Thornblade__1032302__ThreeQuarter__Sparkling-07.webp
Thornblade,thornblade,1032302,1032302,,threequarter,sparkling-8,Sparkling-08,thornblade__1032302__threequarter__sparkling-8.webp,Thornblade__1032302__ThreeQuarter__Sparkling-08.webp,Images/Thornblade__1032302__ThreeQuarter__Sparkling-08.webp
Thornblade,thornblade,1032302,1032302,,threequarter,sparkling-9,Sparkling-09,thornblade__1032302__threequarter__sparkling-9.webp,Thornblade__1032302__ThreeQuarter__Sparkling-09.webp,Images/Thornblade__1032302__ThreeQuarter__Sparkling-09.webp
Thornblade,thornblade,1032302,1032302,,threequarter,sparkling-10,Sparkling-10,thornblade__1032302__threequarter__sparkling-10.webp,Thornblade__1032302__ThreeQuarter__Sparkling-10.webp,Images/Thornblade__1032302__ThreeQuarter__Sparkling-10.webp
Thornblade,thornblade,1032302,1032302,,threequarter,sparkling-11,Sparkling-11,thornblade__1032302__threequarter__sparkling-11.webp,Thornblade__1032302__ThreeQuarter__Sparkling-11.webp,Images/Thornblade__1032302__ThreeQuarter__Sparkling-11.webp
Thornblade,thornblade,1032302,1032302,,threequarter,sparkling-12,Sparkling-12,thornblade__1032302__threequarter__sparkling-12.webp,Thornblade__1032302__ThreeQuarter__Sparkling-12.webp,Images/Thornblade__1032302__ThreeQuarter__Sparkling-12.webp
Thornblade,thornblade,1032303,1032303,,threequarter,normal,Normal,thornblade__1032303__threequarter__normal.webp,Thornblade__1032303__ThreeQuarter__Normal.webp,Images/Thornblade__1032303__ThreeQuarter__Normal.webp
Thornblade,thornblade,1032303,1032303,,threequarter,sparkling-1,Sparkling-01,thornblade__1032303__threequarter__sparkling-1.webp,Thornblade__1032303__ThreeQuarter__Sparkling-01.webp,Images/Thornblade__1032303__ThreeQuarter__Sparkling-01.webp
Thornblade,thornblade,1032303,1032303,,threequarter,sparkling-2,Sparkling-02,thornblade__1032303__threequarter__sparkling-2.webp,Thornblade__1032303__ThreeQuarter__Sparkling-02.webp,Images/Thornblade__1032303__ThreeQuarter__Sparkling-02.webp
Thornblade,thornblade,1032303,1032303,,threequarter,sparkling-3,Sparkling-03,thornblade__1032303__threequarter__sparkling-3.webp,Thornblade__1032303__ThreeQuarter__Sparkling-03.webp,Images/Thornblade__1032303__ThreeQuarter__Sparkling-03.webp
Thornblade,thornblade,1032303,1032303,,threequarter,sparkling-4,Sparkling-04,thornblade__1032303__threequarter__sparkling-4.webp,Thornblade__1032303__ThreeQuarter__Sparkling-04.webp,Images/Thornblade__1032303__ThreeQuarter__Sparkling-04.webp
Thornblade,thornblade,1032303,1032303,,threequarter,sparkling-5,Sparkling-05,thornblade__1032303__threequarter__sparkling-5.webp,Thornblade__1032303__ThreeQuarter__Sparkling-05.webp,Images/Thornblade__1032303__ThreeQuarter__Sparkling-05.webp
Thornblade,thornblade,1032303,1032303,,threequarter,sparkling-6,Sparkling-06,thornblade__1032303__threequarter__sparkling-6.webp,Thornblade__1032303__ThreeQuarter__Sparkling-06.webp,Images/Thornblade__1032303__ThreeQuarter__Sparkling-06.webp
Thornblade,thornblade,1032303,1032303,,threequarter,sparkling-7,Sparkling-07,thornblade__1032303__threequarter__sparkling-7.webp,Thornblade__1032303__ThreeQuarter__Sparkling-07.webp,Images/Thornblade__1032303__ThreeQuarter__Sparkling-07.webp
Thornblade,thornblade,1032303,1032303,,threequarter,sparkling-8,Sparkling-08,thornblade__1032303__threequarter__sparkling-8.webp,Thornblade__1032303__ThreeQuarter__Sparkling-08.webp,Images/Thornblade__1032303__ThreeQuarter__Sparkling-08.webp
Thornblade,thornblade,1032303,1032303,,threequarter,sparkling-9,Sparkling-09,thornblade__1032303__threequarter__sparkling-9.webp,Thornblade__1032303__ThreeQuarter__Sparkling-09.webp,Images/Thornblade__1032303__ThreeQuarter__Sparkling-09.webp
Thornblade,thornblade,1032303,1032303,,threequarter,sparkling-10,Sparkling-10,thornblade__1032303__threequarter__sparkling-10.webp,Thornblade__1032303__ThreeQuarter__Sparkling-10.webp,Images/Thornblade__1032303__ThreeQuarter__Sparkling-10.webp
Thornblade,thornblade,1032303,1032303,,threequarter,sparkling-11,Sparkling-11,thornblade__1032303__threequarter__sparkling-11.webp,Thornblade__1032303__ThreeQuarter__Sparkling-11.webp,Images/Thornblade__1032303__ThreeQuarter__Sparkling-11.webp
Thornblade,thornblade,1032303,1032303,,threequarter,sparkling-12,Sparkling-12,thornblade__1032303__threequarter__sparkling-12.webp,Thornblade__1032303__ThreeQuarter__Sparkling-12.webp,Images/Thornblade__1032303__ThreeQuarter__Sparkling-12.webp
Thornblade,thornblade,1032303,1032303,,threequarter,umbral,Umbral,thornblade__1032303__threequarter__umbral.webp,Thornblade__1032303__ThreeQuarter__Umbral.webp,Images/Thornblade__1032303__ThreeQuarter__Umbral.webp
Tromber,tromber,1018400,1018400,,threequarter,normal,Normal,tromber__1018400__threequarter__normal.webp,Tromber__1018400__ThreeQuarter__Normal.webp,Images/Tromber__1018400__ThreeQuarter__Normal.webp
Tromber,tromber,1018400,1018400,,threequarter,sparkling-1,Sparkling-01,tromber__1018400__threequarter__sparkling-1.webp,Tromber__1018400__ThreeQuarter__Sparkling-01.webp,Images/Tromber__1018400__ThreeQuarter__Sparkling-01.webp
Tromber,tromber,1018400,1018400,,threequarter,sparkling-2,Sparkling-02,tromber__1018400__threequarter__sparkling-2.webp,Tromber__1018400__ThreeQuarter__Sparkling-02.webp,Images/Tromber__1018400__ThreeQuarter__Sparkling-02.webp
Tromber,tromber,1018400,1018400,,threequarter,sparkling-3,Sparkling-03,tromber__1018400__threequarter__sparkling-3.webp,Tromber__1018400__ThreeQuarter__Sparkling-03.webp,Images/Tromber__1018400__ThreeQuarter__Sparkling-03.webp
Tromber,tromber,1018400,1018400,,threequarter,sparkling-4,Sparkling-04,tromber__1018400__threequarter__sparkling-4.webp,Tromber__1018400__ThreeQuarter__Sparkling-04.webp,Images/Tromber__1018400__ThreeQuarter__Sparkling-04.webp
Tromber,tromber,1018400,1018400,,threequarter,sparkling-5,Sparkling-05,tromber__1018400__threequarter__sparkling-5.webp,Tromber__1018400__ThreeQuarter__Sparkling-05.webp,Images/Tromber__1018400__ThreeQuarter__Sparkling-05.webp
Tromber,tromber,1018400,1018400,,threequarter,sparkling-6,Sparkling-06,tromber__1018400__threequarter__sparkling-6.webp,Tromber__1018400__ThreeQuarter__Sparkling-06.webp,Images/Tromber__1018400__ThreeQuarter__Sparkling-06.webp
Tromber,tromber,1018400,1018400,,threequarter,sparkling-7,Sparkling-07,tromber__1018400__threequarter__sparkling-7.webp,Tromber__1018400__ThreeQuarter__Sparkling-07.webp,Images/Tromber__1018400__ThreeQuarter__Sparkling-07.webp
Tromber,tromber,1018400,1018400,,threequarter,sparkling-8,Sparkling-08,tromber__1018400__threequarter__sparkling-8.webp,Tromber__1018400__ThreeQuarter__Sparkling-08.webp,Images/Tromber__1018400__ThreeQuarter__Sparkling-08.webp
Tromber,tromber,1018400,1018400,,threequarter,sparkling-9,Sparkling-09,tromber__1018400__threequarter__sparkling-9.webp,Tromber__1018400__ThreeQuarter__Sparkling-09.webp,Images/Tromber__1018400__ThreeQuarter__Sparkling-09.webp
Tromber,tromber,1018400,1018400,,threequarter,sparkling-10,Sparkling-10,tromber__1018400__threequarter__sparkling-10.webp,Tromber__1018400__ThreeQuarter__Sparkling-10.webp,Images/Tromber__1018400__ThreeQuarter__Sparkling-10.webp
Tromber,tromber,1018400,1018400,,threequarter,sparkling-11,Sparkling-11,tromber__1018400__threequarter__sparkling-11.webp,Tromber__1018400__ThreeQuarter__Sparkling-11.webp,Images/Tromber__1018400__ThreeQuarter__Sparkling-11.webp
Tromber,tromber,1018400,1018400,,threequarter,sparkling-12,Sparkling-12,tromber__1018400__threequarter__sparkling-12.webp,Tromber__1018400__ThreeQuarter__Sparkling-12.webp,Images/Tromber__1018400__ThreeQuarter__Sparkling-12.webp
Tromber,tromber,1018400,1018400,,threequarter,umbral,Umbral,tromber__1018400__threequarter__umbral.webp,Tromber__1018400__ThreeQuarter__Umbral.webp,Images/Tromber__1018400__ThreeQuarter__Umbral.webp
Tromber,tromber,1018401,1018401,,threequarter,normal,Normal,tromber__1018401__threequarter__normal.webp,Tromber__1018401__ThreeQuarter__Normal.webp,Images/Tromber__1018401__ThreeQuarter__Normal.webp
Tromber,tromber,1018401,1018401,,threequarter,sparkling-1,Sparkling-01,tromber__1018401__threequarter__sparkling-1.webp,Tromber__1018401__ThreeQuarter__Sparkling-01.webp,Images/Tromber__1018401__ThreeQuarter__Sparkling-01.webp
Tromber,tromber,1018401,1018401,,threequarter,sparkling-2,Sparkling-02,tromber__1018401__threequarter__sparkling-2.webp,Tromber__1018401__ThreeQuarter__Sparkling-02.webp,Images/Tromber__1018401__ThreeQuarter__Sparkling-02.webp
Tromber,tromber,1018401,1018401,,threequarter,sparkling-3,Sparkling-03,tromber__1018401__threequarter__sparkling-3.webp,Tromber__1018401__ThreeQuarter__Sparkling-03.webp,Images/Tromber__1018401__ThreeQuarter__Sparkling-03.webp
Tromber,tromber,1018401,1018401,,threequarter,sparkling-4,Sparkling-04,tromber__1018401__threequarter__sparkling-4.webp,Tromber__1018401__ThreeQuarter__Sparkling-04.webp,Images/Tromber__1018401__ThreeQuarter__Sparkling-04.webp
Tromber,tromber,1018401,1018401,,threequarter,sparkling-5,Sparkling-05,tromber__1018401__threequarter__sparkling-5.webp,Tromber__1018401__ThreeQuarter__Sparkling-05.webp,Images/Tromber__1018401__ThreeQuarter__Sparkling-05.webp
Tromber,tromber,1018401,1018401,,threequarter,sparkling-6,Sparkling-06,tromber__1018401__threequarter__sparkling-6.webp,Tromber__1018401__ThreeQuarter__Sparkling-06.webp,Images/Tromber__1018401__ThreeQuarter__Sparkling-06.webp
Tromber,tromber,1018401,1018401,,threequarter,sparkling-7,Sparkling-07,tromber__1018401__threequarter__sparkling-7.webp,Tromber__1018401__ThreeQuarter__Sparkling-07.webp,Images/Tromber__1018401__ThreeQuarter__Sparkling-07.webp
Tromber,tromber,1018401,1018401,,threequarter,sparkling-8,Sparkling-08,tromber__1018401__threequarter__sparkling-8.webp,Tromber__1018401__ThreeQuarter__Sparkling-08.webp,Images/Tromber__1018401__ThreeQuarter__Sparkling-08.webp
Tromber,tromber,1018401,1018401,,threequarter,sparkling-9,Sparkling-09,tromber__1018401__threequarter__sparkling-9.webp,Tromber__1018401__ThreeQuarter__Sparkling-09.webp,Images/Tromber__1018401__ThreeQuarter__Sparkling-09.webp
Tromber,tromber,1018401,1018401,,threequarter,sparkling-10,Sparkling-10,tromber__1018401__threequarter__sparkling-10.webp,Tromber__1018401__ThreeQuarter__Sparkling-10.webp,Images/Tromber__1018401__ThreeQuarter__Sparkling-10.webp
Tromber,tromber,1018401,1018401,,threequarter,sparkling-11,Sparkling-11,tromber__1018401__threequarter__sparkling-11.webp,Tromber__1018401__ThreeQuarter__Sparkling-11.webp,Images/Tromber__1018401__ThreeQuarter__Sparkling-11.webp
Tromber,tromber,1018401,1018401,,threequarter,sparkling-12,Sparkling-12,tromber__1018401__threequarter__sparkling-12.webp,Tromber__1018401__ThreeQuarter__Sparkling-12.webp,Images/Tromber__1018401__ThreeQuarter__Sparkling-12.webp
Tromber,tromber,1018401,1018401,,threequarter,umbral,Umbral,tromber__1018401__threequarter__umbral.webp,Tromber__1018401__ThreeQuarter__Umbral.webp,Images/Tromber__1018401__ThreeQuarter__Umbral.webp
Tromber,tromber,1018403,1018403,,threequarter,normal,Normal,tromber__1018403__threequarter__normal.webp,Tromber__1018403__ThreeQuarter__Normal.webp,Images/Tromber__1018403__ThreeQuarter__Normal.webp
Tromber,tromber,1018403,1018403,,threequarter,sparkling-1,Sparkling-01,tromber__1018403__threequarter__sparkling-1.webp,Tromber__1018403__ThreeQuarter__Sparkling-01.webp,Images/Tromber__1018403__ThreeQuarter__Sparkling-01.webp
Tromber,tromber,1018403,1018403,,threequarter,sparkling-2,Sparkling-02,tromber__1018403__threequarter__sparkling-2.webp,Tromber__1018403__ThreeQuarter__Sparkling-02.webp,Images/Tromber__1018403__ThreeQuarter__Sparkling-02.webp
Tromber,tromber,1018403,1018403,,threequarter,sparkling-3,Sparkling-03,tromber__1018403__threequarter__sparkling-3.webp,Tromber__1018403__ThreeQuarter__Sparkling-03.webp,Images/Tromber__1018403__ThreeQuarter__Sparkling-03.webp
Tromber,tromber,1018403,1018403,,threequarter,sparkling-4,Sparkling-04,tromber__1018403__threequarter__sparkling-4.webp,Tromber__1018403__ThreeQuarter__Sparkling-04.webp,Images/Tromber__1018403__ThreeQuarter__Sparkling-04.webp
Tromber,tromber,1018403,1018403,,threequarter,sparkling-5,Sparkling-05,tromber__1018403__threequarter__sparkling-5.webp,Tromber__1018403__ThreeQuarter__Sparkling-05.webp,Images/Tromber__1018403__ThreeQuarter__Sparkling-05.webp
Tromber,tromber,1018403,1018403,,threequarter,sparkling-6,Sparkling-06,tromber__1018403__threequarter__sparkling-6.webp,Tromber__1018403__ThreeQuarter__Sparkling-06.webp,Images/Tromber__1018403__ThreeQuarter__Sparkling-06.webp
Tromber,tromber,1018403,1018403,,threequarter,sparkling-7,Sparkling-07,tromber__1018403__threequarter__sparkling-7.webp,Tromber__1018403__ThreeQuarter__Sparkling-07.webp,Images/Tromber__1018403__ThreeQuarter__Sparkling-07.webp
Tromber,tromber,1018403,1018403,,threequarter,sparkling-8,Sparkling-08,tromber__1018403__threequarter__sparkling-8.webp,Tromber__1018403__ThreeQuarter__Sparkling-08.webp,Images/Tromber__1018403__ThreeQuarter__Sparkling-08.webp
Tromber,tromber,1018403,1018403,,threequarter,sparkling-9,Sparkling-09,tromber__1018403__threequarter__sparkling-9.webp,Tromber__1018403__ThreeQuarter__Sparkling-09.webp,Images/Tromber__1018403__ThreeQuarter__Sparkling-09.webp
Tromber,tromber,1018403,1018403,,threequarter,sparkling-10,Sparkling-10,tromber__1018403__threequarter__sparkling-10.webp,Tromber__1018403__ThreeQuarter__Sparkling-10.webp,Images/Tromber__1018403__ThreeQuarter__Sparkling-10.webp
Tromber,tromber,1018403,1018403,,threequarter,sparkling-11,Sparkling-11,tromber__1018403__threequarter__sparkling-11.webp,Tromber__1018403__ThreeQuarter__Sparkling-11.webp,Images/Tromber__1018403__ThreeQuarter__Sparkling-11.webp
Tromber,tromber,1018403,1018403,,threequarter,sparkling-12,Sparkling-12,tromber__1018403__threequarter__sparkling-12.webp,Tromber__1018403__ThreeQuarter__Sparkling-12.webp,Images/Tromber__1018403__ThreeQuarter__Sparkling-12.webp
Tromber,tromber,1018403,1018403,,threequarter,umbral,Umbral,tromber__1018403__threequarter__umbral.webp,Tromber__1018403__ThreeQuarter__Umbral.webp,Images/Tromber__1018403__ThreeQuarter__Umbral.webp
Tubster,tubster,1018700,1018700,,threequarter,normal,Normal,tubster__1018700__threequarter__normal.webp,Tubster__1018700__ThreeQuarter__Normal.webp,Images/Tubster__1018700__ThreeQuarter__Normal.webp
Tubster,tubster,1018700,1018700,,threequarter,sparkling-1,Sparkling-01,tubster__1018700__threequarter__sparkling-1.webp,Tubster__1018700__ThreeQuarter__Sparkling-01.webp,Images/Tubster__1018700__ThreeQuarter__Sparkling-01.webp
Tubster,tubster,1018700,1018700,,threequarter,sparkling-2,Sparkling-02,tubster__1018700__threequarter__sparkling-2.webp,Tubster__1018700__ThreeQuarter__Sparkling-02.webp,Images/Tubster__1018700__ThreeQuarter__Sparkling-02.webp
Tubster,tubster,1018700,1018700,,threequarter,sparkling-3,Sparkling-03,tubster__1018700__threequarter__sparkling-3.webp,Tubster__1018700__ThreeQuarter__Sparkling-03.webp,Images/Tubster__1018700__ThreeQuarter__Sparkling-03.webp
Tubster,tubster,1018700,1018700,,threequarter,sparkling-4,Sparkling-04,tubster__1018700__threequarter__sparkling-4.webp,Tubster__1018700__ThreeQuarter__Sparkling-04.webp,Images/Tubster__1018700__ThreeQuarter__Sparkling-04.webp
Tubster,tubster,1018700,1018700,,threequarter,sparkling-5,Sparkling-05,tubster__1018700__threequarter__sparkling-5.webp,Tubster__1018700__ThreeQuarter__Sparkling-05.webp,Images/Tubster__1018700__ThreeQuarter__Sparkling-05.webp
Tubster,tubster,1018700,1018700,,threequarter,sparkling-6,Sparkling-06,tubster__1018700__threequarter__sparkling-6.webp,Tubster__1018700__ThreeQuarter__Sparkling-06.webp,Images/Tubster__1018700__ThreeQuarter__Sparkling-06.webp
Tubster,tubster,1018700,1018700,,threequarter,sparkling-7,Sparkling-07,tubster__1018700__threequarter__sparkling-7.webp,Tubster__1018700__ThreeQuarter__Sparkling-07.webp,Images/Tubster__1018700__ThreeQuarter__Sparkling-07.webp
Tubster,tubster,1018700,1018700,,threequarter,sparkling-8,Sparkling-08,tubster__1018700__threequarter__sparkling-8.webp,Tubster__1018700__ThreeQuarter__Sparkling-08.webp,Images/Tubster__1018700__ThreeQuarter__Sparkling-08.webp
Tubster,tubster,1018700,1018700,,threequarter,sparkling-9,Sparkling-09,tubster__1018700__threequarter__sparkling-9.webp,Tubster__1018700__ThreeQuarter__Sparkling-09.webp,Images/Tubster__1018700__ThreeQuarter__Sparkling-09.webp
Tubster,tubster,1018700,1018700,,threequarter,sparkling-10,Sparkling-10,tubster__1018700__threequarter__sparkling-10.webp,Tubster__1018700__ThreeQuarter__Sparkling-10.webp,Images/Tubster__1018700__ThreeQuarter__Sparkling-10.webp
Tubster,tubster,1018700,1018700,,threequarter,sparkling-11,Sparkling-11,tubster__1018700__threequarter__sparkling-11.webp,Tubster__1018700__ThreeQuarter__Sparkling-11.webp,Images/Tubster__1018700__ThreeQuarter__Sparkling-11.webp
Tubster,tubster,1018700,1018700,,threequarter,sparkling-12,Sparkling-12,tubster__1018700__threequarter__sparkling-12.webp,Tubster__1018700__ThreeQuarter__Sparkling-12.webp,Images/Tubster__1018700__ThreeQuarter__Sparkling-12.webp
Tubster,tubster,1018700,1018700,,threequarter,umbral,Umbral,tubster__1018700__threequarter__umbral.webp,Tubster__1018700__ThreeQuarter__Umbral.webp,Images/Tubster__1018700__ThreeQuarter__Umbral.webp
Tubster,tubster,1018701,1018701,,threequarter,normal,Normal,tubster__1018701__threequarter__normal.webp,Tubster__1018701__ThreeQuarter__Normal.webp,Images/Tubster__1018701__ThreeQuarter__Normal.webp
Tubster,tubster,1018701,1018701,,threequarter,sparkling-1,Sparkling-01,tubster__1018701__threequarter__sparkling-1.webp,Tubster__1018701__ThreeQuarter__Sparkling-01.webp,Images/Tubster__1018701__ThreeQuarter__Sparkling-01.webp
Tubster,tubster,1018701,1018701,,threequarter,sparkling-2,Sparkling-02,tubster__1018701__threequarter__sparkling-2.webp,Tubster__1018701__ThreeQuarter__Sparkling-02.webp,Images/Tubster__1018701__ThreeQuarter__Sparkling-02.webp
Tubster,tubster,1018701,1018701,,threequarter,sparkling-3,Sparkling-03,tubster__1018701__threequarter__sparkling-3.webp,Tubster__1018701__ThreeQuarter__Sparkling-03.webp,Images/Tubster__1018701__ThreeQuarter__Sparkling-03.webp
Tubster,tubster,1018701,1018701,,threequarter,sparkling-4,Sparkling-04,tubster__1018701__threequarter__sparkling-4.webp,Tubster__1018701__ThreeQuarter__Sparkling-04.webp,Images/Tubster__1018701__ThreeQuarter__Sparkling-04.webp
Tubster,tubster,1018701,1018701,,threequarter,sparkling-5,Sparkling-05,tubster__1018701__threequarter__sparkling-5.webp,Tubster__1018701__ThreeQuarter__Sparkling-05.webp,Images/Tubster__1018701__ThreeQuarter__Sparkling-05.webp
Tubster,tubster,1018701,1018701,,threequarter,sparkling-6,Sparkling-06,tubster__1018701__threequarter__sparkling-6.webp,Tubster__1018701__ThreeQuarter__Sparkling-06.webp,Images/Tubster__1018701__ThreeQuarter__Sparkling-06.webp
Tubster,tubster,1018701,1018701,,threequarter,sparkling-7,Sparkling-07,tubster__1018701__threequarter__sparkling-7.webp,Tubster__1018701__ThreeQuarter__Sparkling-07.webp,Images/Tubster__1018701__ThreeQuarter__Sparkling-07.webp
Tubster,tubster,1018701,1018701,,threequarter,sparkling-8,Sparkling-08,tubster__1018701__threequarter__sparkling-8.webp,Tubster__1018701__ThreeQuarter__Sparkling-08.webp,Images/Tubster__1018701__ThreeQuarter__Sparkling-08.webp
Tubster,tubster,1018701,1018701,,threequarter,sparkling-9,Sparkling-09,tubster__1018701__threequarter__sparkling-9.webp,Tubster__1018701__ThreeQuarter__Sparkling-09.webp,Images/Tubster__1018701__ThreeQuarter__Sparkling-09.webp
Tubster,tubster,1018701,1018701,,threequarter,sparkling-10,Sparkling-10,tubster__1018701__threequarter__sparkling-10.webp,Tubster__1018701__ThreeQuarter__Sparkling-10.webp,Images/Tubster__1018701__ThreeQuarter__Sparkling-10.webp
Tubster,tubster,1018701,1018701,,threequarter,sparkling-11,Sparkling-11,tubster__1018701__threequarter__sparkling-11.webp,Tubster__1018701__ThreeQuarter__Sparkling-11.webp,Images/Tubster__1018701__ThreeQuarter__Sparkling-11.webp
Tubster,tubster,1018701,1018701,,threequarter,sparkling-12,Sparkling-12,tubster__1018701__threequarter__sparkling-12.webp,Tubster__1018701__ThreeQuarter__Sparkling-12.webp,Images/Tubster__1018701__ThreeQuarter__Sparkling-12.webp
Tubster,tubster,1018701,1018701,,threequarter,umbral,Umbral,tubster__1018701__threequarter__umbral.webp,Tubster__1018701__ThreeQuarter__Umbral.webp,Images/Tubster__1018701__ThreeQuarter__Umbral.webp
Tubster,tubster,1018703,1018703,,threequarter,normal,Normal,tubster__1018703__threequarter__normal.webp,Tubster__1018703__ThreeQuarter__Normal.webp,Images/Tubster__1018703__ThreeQuarter__Normal.webp
Tubster,tubster,1018703,1018703,,threequarter,sparkling-1,Sparkling-01,tubster__1018703__threequarter__sparkling-1.webp,Tubster__1018703__ThreeQuarter__Sparkling-01.webp,Images/Tubster__1018703__ThreeQuarter__Sparkling-01.webp
Tubster,tubster,1018703,1018703,,threequarter,sparkling-2,Sparkling-02,tubster__1018703__threequarter__sparkling-2.webp,Tubster__1018703__ThreeQuarter__Sparkling-02.webp,Images/Tubster__1018703__ThreeQuarter__Sparkling-02.webp
Tubster,tubster,1018703,1018703,,threequarter,sparkling-3,Sparkling-03,tubster__1018703__threequarter__sparkling-3.webp,Tubster__1018703__ThreeQuarter__Sparkling-03.webp,Images/Tubster__1018703__ThreeQuarter__Sparkling-03.webp
Tubster,tubster,1018703,1018703,,threequarter,sparkling-4,Sparkling-04,tubster__1018703__threequarter__sparkling-4.webp,Tubster__1018703__ThreeQuarter__Sparkling-04.webp,Images/Tubster__1018703__ThreeQuarter__Sparkling-04.webp
Tubster,tubster,1018703,1018703,,threequarter,sparkling-5,Sparkling-05,tubster__1018703__threequarter__sparkling-5.webp,Tubster__1018703__ThreeQuarter__Sparkling-05.webp,Images/Tubster__1018703__ThreeQuarter__Sparkling-05.webp
Tubster,tubster,1018703,1018703,,threequarter,sparkling-6,Sparkling-06,tubster__1018703__threequarter__sparkling-6.webp,Tubster__1018703__ThreeQuarter__Sparkling-06.webp,Images/Tubster__1018703__ThreeQuarter__Sparkling-06.webp
Tubster,tubster,1018703,1018703,,threequarter,sparkling-7,Sparkling-07,tubster__1018703__threequarter__sparkling-7.webp,Tubster__1018703__ThreeQuarter__Sparkling-07.webp,Images/Tubster__1018703__ThreeQuarter__Sparkling-07.webp
Tubster,tubster,1018703,1018703,,threequarter,sparkling-8,Sparkling-08,tubster__1018703__threequarter__sparkling-8.webp,Tubster__1018703__ThreeQuarter__Sparkling-08.webp,Images/Tubster__1018703__ThreeQuarter__Sparkling-08.webp
Tubster,tubster,1018703,1018703,,threequarter,sparkling-9,Sparkling-09,tubster__1018703__threequarter__sparkling-9.webp,Tubster__1018703__ThreeQuarter__Sparkling-09.webp,Images/Tubster__1018703__ThreeQuarter__Sparkling-09.webp
Tubster,tubster,1018703,1018703,,threequarter,sparkling-10,Sparkling-10,tubster__1018703__threequarter__sparkling-10.webp,Tubster__1018703__ThreeQuarter__Sparkling-10.webp,Images/Tubster__1018703__ThreeQuarter__Sparkling-10.webp
Tubster,tubster,1018703,1018703,,threequarter,sparkling-11,Sparkling-11,tubster__1018703__threequarter__sparkling-11.webp,Tubster__1018703__ThreeQuarter__Sparkling-11.webp,Images/Tubster__1018703__ThreeQuarter__Sparkling-11.webp
Tubster,tubster,1018703,1018703,,threequarter,sparkling-12,Sparkling-12,tubster__1018703__threequarter__sparkling-12.webp,Tubster__1018703__ThreeQuarter__Sparkling-12.webp,Images/Tubster__1018703__ThreeQuarter__Sparkling-12.webp
Tubster,tubster,1018703,1018703,,threequarter,umbral,Umbral,tubster__1018703__threequarter__umbral.webp,Tubster__1018703__ThreeQuarter__Umbral.webp,Images/Tubster__1018703__ThreeQuarter__Umbral.webp
Tuckin,tuckin,1020700,1020700,,threequarter,normal,Normal,tuckin__1020700__threequarter__normal.webp,Tuckin__1020700__ThreeQuarter__Normal.webp,Images/Tuckin__1020700__ThreeQuarter__Normal.webp
Tuckin,tuckin,1020700,1020700,,threequarter,sparkling-1,Sparkling-01,tuckin__1020700__threequarter__sparkling-1.webp,Tuckin__1020700__ThreeQuarter__Sparkling-01.webp,Images/Tuckin__1020700__ThreeQuarter__Sparkling-01.webp
Tuckin,tuckin,1020700,1020700,,threequarter,sparkling-2,Sparkling-02,tuckin__1020700__threequarter__sparkling-2.webp,Tuckin__1020700__ThreeQuarter__Sparkling-02.webp,Images/Tuckin__1020700__ThreeQuarter__Sparkling-02.webp
Tuckin,tuckin,1020700,1020700,,threequarter,sparkling-3,Sparkling-03,tuckin__1020700__threequarter__sparkling-3.webp,Tuckin__1020700__ThreeQuarter__Sparkling-03.webp,Images/Tuckin__1020700__ThreeQuarter__Sparkling-03.webp
Tuckin,tuckin,1020700,1020700,,threequarter,sparkling-4,Sparkling-04,tuckin__1020700__threequarter__sparkling-4.webp,Tuckin__1020700__ThreeQuarter__Sparkling-04.webp,Images/Tuckin__1020700__ThreeQuarter__Sparkling-04.webp
Tuckin,tuckin,1020700,1020700,,threequarter,sparkling-5,Sparkling-05,tuckin__1020700__threequarter__sparkling-5.webp,Tuckin__1020700__ThreeQuarter__Sparkling-05.webp,Images/Tuckin__1020700__ThreeQuarter__Sparkling-05.webp
Tuckin,tuckin,1020700,1020700,,threequarter,sparkling-6,Sparkling-06,tuckin__1020700__threequarter__sparkling-6.webp,Tuckin__1020700__ThreeQuarter__Sparkling-06.webp,Images/Tuckin__1020700__ThreeQuarter__Sparkling-06.webp
Tuckin,tuckin,1020700,1020700,,threequarter,sparkling-7,Sparkling-07,tuckin__1020700__threequarter__sparkling-7.webp,Tuckin__1020700__ThreeQuarter__Sparkling-07.webp,Images/Tuckin__1020700__ThreeQuarter__Sparkling-07.webp
Tuckin,tuckin,1020700,1020700,,threequarter,sparkling-8,Sparkling-08,tuckin__1020700__threequarter__sparkling-8.webp,Tuckin__1020700__ThreeQuarter__Sparkling-08.webp,Images/Tuckin__1020700__ThreeQuarter__Sparkling-08.webp
Tuckin,tuckin,1020700,1020700,,threequarter,sparkling-9,Sparkling-09,tuckin__1020700__threequarter__sparkling-9.webp,Tuckin__1020700__ThreeQuarter__Sparkling-09.webp,Images/Tuckin__1020700__ThreeQuarter__Sparkling-09.webp
Tuckin,tuckin,1020700,1020700,,threequarter,sparkling-10,Sparkling-10,tuckin__1020700__threequarter__sparkling-10.webp,Tuckin__1020700__ThreeQuarter__Sparkling-10.webp,Images/Tuckin__1020700__ThreeQuarter__Sparkling-10.webp
Tuckin,tuckin,1020700,1020700,,threequarter,sparkling-11,Sparkling-11,tuckin__1020700__threequarter__sparkling-11.webp,Tuckin__1020700__ThreeQuarter__Sparkling-11.webp,Images/Tuckin__1020700__ThreeQuarter__Sparkling-11.webp
Tuckin,tuckin,1020700,1020700,,threequarter,sparkling-12,Sparkling-12,tuckin__1020700__threequarter__sparkling-12.webp,Tuckin__1020700__ThreeQuarter__Sparkling-12.webp,Images/Tuckin__1020700__ThreeQuarter__Sparkling-12.webp
Tuckin,tuckin,1020700,1020700,,threequarter,umbral,Umbral,tuckin__1020700__threequarter__umbral.webp,Tuckin__1020700__ThreeQuarter__Umbral.webp,Images/Tuckin__1020700__ThreeQuarter__Umbral.webp
Tuckin,tuckin,1020701,1020701,,threequarter,normal,Normal,tuckin__1020701__threequarter__normal.webp,Tuckin__1020701__ThreeQuarter__Normal.webp,Images/Tuckin__1020701__ThreeQuarter__Normal.webp
Tuckin,tuckin,1020701,1020701,,threequarter,sparkling-1,Sparkling-01,tuckin__1020701__threequarter__sparkling-1.webp,Tuckin__1020701__ThreeQuarter__Sparkling-01.webp,Images/Tuckin__1020701__ThreeQuarter__Sparkling-01.webp
Tuckin,tuckin,1020701,1020701,,threequarter,sparkling-2,Sparkling-02,tuckin__1020701__threequarter__sparkling-2.webp,Tuckin__1020701__ThreeQuarter__Sparkling-02.webp,Images/Tuckin__1020701__ThreeQuarter__Sparkling-02.webp
Tuckin,tuckin,1020701,1020701,,threequarter,sparkling-3,Sparkling-03,tuckin__1020701__threequarter__sparkling-3.webp,Tuckin__1020701__ThreeQuarter__Sparkling-03.webp,Images/Tuckin__1020701__ThreeQuarter__Sparkling-03.webp
Tuckin,tuckin,1020701,1020701,,threequarter,sparkling-4,Sparkling-04,tuckin__1020701__threequarter__sparkling-4.webp,Tuckin__1020701__ThreeQuarter__Sparkling-04.webp,Images/Tuckin__1020701__ThreeQuarter__Sparkling-04.webp
Tuckin,tuckin,1020701,1020701,,threequarter,sparkling-5,Sparkling-05,tuckin__1020701__threequarter__sparkling-5.webp,Tuckin__1020701__ThreeQuarter__Sparkling-05.webp,Images/Tuckin__1020701__ThreeQuarter__Sparkling-05.webp
Tuckin,tuckin,1020701,1020701,,threequarter,sparkling-6,Sparkling-06,tuckin__1020701__threequarter__sparkling-6.webp,Tuckin__1020701__ThreeQuarter__Sparkling-06.webp,Images/Tuckin__1020701__ThreeQuarter__Sparkling-06.webp
Tuckin,tuckin,1020701,1020701,,threequarter,sparkling-7,Sparkling-07,tuckin__1020701__threequarter__sparkling-7.webp,Tuckin__1020701__ThreeQuarter__Sparkling-07.webp,Images/Tuckin__1020701__ThreeQuarter__Sparkling-07.webp
Tuckin,tuckin,1020701,1020701,,threequarter,sparkling-8,Sparkling-08,tuckin__1020701__threequarter__sparkling-8.webp,Tuckin__1020701__ThreeQuarter__Sparkling-08.webp,Images/Tuckin__1020701__ThreeQuarter__Sparkling-08.webp
Tuckin,tuckin,1020701,1020701,,threequarter,sparkling-9,Sparkling-09,tuckin__1020701__threequarter__sparkling-9.webp,Tuckin__1020701__ThreeQuarter__Sparkling-09.webp,Images/Tuckin__1020701__ThreeQuarter__Sparkling-09.webp
Tuckin,tuckin,1020701,1020701,,threequarter,sparkling-10,Sparkling-10,tuckin__1020701__threequarter__sparkling-10.webp,Tuckin__1020701__ThreeQuarter__Sparkling-10.webp,Images/Tuckin__1020701__ThreeQuarter__Sparkling-10.webp
Tuckin,tuckin,1020701,1020701,,threequarter,sparkling-11,Sparkling-11,tuckin__1020701__threequarter__sparkling-11.webp,Tuckin__1020701__ThreeQuarter__Sparkling-11.webp,Images/Tuckin__1020701__ThreeQuarter__Sparkling-11.webp
Tuckin,tuckin,1020701,1020701,,threequarter,sparkling-12,Sparkling-12,tuckin__1020701__threequarter__sparkling-12.webp,Tuckin__1020701__ThreeQuarter__Sparkling-12.webp,Images/Tuckin__1020701__ThreeQuarter__Sparkling-12.webp
Tuckin,tuckin,1020701,1020701,,threequarter,umbral,Umbral,tuckin__1020701__threequarter__umbral.webp,Tuckin__1020701__ThreeQuarter__Umbral.webp,Images/Tuckin__1020701__ThreeQuarter__Umbral.webp
Turbo,turbo,1026200,1026200,,threequarter,normal,Normal,turbo__1026200__threequarter__normal.webp,Turbo__1026200__ThreeQuarter__Normal.webp,Images/Turbo__1026200__ThreeQuarter__Normal.webp
Turbo,turbo,1026200,1026200,,threequarter,sparkling-1,Sparkling-01,turbo__1026200__threequarter__sparkling-1.webp,Turbo__1026200__ThreeQuarter__Sparkling-01.webp,Images/Turbo__1026200__ThreeQuarter__Sparkling-01.webp
Turbo,turbo,1026200,1026200,,threequarter,sparkling-2,Sparkling-02,turbo__1026200__threequarter__sparkling-2.webp,Turbo__1026200__ThreeQuarter__Sparkling-02.webp,Images/Turbo__1026200__ThreeQuarter__Sparkling-02.webp
Turbo,turbo,1026200,1026200,,threequarter,sparkling-3,Sparkling-03,turbo__1026200__threequarter__sparkling-3.webp,Turbo__1026200__ThreeQuarter__Sparkling-03.webp,Images/Turbo__1026200__ThreeQuarter__Sparkling-03.webp
Turbo,turbo,1026200,1026200,,threequarter,sparkling-4,Sparkling-04,turbo__1026200__threequarter__sparkling-4.webp,Turbo__1026200__ThreeQuarter__Sparkling-04.webp,Images/Turbo__1026200__ThreeQuarter__Sparkling-04.webp
Turbo,turbo,1026200,1026200,,threequarter,sparkling-5,Sparkling-05,turbo__1026200__threequarter__sparkling-5.webp,Turbo__1026200__ThreeQuarter__Sparkling-05.webp,Images/Turbo__1026200__ThreeQuarter__Sparkling-05.webp
Turbo,turbo,1026200,1026200,,threequarter,sparkling-6,Sparkling-06,turbo__1026200__threequarter__sparkling-6.webp,Turbo__1026200__ThreeQuarter__Sparkling-06.webp,Images/Turbo__1026200__ThreeQuarter__Sparkling-06.webp
Turbo,turbo,1026200,1026200,,threequarter,sparkling-7,Sparkling-07,turbo__1026200__threequarter__sparkling-7.webp,Turbo__1026200__ThreeQuarter__Sparkling-07.webp,Images/Turbo__1026200__ThreeQuarter__Sparkling-07.webp
Turbo,turbo,1026200,1026200,,threequarter,sparkling-8,Sparkling-08,turbo__1026200__threequarter__sparkling-8.webp,Turbo__1026200__ThreeQuarter__Sparkling-08.webp,Images/Turbo__1026200__ThreeQuarter__Sparkling-08.webp
Turbo,turbo,1026200,1026200,,threequarter,sparkling-9,Sparkling-09,turbo__1026200__threequarter__sparkling-9.webp,Turbo__1026200__ThreeQuarter__Sparkling-09.webp,Images/Turbo__1026200__ThreeQuarter__Sparkling-09.webp
Turbo,turbo,1026200,1026200,,threequarter,sparkling-10,Sparkling-10,turbo__1026200__threequarter__sparkling-10.webp,Turbo__1026200__ThreeQuarter__Sparkling-10.webp,Images/Turbo__1026200__ThreeQuarter__Sparkling-10.webp
Turbo,turbo,1026200,1026200,,threequarter,sparkling-11,Sparkling-11,turbo__1026200__threequarter__sparkling-11.webp,Turbo__1026200__ThreeQuarter__Sparkling-11.webp,Images/Turbo__1026200__ThreeQuarter__Sparkling-11.webp
Turbo,turbo,1026200,1026200,,threequarter,sparkling-12,Sparkling-12,turbo__1026200__threequarter__sparkling-12.webp,Turbo__1026200__ThreeQuarter__Sparkling-12.webp,Images/Turbo__1026200__ThreeQuarter__Sparkling-12.webp
Turbo,turbo,1026200,1026200,,threequarter,umbral,Umbral,turbo__1026200__threequarter__umbral.webp,Turbo__1026200__ThreeQuarter__Umbral.webp,Images/Turbo__1026200__ThreeQuarter__Umbral.webp
Turbo,turbo,1026201,1026201,,threequarter,normal,Normal,turbo__1026201__threequarter__normal.webp,Turbo__1026201__ThreeQuarter__Normal.webp,Images/Turbo__1026201__ThreeQuarter__Normal.webp
Turbo,turbo,1026201,1026201,,threequarter,sparkling-1,Sparkling-01,turbo__1026201__threequarter__sparkling-1.webp,Turbo__1026201__ThreeQuarter__Sparkling-01.webp,Images/Turbo__1026201__ThreeQuarter__Sparkling-01.webp
Turbo,turbo,1026201,1026201,,threequarter,sparkling-2,Sparkling-02,turbo__1026201__threequarter__sparkling-2.webp,Turbo__1026201__ThreeQuarter__Sparkling-02.webp,Images/Turbo__1026201__ThreeQuarter__Sparkling-02.webp
Turbo,turbo,1026201,1026201,,threequarter,sparkling-3,Sparkling-03,turbo__1026201__threequarter__sparkling-3.webp,Turbo__1026201__ThreeQuarter__Sparkling-03.webp,Images/Turbo__1026201__ThreeQuarter__Sparkling-03.webp
Turbo,turbo,1026201,1026201,,threequarter,sparkling-4,Sparkling-04,turbo__1026201__threequarter__sparkling-4.webp,Turbo__1026201__ThreeQuarter__Sparkling-04.webp,Images/Turbo__1026201__ThreeQuarter__Sparkling-04.webp
Turbo,turbo,1026201,1026201,,threequarter,sparkling-5,Sparkling-05,turbo__1026201__threequarter__sparkling-5.webp,Turbo__1026201__ThreeQuarter__Sparkling-05.webp,Images/Turbo__1026201__ThreeQuarter__Sparkling-05.webp
Turbo,turbo,1026201,1026201,,threequarter,sparkling-6,Sparkling-06,turbo__1026201__threequarter__sparkling-6.webp,Turbo__1026201__ThreeQuarter__Sparkling-06.webp,Images/Turbo__1026201__ThreeQuarter__Sparkling-06.webp
Turbo,turbo,1026201,1026201,,threequarter,sparkling-7,Sparkling-07,turbo__1026201__threequarter__sparkling-7.webp,Turbo__1026201__ThreeQuarter__Sparkling-07.webp,Images/Turbo__1026201__ThreeQuarter__Sparkling-07.webp
Turbo,turbo,1026201,1026201,,threequarter,sparkling-8,Sparkling-08,turbo__1026201__threequarter__sparkling-8.webp,Turbo__1026201__ThreeQuarter__Sparkling-08.webp,Images/Turbo__1026201__ThreeQuarter__Sparkling-08.webp
Turbo,turbo,1026201,1026201,,threequarter,sparkling-9,Sparkling-09,turbo__1026201__threequarter__sparkling-9.webp,Turbo__1026201__ThreeQuarter__Sparkling-09.webp,Images/Turbo__1026201__ThreeQuarter__Sparkling-09.webp
Turbo,turbo,1026201,1026201,,threequarter,sparkling-10,Sparkling-10,turbo__1026201__threequarter__sparkling-10.webp,Turbo__1026201__ThreeQuarter__Sparkling-10.webp,Images/Turbo__1026201__ThreeQuarter__Sparkling-10.webp
Turbo,turbo,1026201,1026201,,threequarter,sparkling-11,Sparkling-11,turbo__1026201__threequarter__sparkling-11.webp,Turbo__1026201__ThreeQuarter__Sparkling-11.webp,Images/Turbo__1026201__ThreeQuarter__Sparkling-11.webp
Turbo,turbo,1026201,1026201,,threequarter,sparkling-12,Sparkling-12,turbo__1026201__threequarter__sparkling-12.webp,Turbo__1026201__ThreeQuarter__Sparkling-12.webp,Images/Turbo__1026201__ThreeQuarter__Sparkling-12.webp
Turbo,turbo,1026201,1026201,,threequarter,umbral,Umbral,turbo__1026201__threequarter__umbral.webp,Turbo__1026201__ThreeQuarter__Umbral.webp,Images/Turbo__1026201__ThreeQuarter__Umbral.webp
Turbo,turbo,1026202,1026202,,threequarter,normal,Normal,turbo__1026202__threequarter__normal.webp,Turbo__1026202__ThreeQuarter__Normal.webp,Images/Turbo__1026202__ThreeQuarter__Normal.webp
Turbo,turbo,1026202,1026202,,threequarter,sparkling-1,Sparkling-01,turbo__1026202__threequarter__sparkling-1.webp,Turbo__1026202__ThreeQuarter__Sparkling-01.webp,Images/Turbo__1026202__ThreeQuarter__Sparkling-01.webp
Turbo,turbo,1026202,1026202,,threequarter,sparkling-2,Sparkling-02,turbo__1026202__threequarter__sparkling-2.webp,Turbo__1026202__ThreeQuarter__Sparkling-02.webp,Images/Turbo__1026202__ThreeQuarter__Sparkling-02.webp
Turbo,turbo,1026202,1026202,,threequarter,sparkling-3,Sparkling-03,turbo__1026202__threequarter__sparkling-3.webp,Turbo__1026202__ThreeQuarter__Sparkling-03.webp,Images/Turbo__1026202__ThreeQuarter__Sparkling-03.webp
Turbo,turbo,1026202,1026202,,threequarter,sparkling-4,Sparkling-04,turbo__1026202__threequarter__sparkling-4.webp,Turbo__1026202__ThreeQuarter__Sparkling-04.webp,Images/Turbo__1026202__ThreeQuarter__Sparkling-04.webp
Turbo,turbo,1026202,1026202,,threequarter,sparkling-5,Sparkling-05,turbo__1026202__threequarter__sparkling-5.webp,Turbo__1026202__ThreeQuarter__Sparkling-05.webp,Images/Turbo__1026202__ThreeQuarter__Sparkling-05.webp
Turbo,turbo,1026202,1026202,,threequarter,sparkling-6,Sparkling-06,turbo__1026202__threequarter__sparkling-6.webp,Turbo__1026202__ThreeQuarter__Sparkling-06.webp,Images/Turbo__1026202__ThreeQuarter__Sparkling-06.webp
Turbo,turbo,1026202,1026202,,threequarter,sparkling-7,Sparkling-07,turbo__1026202__threequarter__sparkling-7.webp,Turbo__1026202__ThreeQuarter__Sparkling-07.webp,Images/Turbo__1026202__ThreeQuarter__Sparkling-07.webp
Turbo,turbo,1026202,1026202,,threequarter,sparkling-8,Sparkling-08,turbo__1026202__threequarter__sparkling-8.webp,Turbo__1026202__ThreeQuarter__Sparkling-08.webp,Images/Turbo__1026202__ThreeQuarter__Sparkling-08.webp
Turbo,turbo,1026202,1026202,,threequarter,sparkling-9,Sparkling-09,turbo__1026202__threequarter__sparkling-9.webp,Turbo__1026202__ThreeQuarter__Sparkling-09.webp,Images/Turbo__1026202__ThreeQuarter__Sparkling-09.webp
Turbo,turbo,1026202,1026202,,threequarter,sparkling-10,Sparkling-10,turbo__1026202__threequarter__sparkling-10.webp,Turbo__1026202__ThreeQuarter__Sparkling-10.webp,Images/Turbo__1026202__ThreeQuarter__Sparkling-10.webp
Turbo,turbo,1026202,1026202,,threequarter,sparkling-11,Sparkling-11,turbo__1026202__threequarter__sparkling-11.webp,Turbo__1026202__ThreeQuarter__Sparkling-11.webp,Images/Turbo__1026202__ThreeQuarter__Sparkling-11.webp
Turbo,turbo,1026202,1026202,,threequarter,sparkling-12,Sparkling-12,turbo__1026202__threequarter__sparkling-12.webp,Turbo__1026202__ThreeQuarter__Sparkling-12.webp,Images/Turbo__1026202__ThreeQuarter__Sparkling-12.webp
Turbo,turbo,1026202,1026202,,threequarter,umbral,Umbral,turbo__1026202__threequarter__umbral.webp,Turbo__1026202__ThreeQuarter__Umbral.webp,Images/Turbo__1026202__ThreeQuarter__Umbral.webp
Turbo,turbo,1026204,1026204,,threequarter,normal,Normal,turbo__1026204__threequarter__normal.webp,Turbo__1026204__ThreeQuarter__Normal.webp,Images/Turbo__1026204__ThreeQuarter__Normal.webp
Turbo,turbo,1026204,1026204,,threequarter,sparkling-1,Sparkling-01,turbo__1026204__threequarter__sparkling-1.webp,Turbo__1026204__ThreeQuarter__Sparkling-01.webp,Images/Turbo__1026204__ThreeQuarter__Sparkling-01.webp
Turbo,turbo,1026204,1026204,,threequarter,sparkling-2,Sparkling-02,turbo__1026204__threequarter__sparkling-2.webp,Turbo__1026204__ThreeQuarter__Sparkling-02.webp,Images/Turbo__1026204__ThreeQuarter__Sparkling-02.webp
Turbo,turbo,1026204,1026204,,threequarter,sparkling-3,Sparkling-03,turbo__1026204__threequarter__sparkling-3.webp,Turbo__1026204__ThreeQuarter__Sparkling-03.webp,Images/Turbo__1026204__ThreeQuarter__Sparkling-03.webp
Turbo,turbo,1026204,1026204,,threequarter,sparkling-4,Sparkling-04,turbo__1026204__threequarter__sparkling-4.webp,Turbo__1026204__ThreeQuarter__Sparkling-04.webp,Images/Turbo__1026204__ThreeQuarter__Sparkling-04.webp
Turbo,turbo,1026204,1026204,,threequarter,sparkling-5,Sparkling-05,turbo__1026204__threequarter__sparkling-5.webp,Turbo__1026204__ThreeQuarter__Sparkling-05.webp,Images/Turbo__1026204__ThreeQuarter__Sparkling-05.webp
Turbo,turbo,1026204,1026204,,threequarter,sparkling-6,Sparkling-06,turbo__1026204__threequarter__sparkling-6.webp,Turbo__1026204__ThreeQuarter__Sparkling-06.webp,Images/Turbo__1026204__ThreeQuarter__Sparkling-06.webp
Turbo,turbo,1026204,1026204,,threequarter,sparkling-7,Sparkling-07,turbo__1026204__threequarter__sparkling-7.webp,Turbo__1026204__ThreeQuarter__Sparkling-07.webp,Images/Turbo__1026204__ThreeQuarter__Sparkling-07.webp
Turbo,turbo,1026204,1026204,,threequarter,sparkling-8,Sparkling-08,turbo__1026204__threequarter__sparkling-8.webp,Turbo__1026204__ThreeQuarter__Sparkling-08.webp,Images/Turbo__1026204__ThreeQuarter__Sparkling-08.webp
Turbo,turbo,1026204,1026204,,threequarter,sparkling-9,Sparkling-09,turbo__1026204__threequarter__sparkling-9.webp,Turbo__1026204__ThreeQuarter__Sparkling-09.webp,Images/Turbo__1026204__ThreeQuarter__Sparkling-09.webp
Turbo,turbo,1026204,1026204,,threequarter,sparkling-10,Sparkling-10,turbo__1026204__threequarter__sparkling-10.webp,Turbo__1026204__ThreeQuarter__Sparkling-10.webp,Images/Turbo__1026204__ThreeQuarter__Sparkling-10.webp
Turbo,turbo,1026204,1026204,,threequarter,sparkling-11,Sparkling-11,turbo__1026204__threequarter__sparkling-11.webp,Turbo__1026204__ThreeQuarter__Sparkling-11.webp,Images/Turbo__1026204__ThreeQuarter__Sparkling-11.webp
Turbo,turbo,1026204,1026204,,threequarter,sparkling-12,Sparkling-12,turbo__1026204__threequarter__sparkling-12.webp,Turbo__1026204__ThreeQuarter__Sparkling-12.webp,Images/Turbo__1026204__ThreeQuarter__Sparkling-12.webp
Turbo,turbo,1026205,1026205,,threequarter,normal,Normal,turbo__1026205__threequarter__normal.webp,Turbo__1026205__ThreeQuarter__Normal.webp,Images/Turbo__1026205__ThreeQuarter__Normal.webp
Turbo,turbo,1026205,1026205,,threequarter,sparkling-1,Sparkling-01,turbo__1026205__threequarter__sparkling-1.webp,Turbo__1026205__ThreeQuarter__Sparkling-01.webp,Images/Turbo__1026205__ThreeQuarter__Sparkling-01.webp
Turbo,turbo,1026205,1026205,,threequarter,sparkling-2,Sparkling-02,turbo__1026205__threequarter__sparkling-2.webp,Turbo__1026205__ThreeQuarter__Sparkling-02.webp,Images/Turbo__1026205__ThreeQuarter__Sparkling-02.webp
Turbo,turbo,1026205,1026205,,threequarter,sparkling-3,Sparkling-03,turbo__1026205__threequarter__sparkling-3.webp,Turbo__1026205__ThreeQuarter__Sparkling-03.webp,Images/Turbo__1026205__ThreeQuarter__Sparkling-03.webp
Turbo,turbo,1026205,1026205,,threequarter,sparkling-4,Sparkling-04,turbo__1026205__threequarter__sparkling-4.webp,Turbo__1026205__ThreeQuarter__Sparkling-04.webp,Images/Turbo__1026205__ThreeQuarter__Sparkling-04.webp
Turbo,turbo,1026205,1026205,,threequarter,sparkling-5,Sparkling-05,turbo__1026205__threequarter__sparkling-5.webp,Turbo__1026205__ThreeQuarter__Sparkling-05.webp,Images/Turbo__1026205__ThreeQuarter__Sparkling-05.webp
Turbo,turbo,1026205,1026205,,threequarter,sparkling-6,Sparkling-06,turbo__1026205__threequarter__sparkling-6.webp,Turbo__1026205__ThreeQuarter__Sparkling-06.webp,Images/Turbo__1026205__ThreeQuarter__Sparkling-06.webp
Turbo,turbo,1026205,1026205,,threequarter,sparkling-7,Sparkling-07,turbo__1026205__threequarter__sparkling-7.webp,Turbo__1026205__ThreeQuarter__Sparkling-07.webp,Images/Turbo__1026205__ThreeQuarter__Sparkling-07.webp
Turbo,turbo,1026205,1026205,,threequarter,sparkling-8,Sparkling-08,turbo__1026205__threequarter__sparkling-8.webp,Turbo__1026205__ThreeQuarter__Sparkling-08.webp,Images/Turbo__1026205__ThreeQuarter__Sparkling-08.webp
Turbo,turbo,1026205,1026205,,threequarter,sparkling-9,Sparkling-09,turbo__1026205__threequarter__sparkling-9.webp,Turbo__1026205__ThreeQuarter__Sparkling-09.webp,Images/Turbo__1026205__ThreeQuarter__Sparkling-09.webp
Turbo,turbo,1026205,1026205,,threequarter,sparkling-10,Sparkling-10,turbo__1026205__threequarter__sparkling-10.webp,Turbo__1026205__ThreeQuarter__Sparkling-10.webp,Images/Turbo__1026205__ThreeQuarter__Sparkling-10.webp
Turbo,turbo,1026205,1026205,,threequarter,sparkling-11,Sparkling-11,turbo__1026205__threequarter__sparkling-11.webp,Turbo__1026205__ThreeQuarter__Sparkling-11.webp,Images/Turbo__1026205__ThreeQuarter__Sparkling-11.webp
Turbo,turbo,1026205,1026205,,threequarter,sparkling-12,Sparkling-12,turbo__1026205__threequarter__sparkling-12.webp,Turbo__1026205__ThreeQuarter__Sparkling-12.webp,Images/Turbo__1026205__ThreeQuarter__Sparkling-12.webp
Turbo,turbo,1026205,1026205,,threequarter,umbral,Umbral,turbo__1026205__threequarter__umbral.webp,Turbo__1026205__ThreeQuarter__Umbral.webp,Images/Turbo__1026205__ThreeQuarter__Umbral.webp
Veilfloat,veilfloat,1014200,1014200,,threequarter,normal,Normal,veilfloat__1014200__threequarter__normal.webp,Veilfloat__1014200__ThreeQuarter__Normal.webp,Images/Veilfloat__1014200__ThreeQuarter__Normal.webp
Veilfloat,veilfloat,1014200,1014200,,threequarter,sparkling-1,Sparkling-01,veilfloat__1014200__threequarter__sparkling-1.webp,Veilfloat__1014200__ThreeQuarter__Sparkling-01.webp,Images/Veilfloat__1014200__ThreeQuarter__Sparkling-01.webp
Veilfloat,veilfloat,1014200,1014200,,threequarter,sparkling-2,Sparkling-02,veilfloat__1014200__threequarter__sparkling-2.webp,Veilfloat__1014200__ThreeQuarter__Sparkling-02.webp,Images/Veilfloat__1014200__ThreeQuarter__Sparkling-02.webp
Veilfloat,veilfloat,1014200,1014200,,threequarter,sparkling-3,Sparkling-03,veilfloat__1014200__threequarter__sparkling-3.webp,Veilfloat__1014200__ThreeQuarter__Sparkling-03.webp,Images/Veilfloat__1014200__ThreeQuarter__Sparkling-03.webp
Veilfloat,veilfloat,1014200,1014200,,threequarter,sparkling-4,Sparkling-04,veilfloat__1014200__threequarter__sparkling-4.webp,Veilfloat__1014200__ThreeQuarter__Sparkling-04.webp,Images/Veilfloat__1014200__ThreeQuarter__Sparkling-04.webp
Veilfloat,veilfloat,1014200,1014200,,threequarter,sparkling-5,Sparkling-05,veilfloat__1014200__threequarter__sparkling-5.webp,Veilfloat__1014200__ThreeQuarter__Sparkling-05.webp,Images/Veilfloat__1014200__ThreeQuarter__Sparkling-05.webp
Veilfloat,veilfloat,1014200,1014200,,threequarter,sparkling-6,Sparkling-06,veilfloat__1014200__threequarter__sparkling-6.webp,Veilfloat__1014200__ThreeQuarter__Sparkling-06.webp,Images/Veilfloat__1014200__ThreeQuarter__Sparkling-06.webp
Veilfloat,veilfloat,1014200,1014200,,threequarter,sparkling-7,Sparkling-07,veilfloat__1014200__threequarter__sparkling-7.webp,Veilfloat__1014200__ThreeQuarter__Sparkling-07.webp,Images/Veilfloat__1014200__ThreeQuarter__Sparkling-07.webp
Veilfloat,veilfloat,1014200,1014200,,threequarter,sparkling-8,Sparkling-08,veilfloat__1014200__threequarter__sparkling-8.webp,Veilfloat__1014200__ThreeQuarter__Sparkling-08.webp,Images/Veilfloat__1014200__ThreeQuarter__Sparkling-08.webp
Veilfloat,veilfloat,1014200,1014200,,threequarter,sparkling-9,Sparkling-09,veilfloat__1014200__threequarter__sparkling-9.webp,Veilfloat__1014200__ThreeQuarter__Sparkling-09.webp,Images/Veilfloat__1014200__ThreeQuarter__Sparkling-09.webp
Veilfloat,veilfloat,1014200,1014200,,threequarter,sparkling-10,Sparkling-10,veilfloat__1014200__threequarter__sparkling-10.webp,Veilfloat__1014200__ThreeQuarter__Sparkling-10.webp,Images/Veilfloat__1014200__ThreeQuarter__Sparkling-10.webp
Veilfloat,veilfloat,1014200,1014200,,threequarter,sparkling-11,Sparkling-11,veilfloat__1014200__threequarter__sparkling-11.webp,Veilfloat__1014200__ThreeQuarter__Sparkling-11.webp,Images/Veilfloat__1014200__ThreeQuarter__Sparkling-11.webp
Veilfloat,veilfloat,1014200,1014200,,threequarter,sparkling-12,Sparkling-12,veilfloat__1014200__threequarter__sparkling-12.webp,Veilfloat__1014200__ThreeQuarter__Sparkling-12.webp,Images/Veilfloat__1014200__ThreeQuarter__Sparkling-12.webp
Veilfloat,veilfloat,1014200,1014200,,threequarter,umbral,Umbral,veilfloat__1014200__threequarter__umbral.webp,Veilfloat__1014200__ThreeQuarter__Umbral.webp,Images/Veilfloat__1014200__ThreeQuarter__Umbral.webp
Waleetle,waleetle,1045300,1045300,,threequarter,normal,Normal,waleetle__1045300__threequarter__normal.webp,Waleetle__1045300__ThreeQuarter__Normal.webp,Images/Waleetle__1045300__ThreeQuarter__Normal.webp
Waleetle,waleetle,1045300,1045300,,threequarter,sparkling-1,Sparkling-01,waleetle__1045300__threequarter__sparkling-1.webp,Waleetle__1045300__ThreeQuarter__Sparkling-01.webp,Images/Waleetle__1045300__ThreeQuarter__Sparkling-01.webp
Waleetle,waleetle,1045300,1045300,,threequarter,sparkling-2,Sparkling-02,waleetle__1045300__threequarter__sparkling-2.webp,Waleetle__1045300__ThreeQuarter__Sparkling-02.webp,Images/Waleetle__1045300__ThreeQuarter__Sparkling-02.webp
Waleetle,waleetle,1045300,1045300,,threequarter,sparkling-3,Sparkling-03,waleetle__1045300__threequarter__sparkling-3.webp,Waleetle__1045300__ThreeQuarter__Sparkling-03.webp,Images/Waleetle__1045300__ThreeQuarter__Sparkling-03.webp
Waleetle,waleetle,1045300,1045300,,threequarter,sparkling-4,Sparkling-04,waleetle__1045300__threequarter__sparkling-4.webp,Waleetle__1045300__ThreeQuarter__Sparkling-04.webp,Images/Waleetle__1045300__ThreeQuarter__Sparkling-04.webp
Waleetle,waleetle,1045300,1045300,,threequarter,sparkling-5,Sparkling-05,waleetle__1045300__threequarter__sparkling-5.webp,Waleetle__1045300__ThreeQuarter__Sparkling-05.webp,Images/Waleetle__1045300__ThreeQuarter__Sparkling-05.webp
Waleetle,waleetle,1045300,1045300,,threequarter,sparkling-6,Sparkling-06,waleetle__1045300__threequarter__sparkling-6.webp,Waleetle__1045300__ThreeQuarter__Sparkling-06.webp,Images/Waleetle__1045300__ThreeQuarter__Sparkling-06.webp
Waleetle,waleetle,1045300,1045300,,threequarter,sparkling-7,Sparkling-07,waleetle__1045300__threequarter__sparkling-7.webp,Waleetle__1045300__ThreeQuarter__Sparkling-07.webp,Images/Waleetle__1045300__ThreeQuarter__Sparkling-07.webp
Waleetle,waleetle,1045300,1045300,,threequarter,sparkling-8,Sparkling-08,waleetle__1045300__threequarter__sparkling-8.webp,Waleetle__1045300__ThreeQuarter__Sparkling-08.webp,Images/Waleetle__1045300__ThreeQuarter__Sparkling-08.webp
Waleetle,waleetle,1045300,1045300,,threequarter,sparkling-9,Sparkling-09,waleetle__1045300__threequarter__sparkling-9.webp,Waleetle__1045300__ThreeQuarter__Sparkling-09.webp,Images/Waleetle__1045300__ThreeQuarter__Sparkling-09.webp
Waleetle,waleetle,1045300,1045300,,threequarter,sparkling-10,Sparkling-10,waleetle__1045300__threequarter__sparkling-10.webp,Waleetle__1045300__ThreeQuarter__Sparkling-10.webp,Images/Waleetle__1045300__ThreeQuarter__Sparkling-10.webp
Waleetle,waleetle,1045300,1045300,,threequarter,sparkling-11,Sparkling-11,waleetle__1045300__threequarter__sparkling-11.webp,Waleetle__1045300__ThreeQuarter__Sparkling-11.webp,Images/Waleetle__1045300__ThreeQuarter__Sparkling-11.webp
Waleetle,waleetle,1045300,1045300,,threequarter,sparkling-12,Sparkling-12,waleetle__1045300__threequarter__sparkling-12.webp,Waleetle__1045300__ThreeQuarter__Sparkling-12.webp,Images/Waleetle__1045300__ThreeQuarter__Sparkling-12.webp
Waleetle,waleetle,1045300,1045300,,threequarter,umbral,Umbral,waleetle__1045300__threequarter__umbral.webp,Waleetle__1045300__ThreeQuarter__Umbral.webp,Images/Waleetle__1045300__ThreeQuarter__Umbral.webp
Waleetle,waleetle,1045301,1045301,,threequarter,normal,Normal,waleetle__1045301__threequarter__normal.webp,Waleetle__1045301__ThreeQuarter__Normal.webp,Images/Waleetle__1045301__ThreeQuarter__Normal.webp
Waleetle,waleetle,1045301,1045301,,threequarter,sparkling-1,Sparkling-01,waleetle__1045301__threequarter__sparkling-1.webp,Waleetle__1045301__ThreeQuarter__Sparkling-01.webp,Images/Waleetle__1045301__ThreeQuarter__Sparkling-01.webp
Waleetle,waleetle,1045301,1045301,,threequarter,sparkling-2,Sparkling-02,waleetle__1045301__threequarter__sparkling-2.webp,Waleetle__1045301__ThreeQuarter__Sparkling-02.webp,Images/Waleetle__1045301__ThreeQuarter__Sparkling-02.webp
Waleetle,waleetle,1045301,1045301,,threequarter,sparkling-3,Sparkling-03,waleetle__1045301__threequarter__sparkling-3.webp,Waleetle__1045301__ThreeQuarter__Sparkling-03.webp,Images/Waleetle__1045301__ThreeQuarter__Sparkling-03.webp
Waleetle,waleetle,1045301,1045301,,threequarter,sparkling-4,Sparkling-04,waleetle__1045301__threequarter__sparkling-4.webp,Waleetle__1045301__ThreeQuarter__Sparkling-04.webp,Images/Waleetle__1045301__ThreeQuarter__Sparkling-04.webp
Waleetle,waleetle,1045301,1045301,,threequarter,sparkling-5,Sparkling-05,waleetle__1045301__threequarter__sparkling-5.webp,Waleetle__1045301__ThreeQuarter__Sparkling-05.webp,Images/Waleetle__1045301__ThreeQuarter__Sparkling-05.webp
Waleetle,waleetle,1045301,1045301,,threequarter,sparkling-6,Sparkling-06,waleetle__1045301__threequarter__sparkling-6.webp,Waleetle__1045301__ThreeQuarter__Sparkling-06.webp,Images/Waleetle__1045301__ThreeQuarter__Sparkling-06.webp
Waleetle,waleetle,1045301,1045301,,threequarter,sparkling-7,Sparkling-07,waleetle__1045301__threequarter__sparkling-7.webp,Waleetle__1045301__ThreeQuarter__Sparkling-07.webp,Images/Waleetle__1045301__ThreeQuarter__Sparkling-07.webp
Waleetle,waleetle,1045301,1045301,,threequarter,sparkling-8,Sparkling-08,waleetle__1045301__threequarter__sparkling-8.webp,Waleetle__1045301__ThreeQuarter__Sparkling-08.webp,Images/Waleetle__1045301__ThreeQuarter__Sparkling-08.webp
Waleetle,waleetle,1045301,1045301,,threequarter,sparkling-9,Sparkling-09,waleetle__1045301__threequarter__sparkling-9.webp,Waleetle__1045301__ThreeQuarter__Sparkling-09.webp,Images/Waleetle__1045301__ThreeQuarter__Sparkling-09.webp
Waleetle,waleetle,1045301,1045301,,threequarter,sparkling-10,Sparkling-10,waleetle__1045301__threequarter__sparkling-10.webp,Waleetle__1045301__ThreeQuarter__Sparkling-10.webp,Images/Waleetle__1045301__ThreeQuarter__Sparkling-10.webp
Waleetle,waleetle,1045301,1045301,,threequarter,sparkling-11,Sparkling-11,waleetle__1045301__threequarter__sparkling-11.webp,Waleetle__1045301__ThreeQuarter__Sparkling-11.webp,Images/Waleetle__1045301__ThreeQuarter__Sparkling-11.webp
Waleetle,waleetle,1045301,1045301,,threequarter,sparkling-12,Sparkling-12,waleetle__1045301__threequarter__sparkling-12.webp,Waleetle__1045301__ThreeQuarter__Sparkling-12.webp,Images/Waleetle__1045301__ThreeQuarter__Sparkling-12.webp
Waleetle,waleetle,1045301,1045301,,threequarter,umbral,Umbral,waleetle__1045301__threequarter__umbral.webp,Waleetle__1045301__ThreeQuarter__Umbral.webp,Images/Waleetle__1045301__ThreeQuarter__Umbral.webp
Waleetle,waleetle,1045302,1045302,,threequarter,normal,Normal,waleetle__1045302__threequarter__normal.webp,Waleetle__1045302__ThreeQuarter__Normal.webp,Images/Waleetle__1045302__ThreeQuarter__Normal.webp
Waleetle,waleetle,1045302,1045302,,threequarter,sparkling-1,Sparkling-01,waleetle__1045302__threequarter__sparkling-1.webp,Waleetle__1045302__ThreeQuarter__Sparkling-01.webp,Images/Waleetle__1045302__ThreeQuarter__Sparkling-01.webp
Waleetle,waleetle,1045302,1045302,,threequarter,sparkling-2,Sparkling-02,waleetle__1045302__threequarter__sparkling-2.webp,Waleetle__1045302__ThreeQuarter__Sparkling-02.webp,Images/Waleetle__1045302__ThreeQuarter__Sparkling-02.webp
Waleetle,waleetle,1045302,1045302,,threequarter,sparkling-3,Sparkling-03,waleetle__1045302__threequarter__sparkling-3.webp,Waleetle__1045302__ThreeQuarter__Sparkling-03.webp,Images/Waleetle__1045302__ThreeQuarter__Sparkling-03.webp
Waleetle,waleetle,1045302,1045302,,threequarter,sparkling-4,Sparkling-04,waleetle__1045302__threequarter__sparkling-4.webp,Waleetle__1045302__ThreeQuarter__Sparkling-04.webp,Images/Waleetle__1045302__ThreeQuarter__Sparkling-04.webp
Waleetle,waleetle,1045302,1045302,,threequarter,sparkling-5,Sparkling-05,waleetle__1045302__threequarter__sparkling-5.webp,Waleetle__1045302__ThreeQuarter__Sparkling-05.webp,Images/Waleetle__1045302__ThreeQuarter__Sparkling-05.webp
Waleetle,waleetle,1045302,1045302,,threequarter,sparkling-6,Sparkling-06,waleetle__1045302__threequarter__sparkling-6.webp,Waleetle__1045302__ThreeQuarter__Sparkling-06.webp,Images/Waleetle__1045302__ThreeQuarter__Sparkling-06.webp
Waleetle,waleetle,1045302,1045302,,threequarter,sparkling-7,Sparkling-07,waleetle__1045302__threequarter__sparkling-7.webp,Waleetle__1045302__ThreeQuarter__Sparkling-07.webp,Images/Waleetle__1045302__ThreeQuarter__Sparkling-07.webp
Waleetle,waleetle,1045302,1045302,,threequarter,sparkling-8,Sparkling-08,waleetle__1045302__threequarter__sparkling-8.webp,Waleetle__1045302__ThreeQuarter__Sparkling-08.webp,Images/Waleetle__1045302__ThreeQuarter__Sparkling-08.webp
Waleetle,waleetle,1045302,1045302,,threequarter,sparkling-9,Sparkling-09,waleetle__1045302__threequarter__sparkling-9.webp,Waleetle__1045302__ThreeQuarter__Sparkling-09.webp,Images/Waleetle__1045302__ThreeQuarter__Sparkling-09.webp
Waleetle,waleetle,1045302,1045302,,threequarter,sparkling-10,Sparkling-10,waleetle__1045302__threequarter__sparkling-10.webp,Waleetle__1045302__ThreeQuarter__Sparkling-10.webp,Images/Waleetle__1045302__ThreeQuarter__Sparkling-10.webp
Waleetle,waleetle,1045302,1045302,,threequarter,sparkling-11,Sparkling-11,waleetle__1045302__threequarter__sparkling-11.webp,Waleetle__1045302__ThreeQuarter__Sparkling-11.webp,Images/Waleetle__1045302__ThreeQuarter__Sparkling-11.webp
Waleetle,waleetle,1045302,1045302,,threequarter,sparkling-12,Sparkling-12,waleetle__1045302__threequarter__sparkling-12.webp,Waleetle__1045302__ThreeQuarter__Sparkling-12.webp,Images/Waleetle__1045302__ThreeQuarter__Sparkling-12.webp
Wisptis,wisptis,1003100,1003100,,threequarter,normal,Normal,wisptis__1003100__threequarter__normal.webp,Wisptis__1003100__ThreeQuarter__Normal.webp,Images/Wisptis__1003100__ThreeQuarter__Normal.webp
Wisptis,wisptis,1003100,1003100,,threequarter,sparkling-1,Sparkling-01,wisptis__1003100__threequarter__sparkling-1.webp,Wisptis__1003100__ThreeQuarter__Sparkling-01.webp,Images/Wisptis__1003100__ThreeQuarter__Sparkling-01.webp
Wisptis,wisptis,1003100,1003100,,threequarter,sparkling-2,Sparkling-02,wisptis__1003100__threequarter__sparkling-2.webp,Wisptis__1003100__ThreeQuarter__Sparkling-02.webp,Images/Wisptis__1003100__ThreeQuarter__Sparkling-02.webp
Wisptis,wisptis,1003100,1003100,,threequarter,sparkling-3,Sparkling-03,wisptis__1003100__threequarter__sparkling-3.webp,Wisptis__1003100__ThreeQuarter__Sparkling-03.webp,Images/Wisptis__1003100__ThreeQuarter__Sparkling-03.webp
Wisptis,wisptis,1003100,1003100,,threequarter,sparkling-4,Sparkling-04,wisptis__1003100__threequarter__sparkling-4.webp,Wisptis__1003100__ThreeQuarter__Sparkling-04.webp,Images/Wisptis__1003100__ThreeQuarter__Sparkling-04.webp
Wisptis,wisptis,1003100,1003100,,threequarter,sparkling-5,Sparkling-05,wisptis__1003100__threequarter__sparkling-5.webp,Wisptis__1003100__ThreeQuarter__Sparkling-05.webp,Images/Wisptis__1003100__ThreeQuarter__Sparkling-05.webp
Wisptis,wisptis,1003100,1003100,,threequarter,sparkling-6,Sparkling-06,wisptis__1003100__threequarter__sparkling-6.webp,Wisptis__1003100__ThreeQuarter__Sparkling-06.webp,Images/Wisptis__1003100__ThreeQuarter__Sparkling-06.webp
Wisptis,wisptis,1003100,1003100,,threequarter,sparkling-7,Sparkling-07,wisptis__1003100__threequarter__sparkling-7.webp,Wisptis__1003100__ThreeQuarter__Sparkling-07.webp,Images/Wisptis__1003100__ThreeQuarter__Sparkling-07.webp
Wisptis,wisptis,1003100,1003100,,threequarter,sparkling-8,Sparkling-08,wisptis__1003100__threequarter__sparkling-8.webp,Wisptis__1003100__ThreeQuarter__Sparkling-08.webp,Images/Wisptis__1003100__ThreeQuarter__Sparkling-08.webp
Wisptis,wisptis,1003100,1003100,,threequarter,sparkling-9,Sparkling-09,wisptis__1003100__threequarter__sparkling-9.webp,Wisptis__1003100__ThreeQuarter__Sparkling-09.webp,Images/Wisptis__1003100__ThreeQuarter__Sparkling-09.webp
Wisptis,wisptis,1003100,1003100,,threequarter,sparkling-10,Sparkling-10,wisptis__1003100__threequarter__sparkling-10.webp,Wisptis__1003100__ThreeQuarter__Sparkling-10.webp,Images/Wisptis__1003100__ThreeQuarter__Sparkling-10.webp
Wisptis,wisptis,1003100,1003100,,threequarter,sparkling-11,Sparkling-11,wisptis__1003100__threequarter__sparkling-11.webp,Wisptis__1003100__ThreeQuarter__Sparkling-11.webp,Images/Wisptis__1003100__ThreeQuarter__Sparkling-11.webp
Wisptis,wisptis,1003100,1003100,,threequarter,sparkling-12,Sparkling-12,wisptis__1003100__threequarter__sparkling-12.webp,Wisptis__1003100__ThreeQuarter__Sparkling-12.webp,Images/Wisptis__1003100__ThreeQuarter__Sparkling-12.webp
Wisptis,wisptis,1003100,1003100,,threequarter,umbral,Umbral,wisptis__1003100__threequarter__umbral.webp,Wisptis__1003100__ThreeQuarter__Umbral.webp,Images/Wisptis__1003100__ThreeQuarter__Umbral.webp
Wisptis,wisptis,1003101,1003101,,threequarter,normal,Normal,wisptis__1003101__threequarter__normal.webp,Wisptis__1003101__ThreeQuarter__Normal.webp,Images/Wisptis__1003101__ThreeQuarter__Normal.webp
Wisptis,wisptis,1003101,1003101,,threequarter,sparkling-1,Sparkling-01,wisptis__1003101__threequarter__sparkling-1.webp,Wisptis__1003101__ThreeQuarter__Sparkling-01.webp,Images/Wisptis__1003101__ThreeQuarter__Sparkling-01.webp
Wisptis,wisptis,1003101,1003101,,threequarter,sparkling-2,Sparkling-02,wisptis__1003101__threequarter__sparkling-2.webp,Wisptis__1003101__ThreeQuarter__Sparkling-02.webp,Images/Wisptis__1003101__ThreeQuarter__Sparkling-02.webp
Wisptis,wisptis,1003101,1003101,,threequarter,sparkling-3,Sparkling-03,wisptis__1003101__threequarter__sparkling-3.webp,Wisptis__1003101__ThreeQuarter__Sparkling-03.webp,Images/Wisptis__1003101__ThreeQuarter__Sparkling-03.webp
Wisptis,wisptis,1003101,1003101,,threequarter,sparkling-4,Sparkling-04,wisptis__1003101__threequarter__sparkling-4.webp,Wisptis__1003101__ThreeQuarter__Sparkling-04.webp,Images/Wisptis__1003101__ThreeQuarter__Sparkling-04.webp
Wisptis,wisptis,1003101,1003101,,threequarter,sparkling-5,Sparkling-05,wisptis__1003101__threequarter__sparkling-5.webp,Wisptis__1003101__ThreeQuarter__Sparkling-05.webp,Images/Wisptis__1003101__ThreeQuarter__Sparkling-05.webp
Wisptis,wisptis,1003101,1003101,,threequarter,sparkling-6,Sparkling-06,wisptis__1003101__threequarter__sparkling-6.webp,Wisptis__1003101__ThreeQuarter__Sparkling-06.webp,Images/Wisptis__1003101__ThreeQuarter__Sparkling-06.webp
Wisptis,wisptis,1003101,1003101,,threequarter,sparkling-7,Sparkling-07,wisptis__1003101__threequarter__sparkling-7.webp,Wisptis__1003101__ThreeQuarter__Sparkling-07.webp,Images/Wisptis__1003101__ThreeQuarter__Sparkling-07.webp
Wisptis,wisptis,1003101,1003101,,threequarter,sparkling-8,Sparkling-08,wisptis__1003101__threequarter__sparkling-8.webp,Wisptis__1003101__ThreeQuarter__Sparkling-08.webp,Images/Wisptis__1003101__ThreeQuarter__Sparkling-08.webp
Wisptis,wisptis,1003101,1003101,,threequarter,sparkling-9,Sparkling-09,wisptis__1003101__threequarter__sparkling-9.webp,Wisptis__1003101__ThreeQuarter__Sparkling-09.webp,Images/Wisptis__1003101__ThreeQuarter__Sparkling-09.webp
Wisptis,wisptis,1003101,1003101,,threequarter,sparkling-10,Sparkling-10,wisptis__1003101__threequarter__sparkling-10.webp,Wisptis__1003101__ThreeQuarter__Sparkling-10.webp,Images/Wisptis__1003101__ThreeQuarter__Sparkling-10.webp
Wisptis,wisptis,1003101,1003101,,threequarter,sparkling-11,Sparkling-11,wisptis__1003101__threequarter__sparkling-11.webp,Wisptis__1003101__ThreeQuarter__Sparkling-11.webp,Images/Wisptis__1003101__ThreeQuarter__Sparkling-11.webp
Wisptis,wisptis,1003101,1003101,,threequarter,sparkling-12,Sparkling-12,wisptis__1003101__threequarter__sparkling-12.webp,Wisptis__1003101__ThreeQuarter__Sparkling-12.webp,Images/Wisptis__1003101__ThreeQuarter__Sparkling-12.webp
Wisptis,wisptis,1003101,1003101,,threequarter,umbral,Umbral,wisptis__1003101__threequarter__umbral.webp,Wisptis__1003101__ThreeQuarter__Umbral.webp,Images/Wisptis__1003101__ThreeQuarter__Umbral.webp
Wisptis,wisptis,1003103,1003103,,threequarter,normal,Normal,wisptis__1003103__threequarter__normal.webp,Wisptis__1003103__ThreeQuarter__Normal.webp,Images/Wisptis__1003103__ThreeQuarter__Normal.webp
Wisptis,wisptis,1003103,1003103,,threequarter,sparkling-1,Sparkling-01,wisptis__1003103__threequarter__sparkling-1.webp,Wisptis__1003103__ThreeQuarter__Sparkling-01.webp,Images/Wisptis__1003103__ThreeQuarter__Sparkling-01.webp
Wisptis,wisptis,1003103,1003103,,threequarter,sparkling-2,Sparkling-02,wisptis__1003103__threequarter__sparkling-2.webp,Wisptis__1003103__ThreeQuarter__Sparkling-02.webp,Images/Wisptis__1003103__ThreeQuarter__Sparkling-02.webp
Wisptis,wisptis,1003103,1003103,,threequarter,sparkling-3,Sparkling-03,wisptis__1003103__threequarter__sparkling-3.webp,Wisptis__1003103__ThreeQuarter__Sparkling-03.webp,Images/Wisptis__1003103__ThreeQuarter__Sparkling-03.webp
Wisptis,wisptis,1003103,1003103,,threequarter,sparkling-4,Sparkling-04,wisptis__1003103__threequarter__sparkling-4.webp,Wisptis__1003103__ThreeQuarter__Sparkling-04.webp,Images/Wisptis__1003103__ThreeQuarter__Sparkling-04.webp
Wisptis,wisptis,1003103,1003103,,threequarter,sparkling-5,Sparkling-05,wisptis__1003103__threequarter__sparkling-5.webp,Wisptis__1003103__ThreeQuarter__Sparkling-05.webp,Images/Wisptis__1003103__ThreeQuarter__Sparkling-05.webp
Wisptis,wisptis,1003103,1003103,,threequarter,sparkling-6,Sparkling-06,wisptis__1003103__threequarter__sparkling-6.webp,Wisptis__1003103__ThreeQuarter__Sparkling-06.webp,Images/Wisptis__1003103__ThreeQuarter__Sparkling-06.webp
Wisptis,wisptis,1003103,1003103,,threequarter,sparkling-7,Sparkling-07,wisptis__1003103__threequarter__sparkling-7.webp,Wisptis__1003103__ThreeQuarter__Sparkling-07.webp,Images/Wisptis__1003103__ThreeQuarter__Sparkling-07.webp
Wisptis,wisptis,1003103,1003103,,threequarter,sparkling-8,Sparkling-08,wisptis__1003103__threequarter__sparkling-8.webp,Wisptis__1003103__ThreeQuarter__Sparkling-08.webp,Images/Wisptis__1003103__ThreeQuarter__Sparkling-08.webp
Wisptis,wisptis,1003103,1003103,,threequarter,sparkling-9,Sparkling-09,wisptis__1003103__threequarter__sparkling-9.webp,Wisptis__1003103__ThreeQuarter__Sparkling-09.webp,Images/Wisptis__1003103__ThreeQuarter__Sparkling-09.webp
Wisptis,wisptis,1003103,1003103,,threequarter,sparkling-10,Sparkling-10,wisptis__1003103__threequarter__sparkling-10.webp,Wisptis__1003103__ThreeQuarter__Sparkling-10.webp,Images/Wisptis__1003103__ThreeQuarter__Sparkling-10.webp
Wisptis,wisptis,1003103,1003103,,threequarter,sparkling-11,Sparkling-11,wisptis__1003103__threequarter__sparkling-11.webp,Wisptis__1003103__ThreeQuarter__Sparkling-11.webp,Images/Wisptis__1003103__ThreeQuarter__Sparkling-11.webp
Wisptis,wisptis,1003103,1003103,,threequarter,sparkling-12,Sparkling-12,wisptis__1003103__threequarter__sparkling-12.webp,Wisptis__1003103__ThreeQuarter__Sparkling-12.webp,Images/Wisptis__1003103__ThreeQuarter__Sparkling-12.webp
Wisptis,wisptis,1003103,1003103,,threequarter,umbral,Umbral,wisptis__1003103__threequarter__umbral.webp,Wisptis__1003103__ThreeQuarter__Umbral.webp,Images/Wisptis__1003103__ThreeQuarter__Umbral.webp
Witchin,witchin,1020300,1020300,,threequarter,normal,Normal,witchin__1020300__threequarter__normal.webp,Witchin__1020300__ThreeQuarter__Normal.webp,Images/Witchin__1020300__ThreeQuarter__Normal.webp
Witchin,witchin,1020300,1020300,,threequarter,sparkling-1,Sparkling-01,witchin__1020300__threequarter__sparkling-1.webp,Witchin__1020300__ThreeQuarter__Sparkling-01.webp,Images/Witchin__1020300__ThreeQuarter__Sparkling-01.webp
Witchin,witchin,1020300,1020300,,threequarter,sparkling-2,Sparkling-02,witchin__1020300__threequarter__sparkling-2.webp,Witchin__1020300__ThreeQuarter__Sparkling-02.webp,Images/Witchin__1020300__ThreeQuarter__Sparkling-02.webp
Witchin,witchin,1020300,1020300,,threequarter,sparkling-3,Sparkling-03,witchin__1020300__threequarter__sparkling-3.webp,Witchin__1020300__ThreeQuarter__Sparkling-03.webp,Images/Witchin__1020300__ThreeQuarter__Sparkling-03.webp
Witchin,witchin,1020300,1020300,,threequarter,sparkling-4,Sparkling-04,witchin__1020300__threequarter__sparkling-4.webp,Witchin__1020300__ThreeQuarter__Sparkling-04.webp,Images/Witchin__1020300__ThreeQuarter__Sparkling-04.webp
Witchin,witchin,1020300,1020300,,threequarter,sparkling-5,Sparkling-05,witchin__1020300__threequarter__sparkling-5.webp,Witchin__1020300__ThreeQuarter__Sparkling-05.webp,Images/Witchin__1020300__ThreeQuarter__Sparkling-05.webp
Witchin,witchin,1020300,1020300,,threequarter,sparkling-6,Sparkling-06,witchin__1020300__threequarter__sparkling-6.webp,Witchin__1020300__ThreeQuarter__Sparkling-06.webp,Images/Witchin__1020300__ThreeQuarter__Sparkling-06.webp
Witchin,witchin,1020300,1020300,,threequarter,sparkling-7,Sparkling-07,witchin__1020300__threequarter__sparkling-7.webp,Witchin__1020300__ThreeQuarter__Sparkling-07.webp,Images/Witchin__1020300__ThreeQuarter__Sparkling-07.webp
Witchin,witchin,1020300,1020300,,threequarter,sparkling-8,Sparkling-08,witchin__1020300__threequarter__sparkling-8.webp,Witchin__1020300__ThreeQuarter__Sparkling-08.webp,Images/Witchin__1020300__ThreeQuarter__Sparkling-08.webp
Witchin,witchin,1020300,1020300,,threequarter,sparkling-9,Sparkling-09,witchin__1020300__threequarter__sparkling-9.webp,Witchin__1020300__ThreeQuarter__Sparkling-09.webp,Images/Witchin__1020300__ThreeQuarter__Sparkling-09.webp
Witchin,witchin,1020300,1020300,,threequarter,sparkling-10,Sparkling-10,witchin__1020300__threequarter__sparkling-10.webp,Witchin__1020300__ThreeQuarter__Sparkling-10.webp,Images/Witchin__1020300__ThreeQuarter__Sparkling-10.webp
Witchin,witchin,1020300,1020300,,threequarter,sparkling-11,Sparkling-11,witchin__1020300__threequarter__sparkling-11.webp,Witchin__1020300__ThreeQuarter__Sparkling-11.webp,Images/Witchin__1020300__ThreeQuarter__Sparkling-11.webp
Witchin,witchin,1020300,1020300,,threequarter,sparkling-12,Sparkling-12,witchin__1020300__threequarter__sparkling-12.webp,Witchin__1020300__ThreeQuarter__Sparkling-12.webp,Images/Witchin__1020300__ThreeQuarter__Sparkling-12.webp
Witchin,witchin,1020300,1020300,,threequarter,umbral,Umbral,witchin__1020300__threequarter__umbral.webp,Witchin__1020300__ThreeQuarter__Umbral.webp,Images/Witchin__1020300__ThreeQuarter__Umbral.webp
Witchin,witchin,1020301,1020301,,threequarter,normal,Normal,witchin__1020301__threequarter__normal.webp,Witchin__1020301__ThreeQuarter__Normal.webp,Images/Witchin__1020301__ThreeQuarter__Normal.webp
Witchin,witchin,1020301,1020301,,threequarter,sparkling-1,Sparkling-01,witchin__1020301__threequarter__sparkling-1.webp,Witchin__1020301__ThreeQuarter__Sparkling-01.webp,Images/Witchin__1020301__ThreeQuarter__Sparkling-01.webp
Witchin,witchin,1020301,1020301,,threequarter,sparkling-2,Sparkling-02,witchin__1020301__threequarter__sparkling-2.webp,Witchin__1020301__ThreeQuarter__Sparkling-02.webp,Images/Witchin__1020301__ThreeQuarter__Sparkling-02.webp
Witchin,witchin,1020301,1020301,,threequarter,sparkling-3,Sparkling-03,witchin__1020301__threequarter__sparkling-3.webp,Witchin__1020301__ThreeQuarter__Sparkling-03.webp,Images/Witchin__1020301__ThreeQuarter__Sparkling-03.webp
Witchin,witchin,1020301,1020301,,threequarter,sparkling-4,Sparkling-04,witchin__1020301__threequarter__sparkling-4.webp,Witchin__1020301__ThreeQuarter__Sparkling-04.webp,Images/Witchin__1020301__ThreeQuarter__Sparkling-04.webp
Witchin,witchin,1020301,1020301,,threequarter,sparkling-5,Sparkling-05,witchin__1020301__threequarter__sparkling-5.webp,Witchin__1020301__ThreeQuarter__Sparkling-05.webp,Images/Witchin__1020301__ThreeQuarter__Sparkling-05.webp
Witchin,witchin,1020301,1020301,,threequarter,sparkling-6,Sparkling-06,witchin__1020301__threequarter__sparkling-6.webp,Witchin__1020301__ThreeQuarter__Sparkling-06.webp,Images/Witchin__1020301__ThreeQuarter__Sparkling-06.webp
Witchin,witchin,1020301,1020301,,threequarter,sparkling-7,Sparkling-07,witchin__1020301__threequarter__sparkling-7.webp,Witchin__1020301__ThreeQuarter__Sparkling-07.webp,Images/Witchin__1020301__ThreeQuarter__Sparkling-07.webp
Witchin,witchin,1020301,1020301,,threequarter,sparkling-8,Sparkling-08,witchin__1020301__threequarter__sparkling-8.webp,Witchin__1020301__ThreeQuarter__Sparkling-08.webp,Images/Witchin__1020301__ThreeQuarter__Sparkling-08.webp
Witchin,witchin,1020301,1020301,,threequarter,sparkling-9,Sparkling-09,witchin__1020301__threequarter__sparkling-9.webp,Witchin__1020301__ThreeQuarter__Sparkling-09.webp,Images/Witchin__1020301__ThreeQuarter__Sparkling-09.webp
Witchin,witchin,1020301,1020301,,threequarter,sparkling-10,Sparkling-10,witchin__1020301__threequarter__sparkling-10.webp,Witchin__1020301__ThreeQuarter__Sparkling-10.webp,Images/Witchin__1020301__ThreeQuarter__Sparkling-10.webp
Witchin,witchin,1020301,1020301,,threequarter,sparkling-11,Sparkling-11,witchin__1020301__threequarter__sparkling-11.webp,Witchin__1020301__ThreeQuarter__Sparkling-11.webp,Images/Witchin__1020301__ThreeQuarter__Sparkling-11.webp
Witchin,witchin,1020301,1020301,,threequarter,sparkling-12,Sparkling-12,witchin__1020301__threequarter__sparkling-12.webp,Witchin__1020301__ThreeQuarter__Sparkling-12.webp,Images/Witchin__1020301__ThreeQuarter__Sparkling-12.webp
Witchin,witchin,1020301,1020301,,threequarter,umbral,Umbral,witchin__1020301__threequarter__umbral.webp,Witchin__1020301__ThreeQuarter__Umbral.webp,Images/Witchin__1020301__ThreeQuarter__Umbral.webp
Witchin,witchin,1020302,1020302,,threequarter,normal,Normal,witchin__1020302__threequarter__normal.webp,Witchin__1020302__ThreeQuarter__Normal.webp,Images/Witchin__1020302__ThreeQuarter__Normal.webp
Witchin,witchin,1020302,1020302,,threequarter,sparkling-1,Sparkling-01,witchin__1020302__threequarter__sparkling-1.webp,Witchin__1020302__ThreeQuarter__Sparkling-01.webp,Images/Witchin__1020302__ThreeQuarter__Sparkling-01.webp
Witchin,witchin,1020302,1020302,,threequarter,sparkling-2,Sparkling-02,witchin__1020302__threequarter__sparkling-2.webp,Witchin__1020302__ThreeQuarter__Sparkling-02.webp,Images/Witchin__1020302__ThreeQuarter__Sparkling-02.webp
Witchin,witchin,1020302,1020302,,threequarter,sparkling-3,Sparkling-03,witchin__1020302__threequarter__sparkling-3.webp,Witchin__1020302__ThreeQuarter__Sparkling-03.webp,Images/Witchin__1020302__ThreeQuarter__Sparkling-03.webp
Witchin,witchin,1020302,1020302,,threequarter,sparkling-4,Sparkling-04,witchin__1020302__threequarter__sparkling-4.webp,Witchin__1020302__ThreeQuarter__Sparkling-04.webp,Images/Witchin__1020302__ThreeQuarter__Sparkling-04.webp
Witchin,witchin,1020302,1020302,,threequarter,sparkling-5,Sparkling-05,witchin__1020302__threequarter__sparkling-5.webp,Witchin__1020302__ThreeQuarter__Sparkling-05.webp,Images/Witchin__1020302__ThreeQuarter__Sparkling-05.webp
Witchin,witchin,1020302,1020302,,threequarter,sparkling-6,Sparkling-06,witchin__1020302__threequarter__sparkling-6.webp,Witchin__1020302__ThreeQuarter__Sparkling-06.webp,Images/Witchin__1020302__ThreeQuarter__Sparkling-06.webp
Witchin,witchin,1020302,1020302,,threequarter,sparkling-7,Sparkling-07,witchin__1020302__threequarter__sparkling-7.webp,Witchin__1020302__ThreeQuarter__Sparkling-07.webp,Images/Witchin__1020302__ThreeQuarter__Sparkling-07.webp
Witchin,witchin,1020302,1020302,,threequarter,sparkling-8,Sparkling-08,witchin__1020302__threequarter__sparkling-8.webp,Witchin__1020302__ThreeQuarter__Sparkling-08.webp,Images/Witchin__1020302__ThreeQuarter__Sparkling-08.webp
Witchin,witchin,1020302,1020302,,threequarter,sparkling-9,Sparkling-09,witchin__1020302__threequarter__sparkling-9.webp,Witchin__1020302__ThreeQuarter__Sparkling-09.webp,Images/Witchin__1020302__ThreeQuarter__Sparkling-09.webp
Witchin,witchin,1020302,1020302,,threequarter,sparkling-10,Sparkling-10,witchin__1020302__threequarter__sparkling-10.webp,Witchin__1020302__ThreeQuarter__Sparkling-10.webp,Images/Witchin__1020302__ThreeQuarter__Sparkling-10.webp
Witchin,witchin,1020302,1020302,,threequarter,sparkling-11,Sparkling-11,witchin__1020302__threequarter__sparkling-11.webp,Witchin__1020302__ThreeQuarter__Sparkling-11.webp,Images/Witchin__1020302__ThreeQuarter__Sparkling-11.webp
Witchin,witchin,1020302,1020302,,threequarter,sparkling-12,Sparkling-12,witchin__1020302__threequarter__sparkling-12.webp,Witchin__1020302__ThreeQuarter__Sparkling-12.webp,Images/Witchin__1020302__ThreeQuarter__Sparkling-12.webp
